ID,Z_0,Z_1,Z_2,Z_3,Z_4,Z_5,Z_6,Z_7,Z_8,Z_9,LinkerPrimerSequence,ReversePrimer,barcode,Plate,WellPosition,mice_name,date,date_month,number,age (weeks),ignore_kit,group,death,metabolomics,death_date,death_age_week,death_age_month
14-0_5-20,-0.024236701,0.014814116,0.014975652,0.16241306,0.118829064,-0.26962495,-0.19297332,-0.23201072,0.08712649,0.12078439,TATGGTAATTGTGTGCCAGCMGCCGCGGTAA,ATTAGAWACCCBDGTAGTCCGGCTGACTGACT,CAGTCCCTGCAC,5,6G,Agf14-m0,130520,05_20,1,15.0,na,group1,no,Yes,na,na,na
14-0_7-20,-0.14124937,0.22033995,0.0016435608,0.16102122,0.01695995,-0.31804526,-0.22280383,-0.056834884,0.0036729574,0.077709585,TATGGTAATTGTGTGCCAGCMGCCGCGGTAA,ATTAGAWACCCBDGTAGTCCGGCTGACTGACT,ATGTTAGGGAAT,5,1A,Agf14-m0,720,07_20,2,23.14285714,na,group1,no,No,na,na,na
14-1_5-20,-0.095670715,0.11016594,-0.042858038,0.058030486,0.01706838,-0.33530942,-0.11589997,-0.15248662,0.04559108,0.15970045,TATGGTAATTGTGTGCCAGCMGCCGCGGTAA,ATTAGAWACCCBDGTAGTCCGGCTGACTGACT,GCCCTTCCCGTG,5,12C,Agf14-m1,130520,05_20,1,15.0,na,group1,yes,Yes,05_21,69,17
14-1_7-20,-0.1684055,0.099592015,0.0960468,0.14769891,0.11962152,-0.3024909,-0.23751304,-0.1446894,0.019197814,0.037457053,TATGGTAATTGTGTGCCAGCMGCCGCGGTAA,ATTAGAWACCCBDGTAGTCCGGCTGACTGACT,TGGTGGAGTTTC,3,6C,Agf14-m1,720,07_20,2,23.14285714,na,group1,yes,No,05_21,69,17
14-2_5-20,-0.09475459,0.13098669,-0.002727002,0.079746716,0.09526923,-0.2059778,-0.16730419,-0.30804312,0.17075518,0.22761883,TATGGTAATTGTGTGCCAGCMGCCGCGGTAA,ATTAGAWACCCBDGTAGTCCGGCTGACTGACT,CAGACCGGACGA,7,2E,Agf14-m2,130520,05_20,1,15.0,na,group1,no,Yes,na,na,na
14-2_7-20,0.06574136,0.27514157,-0.28171182,0.122814715,0.01672572,-0.08527553,-0.26295295,-0.4945643,0.24533318,0.29862452,TATGGTAATTGTGTGCCAGCMGCCGCGGTAA,ATTAGAWACCCBDGTAGTCCGGCTGACTGACT,ATAAACGGACAT,5,1H,Agf14-m2,720,07_20,2,23.14285714,na,group1,no,No,na,na,na
15-0_5-20,0.18168017,0.43978205,-0.45369712,0.054676473,-0.24491192,-0.06761321,-0.16205095,-0.5687711,0.24316731,0.37447858,TATGGTAATTGTGTGCCAGCMGCCGCGGTAA,ATTAGAWACCCBDGTAGTCCGGCTGACTGACT,TATACCGCTGCG,5,8B,Agf15-m0,130520,05_20,1,15.0,na,group1,no,No,na,na,na
15-0_7-20,-0.12338118,0.039573424,0.036884807,-0.045880854,-0.053264,-0.424965,-0.089842066,-0.12956561,0.06662214,0.04061504,TATGGTAATTGTGTGCCAGCMGCCGCGGTAA,ATTAGAWACCCBDGTAGTCCGGCTGACTGACT,AGCCCGCAAAGG,6,11B,Agf15-m0,720,07_20,2,23.14285714,na,group1,no,No,na,na,na
15-1_5-20,0.008798551,0.16119704,0.011010334,-0.052228615,-0.08010655,-0.3816471,-0.16851395,-0.089971475,-0.0316803,0.16578843,TATGGTAATTGTGTGCCAGCMGCCGCGGTAA,ATTAGAWACCCBDGTAGTCCGGCTGACTGACT,TGAGTGGTCTGT,1,8F,Agf15-m1,130520,05_20,1,15.0,na,group1,no,Yes,na,na,na
15-1_7-20,-0.10886497,0.11043769,0.045830786,0.05710277,0.021342084,-0.3418529,-0.19697529,-0.080451325,0.03394816,0.0952196,TATGGTAATTGTGTGCCAGCMGCCGCGGTAA,ATTAGAWACCCBDGTAGTCCGGCTGACTGACT,CACGTTTATTCC,1,11B,Agf15-m1,720,07_20,2,23.14285714,na,group1,no,No,na,na,na
16-0_7-20,-0.034091562,0.062115625,0.004402429,0.05737202,0.073816955,-0.25138834,-0.18218985,-0.25184417,0.05055865,0.11883162,TATGGTAATTGTGTGCCAGCMGCCGCGGTAA,ATTAGAWACCCBDGTAGTCCGGCTGACTGACT,CTGGTGCTGAAT,5,8D,Agf16-m0,720,07_20,2,23.14285714,na,group1,yes,No,05_21,62,15
16-1_5-20,0.053550962,0.38392013,-0.23771185,0.054601952,-0.20986442,-0.29467404,-0.27244097,-0.25920486,0.14493187,0.29951218,TATGGTAATTGTGTGCCAGCMGCCGCGGTAA,ATTAGAWACCCBDGTAGTCCGGCTGACTGACT,CTACCGATTGCG,6,2A,Agf16-m1,130520,05_20,1,15.0,na,group1,no,No,na,na,na
16-1_7-20,9.1426075e-05,0.18392172,0.055202544,-0.06117539,-0.018713426,-0.333511,-0.1662129,-0.053510204,0.021035075,0.15715986,TATGGTAATTGTGTGCCAGCMGCCGCGGTAA,ATTAGAWACCCBDGTAGTCCGGCTGACTGACT,GAGCGCCGAACA,6,12B,Agf16-m1,720,07_20,2,23.14285714,na,group1,no,No,na,na,na
16-2_5-20,-0.0352806,0.27807376,-0.12352194,-0.016706288,-0.14072044,-0.32710528,-0.1367267,-0.15029132,0.02108863,0.2069429,TATGGTAATTGTGTGCCAGCMGCCGCGGTAA,ATTAGAWACCCBDGTAGTCCGGCTGACTGACT,TCATTCCACTCA,7,6H,Agf16-m2,130520,05_20,1,15.0,na,group1,no,No,na,na,na
16-2_7-20,-0.039532468,0.092554174,0.095071815,0.05497703,0.12780672,-0.27862364,-0.17452143,-0.11350744,0.07866621,0.16017291,TATGGTAATTGTGTGCCAGCMGCCGCGGTAA,ATTAGAWACCCBDGTAGTCCGGCTGACTGACT,AACGCTTCTTAT,5,12H,Agf16-m2,720,07_20,2,23.14285714,na,group1,no,No,na,na,na
18-0_5-20,-0.10284987,0.31387892,-0.089207426,0.102398336,-0.06174016,-0.28155094,-0.12638982,0.07730838,0.079999864,0.058060277,TATGGTAATTGTGTGCCAGCMGCCGCGGTAA,ATTAGAWACCCBDGTAGTCCGGCTGACTGACT,AGAGCGGAACAA,5,2D,Agf18-m0,130520,05_20,1,14.42857143,na,group1,no,No,na,na,na
18-0_7-20,-0.1941614,0.29883838,-0.06846963,0.26436418,0.068379246,-0.31492937,-0.022958651,0.09445094,0.114502445,0.032172482,TATGGTAATTGTGTGCCAGCMGCCGCGGTAA,ATTAGAWACCCBDGTAGTCCGGCTGACTGACT,TAAATATACCCT,1,2G,Agf18-m0,720,07_20,2,22.57142857,na,group1,no,No,na,na,na
18-1_5-20,0.060466055,0.20003772,0.06618405,-0.09569089,-0.071345426,-0.3464835,-0.14772153,0.17737854,-0.054363996,-0.06605008,TATGGTAATTGTGTGCCAGCMGCCGCGGTAA,ATTAGAWACCCBDGTAGTCCGGCTGACTGACT,GCTAGTTATGGA,5,2A,Agf18-m1,130520,05_20,1,14.42857143,na,group1,no,Yes,na,na,na
18-1_7-20,0.24739973,0.29216474,-0.24273208,-0.11148845,-0.22660156,-0.18735272,-0.18370005,-0.37130314,0.21521151,0.26014486,TATGGTAATTGTGTGCCAGCMGCCGCGGTAA,ATTAGAWACCCBDGTAGTCCGGCTGACTGACT,ATTTGGCTCTTA,5,4A,Agf18-m1,720,07_20,2,22.57142857,na,group1,no,No,na,na,na
18-2_5-20,0.025229122,0.34610984,0.0014199764,-0.012308985,-0.15637663,-0.25383234,0.035519183,0.21041727,0.03371287,-0.030895956,TATGGTAATTGTGTGCCAGCMGCCGCGGTAA,ATTAGAWACCCBDGTAGTCCGGCTGACTGACT,CTGAGGCCCTTC,5,7H,Agf18-m2,130520,05_20,1,14.42857143,na,group1,no,Yes,na,na,na
18-2_7-20,-0.11758573,0.10646379,0.048259906,0.12818329,0.112275615,-0.38047722,-0.19323064,-0.11089131,-0.006103754,0.08161461,TATGGTAATTGTGTGCCAGCMGCCGCGGTAA,ATTAGAWACCCBDGTAGTCCGGCTGACTGACT,AGGACAAACTAT,5,11B,Agf18-m2,720,07_20,2,22.57142857,na,group1,no,No,na,na,na
19-0_5-20,-0.09584011,0.26631245,-0.04760641,-0.017325804,-0.006812503,-0.3084119,-0.059006967,-0.07413703,0.19404,0.15524568,TATGGTAATTGTGTGCCAGCMGCCGCGGTAA,ATTAGAWACCCBDGTAGTCCGGCTGACTGACT,ACATACTGAGCA,1,6E,Agf19-m0,130520,05_20,2,22.57142857,na,group1,yes,No,09_20,53,13
19-0_7-20,-0.030661786,0.19872221,-0.14266294,0.21959753,0.0030065626,-0.2944206,-0.24198163,-0.16803057,0.042649962,0.16828872,TATGGTAATTGTGTGCCAGCMGCCGCGGTAA,ATTAGAWACCCBDGTAGTCCGGCTGACTGACT,CATGATTAAGAG,6,3G,Agf19-m0,720,07_20,2,22.57142857,na,group1,yes,No,09_20,53,13
19-1_5-20,-0.1617495,0.07473548,0.10756796,0.1371934,0.19516766,-0.40021795,-0.15950443,0.010446526,0.0042991936,-0.0061693955,TATGGTAATTGTGTGCCAGCMGCCGCGGTAA,ATTAGAWACCCBDGTAGTCCGGCTGACTGACT,AGCTCTAGAAAC,2,3C,Agf19-m1,130520,05_20,1,14.42857143,na,group1,no,No,na,na,na
19-1_7-20,0.0023200996,0.20310186,0.027687564,0.0048742294,-0.0732025,-0.4006252,-0.24368574,-0.03488209,-0.07234225,0.12540329,TATGGTAATTGTGTGCCAGCMGCCGCGGTAA,ATTAGAWACCCBDGTAGTCCGGCTGACTGACT,AATCTCTATAAC,7,9D,Agf19-m1,720,07_20,2,22.57142857,na,group1,no,No,na,na,na
19-2_5-20,0.2529884,0.4469268,-0.39009216,0.038336053,-0.15519087,-0.10156423,-0.23690286,-0.57845765,0.3097915,0.36505884,TATGGTAATTGTGTGCCAGCMGCCGCGGTAA,ATTAGAWACCCBDGTAGTCCGGCTGACTGACT,CTGTACTTCTAA,7,10F,Agf19-m2,130520,05_20,1,14.42857143,na,group1,no,No,na,na,na
19-2_7-20,-0.01141569,0.09330896,-0.014068693,0.10132848,0.10316728,-0.07082995,-0.14011185,-0.108090915,0.2191174,-0.048810437,TATGGTAATTGTGTGCCAGCMGCCGCGGTAA,ATTAGAWACCCBDGTAGTCCGGCTGACTGACT,GCGATGGCGATG,6,3E,Agf19-m2,720,07_20,2,22.57142857,na,group1,no,No,na,na,na
20-0_5-20,0.037476357,0.22573823,-0.05994435,0.16147448,-0.00129297,-0.28836405,-0.171945,-0.11801435,0.0831151,0.19504839,TATGGTAATTGTGTGCCAGCMGCCGCGGTAA,ATTAGAWACCCBDGTAGTCCGGCTGACTGACT,CCTGCACCTGCA,5,10B,Agf20-m0,130520,05_20,1,14.42857143,na,group1,no,Yes,na,na,na
20-0_7-20,-0.25251642,0.116873905,0.08086944,0.24354704,0.1035189,-0.5143805,-0.047105968,0.13892797,-0.08880171,-0.029646356,TATGGTAATTGTGTGCCAGCMGCCGCGGTAA,ATTAGAWACCCBDGTAGTCCGGCTGACTGACT,GAACAAAGAGCG,6,6F,Agf20-m0,720,07_20,2,22.57142857,na,group1,no,No,na,na,na
20-1_5-20,0.029592674,0.28100845,-0.11746409,0.17821656,0.02736778,-0.28979287,-0.13752387,-0.18127123,0.16059029,0.28048226,TATGGTAATTGTGTGCCAGCMGCCGCGGTAA,ATTAGAWACCCBDGTAGTCCGGCTGACTGACT,TCCACAGGGTTC,2,7B,Agf20-m1,130520,05_20,1,14.42857143,na,group1,yes,Yes,01_20,49,12
20-2_5-20,-0.012906961,0.16258675,-0.08409909,0.09075897,0.064998776,-0.24978343,-0.119092874,-0.25429627,0.1277903,0.18677874,TATGGTAATTGTGTGCCAGCMGCCGCGGTAA,ATTAGAWACCCBDGTAGTCCGGCTGACTGACT,TTCCACACGTGG,3,11D,Agf20-m2,130520,05_20,1,14.42857143,na,group1,no,No,na,na,na
20-2_7-20,0.11275546,0.18805099,-0.21233335,0.07168625,0.009147826,-0.20867874,-0.21257362,-0.40493587,0.15294705,0.22134076,TATGGTAATTGTGTGCCAGCMGCCGCGGTAA,ATTAGAWACCCBDGTAGTCCGGCTGACTGACT,TAGGTAACCGAT,7,12A,Agf20-m2,720,07_20,2,22.57142857,na,group1,no,No,na,na,na
21-0_5-20,0.09254274,0.11046341,-0.099920884,0.02643682,0.05186382,-0.26267293,-0.078457884,-0.24253763,0.19611451,0.15333837,TATGGTAATTGTGTGCCAGCMGCCGCGGTAA,ATTAGAWACCCBDGTAGTCCGGCTGACTGACT,GTCCCAGTCCCA,7,3B,Agf21-m0,130520,05_20,1,14.42857143,na,group1,no,No,na,na,na
21-0_7-20,-0.05782198,0.35809302,-0.16634236,0.1465054,-0.002385484,-0.10922925,-0.14905818,-0.17914197,0.27454546,0.088734955,TATGGTAATTGTGTGCCAGCMGCCGCGGTAA,ATTAGAWACCCBDGTAGTCCGGCTGACTGACT,AGATCGTGCCTA,2,7C,Agf21-m0,720,07_20,2,22.57142857,na,group1,no,No,na,na,na
21-1_5-20,-0.038335353,0.092711546,0.069353975,0.10826975,0.19437504,-0.28056854,-0.19961238,-0.10787362,0.089398906,0.06710741,TATGGTAATTGTGTGCCAGCMGCCGCGGTAA,ATTAGAWACCCBDGTAGTCCGGCTGACTGACT,GGCTCGTCGGAG,5,1E,Agf21-m1,130520,05_20,1,14.42857143,na,group1,yes,Yes,04_21,61,15
21-1_7-20,-0.022411387,0.2637018,0.02799432,0.15631224,0.17349468,-0.22620052,-0.15254077,-0.05744307,0.19381437,0.042304683,TATGGTAATTGTGTGCCAGCMGCCGCGGTAA,ATTAGAWACCCBDGTAGTCCGGCTGACTGACT,AGTAAAGATCGT,1,3E,Agf21-m1,720,07_20,2,22.57142857,na,group1,yes,No,04_21,61,15
21-2_5-20,0.025769684,0.315712,-0.11360158,0.11780803,0.09783359,-0.1071004,-0.15919404,-0.19328062,0.2985734,0.13717718,TATGGTAATTGTGTGCCAGCMGCCGCGGTAA,ATTAGAWACCCBDGTAGTCCGGCTGACTGACT,GCGCTTAGAATA,5,11E,Agf21-m2,130520,05_20,1,14.42857143,na,group1,no,Yes,na,na,na
21-2_7-20,-0.09841934,0.22191188,0.090461574,0.16289712,0.18620065,-0.19330277,-0.18418817,-0.105074406,0.1758598,0.04191641,TATGGTAATTGTGTGCCAGCMGCCGCGGTAA,ATTAGAWACCCBDGTAGTCCGGCTGACTGACT,GAACGATCATGT,5,5E,Agf21-m2,720,07_20,2,22.57142857,na,group1,no,No,na,na,na
22-0_5-20,-0.09409985,0.32287997,-0.008175224,0.044158846,0.03328701,-0.33339888,-0.1231415,0.033030458,0.07909024,-0.00592155,TATGGTAATTGTGTGCCAGCMGCCGCGGTAA,ATTAGAWACCCBDGTAGTCCGGCTGACTGACT,TATTCTACATGA,7,8C,Agf22-m0,130520,05_20,1,14.42857143,na,group1,no,Yes,na,na,na
22-0_7-20,-0.07426664,0.19025485,0.037464276,0.18727073,0.084052175,-0.37236303,-0.26153147,-0.009034537,-0.08474152,0.049627144,TATGGTAATTGTGTGCCAGCMGCCGCGGTAA,ATTAGAWACCCBDGTAGTCCGGCTGACTGACT,CAGCCCTACCCA,3,11H,Agf22-m0,720,07_20,2,22.57142857,na,group1,no,No,na,na,na
22-1_5-20,-0.10976324,0.19336464,0.050920576,0.07924796,0.12797959,-0.3363396,-0.19937034,-0.15957558,0.09660724,0.12852836,TATGGTAATTGTGTGCCAGCMGCCGCGGTAA,ATTAGAWACCCBDGTAGTCCGGCTGACTGACT,GTCATTGGGCTA,6,9B,Agf22-m1,130520,05_20,1,14.42857143,na,group1,no,Yes,na,na,na
22-1_7-20,0.041484606,0.32758847,-0.18468583,0.15298739,0.0030192398,-0.12889151,-0.13868265,-0.19783497,0.2458064,0.1547327,TATGGTAATTGTGTGCCAGCMGCCGCGGTAA,ATTAGAWACCCBDGTAGTCCGGCTGACTGACT,TGCACAGTCGCT,1,5G,Agf22-m1,720,07_20,2,22.57142857,na,group1,no,No,na,na,na
23-0_5-20,-0.1755641,0.10853823,0.037578546,0.21621153,0.12687145,-0.36217856,-0.05338315,-0.07795668,0.08068596,0.045747165,TATGGTAATTGTGTGCCAGCMGCCGCGGTAA,ATTAGAWACCCBDGTAGTCCGGCTGACTGACT,CCTAAGAGCATC,6,12A,Agf23-m0,130520,05_20,1,14.42857143,na,group1,no,Yes,na,na,na
23-0_7-20,-0.10906081,0.09521164,0.028376758,0.16025329,0.1572197,-0.3186794,-0.10637902,-0.11944162,0.08459414,0.09552638,TATGGTAATTGTGTGCCAGCMGCCGCGGTAA,ATTAGAWACCCBDGTAGTCCGGCTGACTGACT,TATTTGATTGGT,1,11G,Agf23-m0,720,07_20,2,22.57142857,na,group1,no,No,na,na,na
23-1_5-20,-0.06703392,0.22594938,-0.13921112,0.09793067,0.06752103,-0.3940841,-0.18822962,-0.27561596,0.11922019,0.34790856,TATGGTAATTGTGTGCCAGCMGCCGCGGTAA,ATTAGAWACCCBDGTAGTCCGGCTGACTGACT,GAATCTGACAAC,4,5C,Agf23-m1,130520,05_20,1,14.42857143,na,group1,no,Yes,na,na,na
23-1_7-20,-0.08727423,0.17627914,-0.035320297,0.2115396,0.09351641,-0.29464087,-0.13944666,-0.049538873,0.082724914,0.037878763,TATGGTAATTGTGTGCCAGCMGCCGCGGTAA,ATTAGAWACCCBDGTAGTCCGGCTGACTGACT,GGTCCTTCCCGA,7,2D,Agf23-m1,720,07_20,2,22.57142857,na,group1,no,No,na,na,na
23-2_5-20,-0.08668267,0.03902659,-0.06358038,0.1490654,0.1241319,-0.26885045,-0.07481018,-0.34162116,0.16459973,0.20153344,TATGGTAATTGTGTGCCAGCMGCCGCGGTAA,ATTAGAWACCCBDGTAGTCCGGCTGACTGACT,CAAAGGAGCCCG,2,4G,Agf23-m2,130520,05_20,1,14.42857143,na,group1,no,Yes,na,na,na
23-2_7-20,-0.18666928,0.0803153,0.023745626,0.12745404,0.068894,-0.4097533,-0.10124396,-0.09305936,-0.011687055,0.07247269,TATGGTAATTGTGTGCCAGCMGCCGCGGTAA,ATTAGAWACCCBDGTAGTCCGGCTGACTGACT,TCGTCTGATATT,7,12D,Agf23-m2,720,07_20,2,22.57142857,na,group1,no,No,na,na,na
24-0_5-20,0.026823211,0.14782867,-0.030433599,-0.04488963,-0.02037524,-0.31664258,-0.06475705,-0.17921364,0.12085531,0.150999,TATGGTAATTGTGTGCCAGCMGCCGCGGTAA,ATTAGAWACCCBDGTAGTCCGGCTGACTGACT,GCATTACTGGAC,5,10G,Agf24-m0,130520,05_20,1,14.14285714,na,group1,yes,Yes,05_21,68,17
24-0_7-20,-0.123100564,0.4588505,-0.20412427,0.04889428,-0.25859028,-0.34947467,-0.094671205,-0.05021882,0.057596937,0.15959242,TATGGTAATTGTGTGCCAGCMGCCGCGGTAA,ATTAGAWACCCBDGTAGTCCGGCTGACTGACT,GAAGAGGGTTGA,1,7F,Agf24-m0,720,07_20,2,22.28571429,na,group1,yes,No,05_21,68,17
24-1_5-20,0.006730389,0.19791842,0.027412958,0.035428546,0.13093595,-0.2824794,-0.12900078,-0.15840618,0.17469633,0.2090502,TATGGTAATTGTGTGCCAGCMGCCGCGGTAA,ATTAGAWACCCBDGTAGTCCGGCTGACTGACT,CTGTCTATACTA,1,3C,Agf24-m1,130520,05_20,1,14.14285714,na,group1,no,Yes,na,na,na
24-1_7-20,-0.02473602,0.267235,-0.08377169,0.037486218,0.06284882,-0.45585433,-0.11363031,-0.15167448,0.009386085,0.12260324,TATGGTAATTGTGTGCCAGCMGCCGCGGTAA,ATTAGAWACCCBDGTAGTCCGGCTGACTGACT,CTTACACTGCTT,5,9B,Agf24-m1,720,07_20,2,22.28571429,na,group1,no,No,na,na,na
24-2_5-20,0.008782458,0.26517075,-0.078281716,0.0061012805,0.032937847,-0.29904193,-0.18930191,-0.30619583,0.29534835,0.27330226,TATGGTAATTGTGTGCCAGCMGCCGCGGTAA,ATTAGAWACCCBDGTAGTCCGGCTGACTGACT,TCCGACCCGATC,7,1C,Agf24-m2,130520,05_20,1,14.14285714,na,group1,yes,Yes,05_21,68,17
24-2_7-20,-0.024140377,0.24953464,-0.10237159,-0.038325742,-0.16459166,-0.19772106,-0.023890883,-0.08462668,0.14806369,0.0416745,TATGGTAATTGTGTGCCAGCMGCCGCGGTAA,ATTAGAWACCCBDGTAGTCCGGCTGACTGACT,GTTAACTTACTA,3,2H,Agf24-m2,720,07_20,2,22.28571429,na,group1,yes,No,05_21,68,17
25-0_5-20,0.15334012,0.25665644,-0.08408274,-0.07787351,-0.066194475,-0.2800213,-0.17510608,-0.2258001,0.12665756,0.24528144,TATGGTAATTGTGTGCCAGCMGCCGCGGTAA,ATTAGAWACCCBDGTAGTCCGGCTGACTGACT,ACACACCCTGAC,3,7H,Agf25-m0,130520,05_20,1,14.14285714,na,group1,no,Yes,na,na,na
25-0_7-20,-0.046472903,0.27625534,-0.05376447,0.0038268268,-0.10162771,-0.3520447,-0.1086959,-0.09220048,0.041866332,0.15841517,TATGGTAATTGTGTGCCAGCMGCCGCGGTAA,ATTAGAWACCCBDGTAGTCCGGCTGACTGACT,CACATTCTATAA,7,3F,Agf25-m0,720,07_20,2,22.28571429,na,group1,no,No,na,na,na
25-1_5-20,-0.028643323,0.33073947,-0.0698419,0.11739074,-0.11016457,-0.38404265,-0.048608594,0.055842094,0.06809127,0.18619297,TATGGTAATTGTGTGCCAGCMGCCGCGGTAA,ATTAGAWACCCBDGTAGTCCGGCTGACTGACT,AGTTCTCATTAA,3,10C,Agf25-m1,130520,05_20,1,14.14285714,na,group1,yes,No,05_21,61,15
25-1_7-20,-0.009493705,0.33084235,-0.11971611,0.052941218,-0.15139773,-0.36688137,-0.21195394,-0.15144001,0.020242281,0.20802274,TATGGTAATTGTGTGCCAGCMGCCGCGGTAA,ATTAGAWACCCBDGTAGTCCGGCTGACTGACT,TAGGCGGTAGGC,7,6G,Agf25-m1,720,07_20,2,22.28571429,na,group1,yes,No,05_21,61,15
25-2_5-20,0.10734911,0.19308622,-0.06309812,-0.096570835,0.009497561,-0.37593812,-0.09867192,-0.26990086,0.12098498,0.22204168,TATGGTAATTGTGTGCCAGCMGCCGCGGTAA,ATTAGAWACCCBDGTAGTCCGGCTGACTGACT,GAGAGGGATCAC,6,6A,Agf25-m2,130520,05_20,1,14.14285714,na,group1,no,No,na,na,na
25-2_7-20,-0.045968216,0.19246434,0.04692018,-0.042202964,0.06155689,-0.20850219,-0.13311857,0.021934502,0.11342668,-0.09879251,TATGGTAATTGTGTGCCAGCMGCCGCGGTAA,ATTAGAWACCCBDGTAGTCCGGCTGACTGACT,ACTCTTACTTAG,1,12H,Agf25-m2,720,07_20,2,22.28571429,na,group1,no,No,na,na,na
26-0_5-20,0.096221656,0.37174416,-0.29560575,-0.0014896989,-0.1951021,-0.32312056,-0.115803845,-0.2720347,0.047050364,0.2081636,TATGGTAATTGTGTGCCAGCMGCCGCGGTAA,ATTAGAWACCCBDGTAGTCCGGCTGACTGACT,GAGCCATCTGTA,3,11C,Agf26-m0,130520,05_20,1,14.14285714,na,group1,no,No,na,na,na
26-0_7-20,-0.17864898,0.24502295,-0.049090922,0.12721738,-0.071899936,-0.46008927,-0.1244908,-0.047925614,-0.038772672,0.09429316,TATGGTAATTGTGTGCCAGCMGCCGCGGTAA,ATTAGAWACCCBDGTAGTCCGGCTGACTGACT,CAAATGGTCGTC,6,9E,Agf26-m0,720,07_20,2,22.28571429,na,group1,no,No,na,na,na
26-1_5-20,0.12516235,0.16976193,-0.14326769,0.020134106,0.007930594,-0.1160343,-0.14597291,-0.43453637,0.2698147,0.28698707,TATGGTAATTGTGTGCCAGCMGCCGCGGTAA,ATTAGAWACCCBDGTAGTCCGGCTGACTGACT,CCTCCGTCATGG,2,12B,Agf26-m1,130520,05_20,1,14.14285714,na,group1,yes,No,05_21,68,17
26-1_7-20,-0.11915375,0.15490432,0.041146062,0.06790895,0.09765177,-0.44472972,-0.03604556,-0.06381041,0.02932319,0.13674496,TATGGTAATTGTGTGCCAGCMGCCGCGGTAA,ATTAGAWACCCBDGTAGTCCGGCTGACTGACT,TCTTATAACGCT,3,8G,Agf26-m1,720,07_20,2,22.28571429,na,group1,yes,No,05_21,68,17
27-0_5-20,-0.16726695,0.24397707,-0.0027078092,0.18149176,-0.021444414,-0.4847816,-0.12718719,0.019965343,-0.07648003,0.12068927,TATGGTAATTGTGTGCCAGCMGCCGCGGTAA,ATTAGAWACCCBDGTAGTCCGGCTGACTGACT,GGTAGTTCATAG,2,7H,Agf27-m0,130520,05_20,1,13.42857143,na,group1,no,Yes,na,na,na
27-0_7-20,-0.023645286,0.16242252,0.02296631,0.1841375,0.037364654,-0.34347057,-0.20254855,-0.034258887,-0.008072853,0.10798703,TATGGTAATTGTGTGCCAGCMGCCGCGGTAA,ATTAGAWACCCBDGTAGTCCGGCTGACTGACT,TGCTACAGACGT,4,10A,Agf27-m0,720,07_20,2,21.57142857,na,group1,no,No,na,na,na
27-1_5-20,-0.10801783,0.25715494,-0.080509536,0.14647985,-0.008637188,-0.40169483,-0.1277881,-0.18899074,0.023359276,0.20999293,TATGGTAATTGTGTGCCAGCMGCCGCGGTAA,ATTAGAWACCCBDGTAGTCCGGCTGACTGACT,CATTTCGCACTT,2,9C,Agf27-m1,130520,05_20,1,13.42857143,na,group1,no,No,na,na,na
27-1_7-20,-0.047285568,0.2256625,-0.12406012,0.21346244,0.036553048,-0.34748238,-0.22562751,-0.24821189,0.05817777,0.18181853,TATGGTAATTGTGTGCCAGCMGCCGCGGTAA,ATTAGAWACCCBDGTAGTCCGGCTGACTGACT,AGCCAGTCATAC,7,4B,Agf27-m1,720,07_20,2,21.57142857,na,group1,no,No,na,na,na
27-2_5-20,0.029957678,0.22458567,-0.013446618,0.16898903,0.14158228,-0.3547017,-0.24001019,-0.1831357,0.03662409,0.20164585,TATGGTAATTGTGTGCCAGCMGCCGCGGTAA,ATTAGAWACCCBDGTAGTCCGGCTGACTGACT,GTTCGAGTGAAT,4,7F,Agf27-m2,130520,05_20,1,13.42857143,na,group1,no,No,na,na,na
27-2_7-20,-0.0767118,0.10965501,0.0030074492,0.2746789,0.18131918,-0.34295428,-0.074777655,-0.029258437,0.045415796,-0.0021518506,TATGGTAATTGTGTGCCAGCMGCCGCGGTAA,ATTAGAWACCCBDGTAGTCCGGCTGACTGACT,AGAGGGTGATCG,2,2C,Agf27-m2,720,07_20,2,21.57142857,na,group1,no,No,na,na,na
28-0_5-20,-0.14454338,0.25950745,-0.11053351,0.15971018,-0.00037088897,-0.341636,-0.11474648,-0.25619656,0.13732184,0.25857076,TATGGTAATTGTGTGCCAGCMGCCGCGGTAA,ATTAGAWACCCBDGTAGTCCGGCTGACTGACT,TTAAGTTAAGTT,2,5H,Agf28-m0,130520,05_20,1,12.42857143,na,group1,no,Yes,na,na,na
28-0_7-20,-0.04950318,0.19959784,-0.06688374,0.11747897,0.01885761,-0.3433776,-0.11434685,-0.1481592,0.092908636,0.13469505,TATGGTAATTGTGTGCCAGCMGCCGCGGTAA,ATTAGAWACCCBDGTAGTCCGGCTGACTGACT,TCGCTACAGATG,3,6F,Agf28-m0,720,07_20,2,20.57142857,na,group1,no,No,na,na,na
28-1_5-20,0.2010455,0.35179803,-0.24041906,0.0026189387,-0.1312461,-0.22915998,-0.28570896,-0.42119265,0.17091164,0.23457296,TATGGTAATTGTGTGCCAGCMGCCGCGGTAA,ATTAGAWACCCBDGTAGTCCGGCTGACTGACT,AAGGGTTAGTCT,7,1H,Agf28-m1,130520,05_20,1,12.42857143,na,group1,no,No,na,na,na
28-1_7-20,0.11507338,0.49347657,-0.31127623,0.01483196,-0.24912837,-0.2145049,-0.17463909,-0.34664038,0.19747023,0.3493622,TATGGTAATTGTGTGCCAGCMGCCGCGGTAA,ATTAGAWACCCBDGTAGTCCGGCTGACTGACT,CTGGTAAGTCCA,7,8A,Agf28-m1,720,07_20,2,20.57142857,na,group1,no,No,na,na,na
29-0_5-20,-0.036999114,0.23623565,-0.074238494,0.08317329,-0.06080816,-0.46583608,-0.15441903,-0.16122393,-0.05428846,0.24983202,TATGGTAATTGTGTGCCAGCMGCCGCGGTAA,ATTAGAWACCCBDGTAGTCCGGCTGACTGACT,CCGGCCGCGTGC,3,5G,Agf29-m0,130520,05_20,1,12.42857143,na,group1,no,Yes,na,na,na
29-0_7-20,0.118637815,0.1916947,-0.13932179,0.032572977,-0.003783134,-0.16572498,-0.13834955,-0.38702285,0.2409803,0.28440747,TATGGTAATTGTGTGCCAGCMGCCGCGGTAA,ATTAGAWACCCBDGTAGTCCGGCTGACTGACT,CACTAGACCCAC,7,3C,Agf29-m0,720,07_20,2,20.57142857,na,group1,no,No,na,na,na
29-1_5-20,-0.06836774,0.16877125,0.019712113,0.10225519,0.023896715,-0.38800597,-0.23160613,-0.13634332,0.0015093088,0.16063339,TATGGTAATTGTGTGCCAGCMGCCGCGGTAA,ATTAGAWACCCBDGTAGTCCGGCTGACTGACT,CTACAGGGTCTC,2,1A,Agf29-m1,130520,05_20,1,12.42857143,na,group1,no,Yes,na,na,na
29-1_7-20,-0.04958027,0.20064223,-0.05427231,0.11083935,0.0721292,-0.3449114,-0.24923891,-0.2618482,0.03888499,0.20628145,TATGGTAATTGTGTGCCAGCMGCCGCGGTAA,ATTAGAWACCCBDGTAGTCCGGCTGACTGACT,CTTGATTCTTGA,1,10C,Agf29-m1,720,07_20,2,20.57142857,na,group1,no,No,na,na,na
29-2_5-20,0.15625513,0.3208509,-0.21087968,0.11041261,-0.07716688,-0.22858511,-0.22275664,-0.3164398,0.16185519,0.34383634,TATGGTAATTGTGTGCCAGCMGCCGCGGTAA,ATTAGAWACCCBDGTAGTCCGGCTGACTGACT,ATCAAGATACGC,5,7G,Agf29-m2,130520,05_20,1,12.42857143,na,group1,yes,Yes,05_21,59,15
29-2_7-20,-0.14836971,0.167579,0.0330054,0.1839316,0.056037597,-0.38772202,-0.23726822,0.0054213777,-0.039435804,0.064193174,TATGGTAATTGTGTGCCAGCMGCCGCGGTAA,ATTAGAWACCCBDGTAGTCCGGCTGACTGACT,GCCTACTCTCGG,4,3H,Agf29-m2,720,07_20,2,20.57142857,na,group1,no,No,na,na,na
30-0_5-20,0.07185125,0.2486662,-0.22412863,0.19241002,0.009279819,-0.2726194,-0.23298034,-0.35198432,0.19426203,0.27243805,TATGGTAATTGTGTGCCAGCMGCCGCGGTAA,ATTAGAWACCCBDGTAGTCCGGCTGACTGACT,CATAAGGGAGGC,4,1D,Agf30-m0,130520,05_20,1,7.0,na,group2,yes,Yes,05_21,61,15
30-0_7-20,0.121040255,0.29841164,-0.2276732,-0.07098402,-0.1915899,-0.37640283,-0.31168234,-0.43020228,0.08906658,0.18255864,TATGGTAATTGTGTGCCAGCMGCCGCGGTAA,ATTAGAWACCCBDGTAGTCCGGCTGACTGACT,TACACGCTGATG,7,6C,Agf30-m0,720,07_20,2,15.14285714,na,group2,yes,No,05_21,61,15
30-1_5-20,0.09214488,0.3000375,-0.1437884,0.15951921,0.026049102,-0.28465083,-0.17465246,-0.22353843,0.098533764,0.24786864,TATGGTAATTGTGTGCCAGCMGCCGCGGTAA,ATTAGAWACCCBDGTAGTCCGGCTGACTGACT,TTAATGGATCGG,2,8E,Agf30-m1,130520,05_20,1,7.0,na,group2,no,Yes,na,na,na
30-1_7-20,0.014811795,0.2091845,-0.13792029,0.22921321,0.09576921,-0.1887689,-0.17938326,-0.12700886,0.13648719,-0.02449904,TATGGTAATTGTGTGCCAGCMGCCGCGGTAA,ATTAGAWACCCBDGTAGTCCGGCTGACTGACT,TCTTGCGGAGTC,3,11B,Agf30-m1,720,07_20,2,15.14285714,na,group2,no,Yes,na,na,na
30-2_5-20,0.124069825,0.35451612,-0.15248594,0.027629659,-0.06097921,-0.22741677,-0.14030097,-0.276967,0.25393972,0.26388633,TATGGTAATTGTGTGCCAGCMGCCGCGGTAA,ATTAGAWACCCBDGTAGTCCGGCTGACTGACT,TTATCCAGTCCT,4,5E,Agf30-m2,130520,05_20,1,7.0,na,group2,yes,No,05_21,61,15
30-2_7-20,-0.05370374,0.23379335,-0.008186113,0.20725651,0.100999914,-0.2924438,-0.20746487,-0.10466235,0.092017934,0.16539946,TATGGTAATTGTGTGCCAGCMGCCGCGGTAA,ATTAGAWACCCBDGTAGTCCGGCTGACTGACT,GCCTAGCCCAAT,5,6B,Agf30-m2,720,07_20,2,15.14285714,na,group2,yes,Yes,05_21,61,15
31-0_7-20,-0.01957694,0.30991164,-0.20108733,0.15740713,-0.016783409,-0.21704614,-0.25829262,-0.27461538,0.14412786,0.13288653,TATGGTAATTGTGTGCCAGCMGCCGCGGTAA,ATTAGAWACCCBDGTAGTCCGGCTGACTGACT,GACGTTAAGAAT,3,5C,Agf31-m0,720,07_20,2,15.14285714,na,group2,no,No,na,na,na
31-1_5-20,-0.16059944,0.21338391,-0.007888049,0.18495193,-0.018860584,-0.46466437,-0.083709285,0.035147853,-0.059860647,0.139287,TATGGTAATTGTGTGCCAGCMGCCGCGGTAA,ATTAGAWACCCBDGTAGTCCGGCTGACTGACT,GCTGAGCCTTTG,4,8G,Agf31-m1,130520,05_20,1,7.0,na,group2,yes,Yes,05_21,54,14
31-1_7-20,0.100956336,0.42903358,-0.2565682,0.059222445,-0.11818389,-0.23397385,-0.24599397,-0.3992378,0.24965847,0.32229066,TATGGTAATTGTGTGCCAGCMGCCGCGGTAA,ATTAGAWACCCBDGTAGTCCGGCTGACTGACT,AGCAGTGCGGTG,2,4D,Agf31-m1,720,07_20,2,15.14285714,na,group2,yes,No,05_21,54,14
31-2_5-20,0.06858754,0.23075064,-0.1005014,0.23665759,0.100892864,-0.24972612,-0.28625077,-0.28760925,0.1254396,0.26249683,TATGGTAATTGTGTGCCAGCMGCCGCGGTAA,ATTAGAWACCCBDGTAGTCCGGCTGACTGACT,GCAACGAACGAG,2,11C,Agf31-m2,130520,05_20,1,7.0,na,group2,no,Yes,na,na,na
31-2_7-20,-0.08793491,0.20666835,-0.08232315,0.20619129,0.023694435,-0.27303547,0.060461044,0.11939,0.20552684,-0.018107958,TATGGTAATTGTGTGCCAGCMGCCGCGGTAA,ATTAGAWACCCBDGTAGTCCGGCTGACTGACT,AACTTTCAGGAG,3,8A,Agf31-m2,720,07_20,2,15.14285714,na,group2,no,Yes,na,na,na
32-0_5-20,0.07786776,0.46529368,-0.16190234,0.04867763,-0.096690446,-0.33543748,-0.056674376,-0.08315875,0.2836058,0.27189052,TATGGTAATTGTGTGCCAGCMGCCGCGGTAA,ATTAGAWACCCBDGTAGTCCGGCTGACTGACT,CTTATAGAGAAG,7,8H,Agf32-m0,130520,05_20,1,6.428571429,na,group2,no,Yes,na,na,na
32-0_7-20,-0.10572183,0.17494547,-0.15807569,0.14519374,0.052650563,-0.14150485,-0.09408976,-0.12518008,0.21083054,0.10274649,TATGGTAATTGTGTGCCAGCMGCCGCGGTAA,ATTAGAWACCCBDGTAGTCCGGCTGACTGACT,CGGGACACCCGA,1,2C,Agf32-m0,720,07_20,2,14.57142857,na,group2,no,Yes,na,na,na
32-1_5-20,-0.07557025,0.154428,0.017419256,0.094313115,0.100320175,-0.28272033,0.011541039,-0.07100581,0.16220051,0.059068564,TATGGTAATTGTGTGCCAGCMGCCGCGGTAA,ATTAGAWACCCBDGTAGTCCGGCTGACTGACT,TTGCGACAAAGT,6,6B,Agf32-m1,130520,05_20,1,6.428571429,na,group2,no,No,na,na,na
32-1_7-20,0.10836521,0.2903661,-0.0816077,0.06422982,-0.03041764,-0.2625124,-0.24504113,-0.17923519,0.14530748,0.21599041,TATGGTAATTGTGTGCCAGCMGCCGCGGTAA,ATTAGAWACCCBDGTAGTCCGGCTGACTGACT,AATCTTGCGCCG,1,9D,Agf32-m1,720,07_20,2,14.57142857,na,group2,no,Yes,na,na,na
32-2_5-20,0.1763224,0.18765838,-0.049268022,0.04606431,0.08579363,-0.26493943,-0.08646995,-0.18383433,0.19278108,0.2445529,TATGGTAATTGTGTGCCAGCMGCCGCGGTAA,ATTAGAWACCCBDGTAGTCCGGCTGACTGACT,ACTGTTTACTGT,4,2C,Agf32-m2,130520,05_20,1,6.428571429,na,group2,no,Yes,na,na,na
32-2_7-20,-0.2785337,0.15700786,0.08470323,0.19624662,0.06817216,-0.5243092,-0.045616858,0.13881975,-0.092953995,-0.041369557,TATGGTAATTGTGTGCCAGCMGCCGCGGTAA,ATTAGAWACCCBDGTAGTCCGGCTGACTGACT,ACATCAGGTCAC,7,1E,Agf32-m2,720,07_20,2,14.57142857,na,group2,no,No,na,na,na
33-0_5-20,0.005053673,0.27676654,-0.06626205,0.12071151,0.024406323,-0.3207422,-0.17036302,-0.2099285,0.1089659,0.28795266,TATGGTAATTGTGTGCCAGCMGCCGCGGTAA,ATTAGAWACCCBDGTAGTCCGGCTGACTGACT,CTTGGAGGCTTA,2,2A,Agf33-m0,130520,05_20,1,6.428571429,na,group2,no,Yes,na,na,na
33-0_7-20,-0.0024549477,0.21603453,-0.04170252,0.15835984,0.011974603,-0.35031378,-0.37567222,-0.04594662,-0.08058573,-0.028845103,TATGGTAATTGTGTGCCAGCMGCCGCGGTAA,ATTAGAWACCCBDGTAGTCCGGCTGACTGACT,TCATGGCCTCCG,2,2E,Agf33-m0,720,07_20,2,14.57142857,na,group2,no,Yes,na,na,na
33-1_5-20,-0.078141235,0.16267438,-0.002229564,0.11262396,0.20577118,-0.26240584,-0.09003537,-0.20620045,0.2145872,0.106921285,TATGGTAATTGTGTGCCAGCMGCCGCGGTAA,ATTAGAWACCCBDGTAGTCCGGCTGACTGACT,GTCAGTATGGCT,4,12C,Agf33-m1,130520,05_20,1,6.428571429,na,group2,yes,No,07_21,69,17
33-1_7-20,-0.0681348,0.16301832,-0.0050587878,0.1596156,0.093358696,-0.23897988,-0.23786932,-0.15871252,0.09771137,0.14043657,TATGGTAATTGTGTGCCAGCMGCCGCGGTAA,ATTAGAWACCCBDGTAGTCCGGCTGACTGACT,CAGTCTAGTACG,4,6F,Agf33-m1,720,07_20,2,14.57142857,na,group2,yes,Yes,07_21,69,17
33-2_5-20,0.104779124,0.22526076,-0.122173086,-0.0051861107,0.20917082,-0.3213045,-0.0027998984,-0.2753915,0.12844546,0.261596,TATGGTAATTGTGTGCCAGCMGCCGCGGTAA,ATTAGAWACCCBDGTAGTCCGGCTGACTGACT,AACCACTAACCG,3,7A,Agf33-m2,130520,05_20,1,6.428571429,na,group2,no,No,na,na,na
33-2_7-20,-0.07145648,0.15190001,0.10342295,0.06796754,0.14925265,-0.33689344,-0.11594466,0.005008444,0.047198683,0.02335982,TATGGTAATTGTGTGCCAGCMGCCGCGGTAA,ATTAGAWACCCBDGTAGTCCGGCTGACTGACT,ACTAGTTGGACC,5,2B,Agf33-m2,720,07_20,2,14.57142857,na,group2,no,No,na,na,na
34-0_5-20,0.07926647,0.11959243,-0.110279545,0.17269158,0.14717226,-0.18587768,-0.27472144,-0.24153891,0.04992625,0.19528295,TATGGTAATTGTGTGCCAGCMGCCGCGGTAA,ATTAGAWACCCBDGTAGTCCGGCTGACTGACT,TCCATACCGGAA,1,2A,Agf34-m0,130520,05_20,1,6.857142857,na,group2,yes,Yes,05_21,54,13
34-0_7-20,0.20945342,0.16867004,-0.038119435,-0.07222423,-0.048304766,-0.18521237,-0.19801182,-0.23825437,0.15552051,0.20005937,TATGGTAATTGTGTGCCAGCMGCCGCGGTAA,ATTAGAWACCCBDGTAGTCCGGCTGACTGACT,CTGCGGATATAC,5,2F,Agf34-m0,720,07_20,2,15.0,na,group2,yes,Yes,05_21,54,13
34-1_5-20,0.22854142,0.4330748,-0.37358484,0.060272485,-0.19682299,-0.15966532,-0.27531374,-0.36454302,0.17984653,0.26781863,TATGGTAATTGTGTGCCAGCMGCCGCGGTAA,ATTAGAWACCCBDGTAGTCCGGCTGACTGACT,CGCACCCATACA,1,10H,Agf34-m1,130520,05_20,1,6.857142857,na,group2,no,No,na,na,na
34-1_7-20,0.07859866,0.20916131,0.0034054741,0.15220225,0.12476811,-0.10802799,-0.1944606,-0.07057689,0.19129394,0.13400805,TATGGTAATTGTGTGCCAGCMGCCGCGGTAA,ATTAGAWACCCBDGTAGTCCGGCTGACTGACT,TATCATATTACG,2,3A,Agf34-m1,720,07_20,2,15.0,na,group2,no,Yes,na,na,na
35-0_5-20,0.18364301,0.52159524,-0.3328155,0.04025927,-0.26145795,-0.17762452,-0.26863813,-0.40490824,0.19978839,0.37605262,TATGGTAATTGTGTGCCAGCMGCCGCGGTAA,ATTAGAWACCCBDGTAGTCCGGCTGACTGACT,CGGGTCCTCTTG,7,11B,Agf35-m0,130520,05_20,1,6.857142857,na,group2,no,No,na,na,na
35-0_7-20,0.07493438,0.2560578,-0.009525668,0.020455092,-0.03496643,-0.26602173,-0.22595513,-0.058927987,0.05255837,0.15226081,TATGGTAATTGTGTGCCAGCMGCCGCGGTAA,ATTAGAWACCCBDGTAGTCCGGCTGACTGACT,TCAGTCAGATGA,5,6E,Agf35-m0,720,07_20,2,15.0,na,group2,no,Yes,na,na,na
35-1_5-20,0.13589932,0.07625458,-0.09422373,-0.020375311,-0.031372987,-0.2504309,-0.27852678,-0.31132898,0.04066661,0.16124651,TATGGTAATTGTGTGCCAGCMGCCGCGGTAA,ATTAGAWACCCBDGTAGTCCGGCTGACTGACT,TGACGAGGGCTG,6,7G,Agf35-m1,130520,05_20,1,6.857142857,na,group2,no,Yes,na,na,na
35-1_7-20,0.0884148,0.16880378,-0.06090869,0.09187015,0.10999403,-0.15453784,-0.12512365,-0.23469013,0.24106333,0.17484497,TATGGTAATTGTGTGCCAGCMGCCGCGGTAA,ATTAGAWACCCBDGTAGTCCGGCTGACTGACT,GCGAGGAAGTCC,3,3A,Agf35-m1,720,07_20,2,15.0,na,group2,no,No,na,na,na
35-2_5-20,0.20886926,0.45531532,-0.30772477,-0.03255838,-0.29564208,-0.27129912,-0.18055627,-0.22541869,0.13914376,0.26240388,TATGGTAATTGTGTGCCAGCMGCCGCGGTAA,ATTAGAWACCCBDGTAGTCCGGCTGACTGACT,GTGGGCGGCCCT,7,5E,Agf35-m2,130520,05_20,1,6.857142857,na,group2,yes,No,03_21,49,12
35-2_7-20,0.046036545,0.19712493,-0.069603525,0.059184134,-0.00047529303,-0.26473013,-0.21204662,-0.19891918,0.10670467,0.15906033,TATGGTAATTGTGTGCCAGCMGCCGCGGTAA,ATTAGAWACCCBDGTAGTCCGGCTGACTGACT,GGACAAGTGCGA,3,3B,Agf35-m2,720,07_20,2,,na,group2,yes,Yes,03_21,49,12
36-0_5-20,0.0060457177,0.25410038,-0.13852572,0.15849265,-0.05205573,-0.26832092,-0.39017618,-0.31716946,0.09375948,0.15720758,TATGGTAATTGTGTGCCAGCMGCCGCGGTAA,ATTAGAWACCCBDGTAGTCCGGCTGACTGACT,AACGGGCGACGT,5,4F,Agf36-m0,130520,05_20,1,6.428571429,na,group2,no,No,na,na,na
36-0_7-20,0.047742803,0.37419564,-0.14796767,0.018744215,-0.089774586,-0.2256766,-0.21269827,-0.20349056,0.15915759,0.22037388,TATGGTAATTGTGTGCCAGCMGCCGCGGTAA,ATTAGAWACCCBDGTAGTCCGGCTGACTGACT,CATGAACAGTGT,7,11A,Agf36-m0,720,07_20,2,14.57142857,na,group2,no,No,na,na,na
36-1_5-20,0.029045183,0.26335514,-0.13559954,0.16572466,-0.059433118,-0.33525157,-0.33350492,-0.20531905,-0.009423137,0.17516536,TATGGTAATTGTGTGCCAGCMGCCGCGGTAA,ATTAGAWACCCBDGTAGTCCGGCTGACTGACT,CGATTCCTTAAT,4,11F,Agf36-m1,130520,05_20,1,6.428571429,na,group2,no,No,na,na,na
36-1_7-20,0.13126902,0.5052476,-0.41890025,0.0693573,-0.46347728,-0.26986068,-0.3102592,-0.3728866,0.05743421,0.33451304,TATGGTAATTGTGTGCCAGCMGCCGCGGTAA,ATTAGAWACCCBDGTAGTCCGGCTGACTGACT,TATGTGCCGGCT,4,10H,Agf36-m1,720,07_20,2,14.57142857,na,group2,no,No,na,na,na
36-2_5-20,0.055914212,0.1065523,-0.026469145,0.093394816,0.13296504,-0.25904864,-0.0998847,-0.073017254,0.10662551,0.091257766,TATGGTAATTGTGTGCCAGCMGCCGCGGTAA,ATTAGAWACCCBDGTAGTCCGGCTGACTGACT,GTCCTCGCGACT,4,12D,Agf36-m2,130520,05_20,1,6.428571429,na,group2,yes,No,07_21,69,17
36-2_7-20,0.0016748793,0.18881041,0.02103658,0.16374458,0.15227456,-0.31276977,-0.32601523,-0.14480059,0.026696086,0.14356257,TATGGTAATTGTGTGCCAGCMGCCGCGGTAA,ATTAGAWACCCBDGTAGTCCGGCTGACTGACT,CCACAACGATCA,3,9C,Agf36-m2,720,07_20,2,14.57142857,na,group2,yes,Yes,07_21,69,17
37-0_5-20,-0.02756088,0.29946968,-0.19572183,-0.0049405694,-0.11911196,-0.2765505,0.0018674284,-0.21979374,0.17904489,0.16780977,TATGGTAATTGTGTGCCAGCMGCCGCGGTAA,ATTAGAWACCCBDGTAGTCCGGCTGACTGACT,CCGCAGCCGCAG,3,2D,Agf37-m0,130520,05_20,1,6.428571429,na,group2,yes,No,01_21,41,10
37-0_7-20,-0.12251912,0.15870932,-0.052836183,-0.039697394,-0.071474314,-0.2189886,-0.014298484,-0.08809756,0.18732825,0.051614847,TATGGTAATTGTGTGCCAGCMGCCGCGGTAA,ATTAGAWACCCBDGTAGTCCGGCTGACTGACT,TAATCTCGCCGG,1,3D,Agf37-m0,720,07_20,2,14.57142857,na,group2,yes,Yes,01_21,41,10
37-1_5-20,0.014304977,0.24619755,-0.044070497,0.04564503,-0.039924897,-0.2791761,-0.05998247,-0.08681616,0.15262087,0.20583373,TATGGTAATTGTGTGCCAGCMGCCGCGGTAA,ATTAGAWACCCBDGTAGTCCGGCTGACTGACT,CGCAAGCCCGCG,5,2C,Agf37-m1,130520,05_20,1,6.428571429,na,group2,no,No,na,na,na
37-1_7-20,0.15730172,0.33966047,-0.20614198,-0.09912227,-0.15115997,-0.3206282,-0.15314823,-0.13645656,0.04608646,0.26578197,TATGGTAATTGTGTGCCAGCMGCCGCGGTAA,ATTAGAWACCCBDGTAGTCCGGCTGACTGACT,TACTAACGCGGT,1,4F,Agf37-m1,720,07_20,2,14.57142857,na,group2,no,Yes,na,na,na
37-2_5-20,0.08606024,0.12032002,-0.019357216,0.17436387,0.27325565,-0.16913298,-0.21334356,-0.21086308,0.21342117,0.15905596,TATGGTAATTGTGTGCCAGCMGCCGCGGTAA,ATTAGAWACCCBDGTAGTCCGGCTGACTGACT,GCTGCGTATACC,3,1G,Agf37-m2,130520,05_20,1,6.428571429,na,group2,yes,No,05_21,53,13
37-2_7-20,0.16036908,0.22536719,-0.012112644,-0.031888798,-0.016223527,-0.3769137,-0.28097874,-0.15060644,-0.0017424077,0.2311527,TATGGTAATTGTGTGCCAGCMGCCGCGGTAA,ATTAGAWACCCBDGTAGTCCGGCTGACTGACT,GTTGACCATCGC,6,7C,Agf37-m2,720,07_20,2,14.57142857,na,group2,yes,Yes,05_21,53,13
38-0_5-20,0.08130023,0.19392616,-0.20549944,0.055312015,0.053339772,-0.010779932,-0.1110781,-0.49747026,0.40034884,0.28750026,TATGGTAATTGTGTGCCAGCMGCCGCGGTAA,ATTAGAWACCCBDGTAGTCCGGCTGACTGACT,TAGACCGACTCC,7,1A,Agf38-m0,130520,05_20,1,6.428571429,na,group2,yes,No,03_21,49,12
38-0_7-20,-0.073810965,0.2708213,-0.05343376,0.099448115,-0.13274482,-0.46288392,-0.16362955,-0.03780373,-0.0761428,0.17634873,TATGGTAATTGTGTGCCAGCMGCCGCGGTAA,ATTAGAWACCCBDGTAGTCCGGCTGACTGACT,TATGCCAGAGAT,1,4C,Agf38-m0,720,07_20,2,14.57142857,na,group2,yes,No,03_21,49,12
38-1_5-20,-0.21750712,0.16050923,0.0023650602,0.111782506,0.16407688,-0.27154964,-0.09248926,-0.09396834,0.21336764,0.052805495,TATGGTAATTGTGTGCCAGCMGCCGCGGTAA,ATTAGAWACCCBDGTAGTCCGGCTGACTGACT,ACACGCGGTTTA,6,10E,Agf38-m1,130520,05_20,1,6.428571429,na,group2,no,No,na,na,na
38-1_7-20,-0.009162087,0.1332539,0.090458386,0.055510297,0.0935246,-0.37087694,-0.11576745,0.1843017,-0.049915552,-0.055758905,TATGGTAATTGTGTGCCAGCMGCCGCGGTAA,ATTAGAWACCCBDGTAGTCCGGCTGACTGACT,TTGAACAAGCCA,2,12E,Agf38-m1,720,07_20,2,14.57142857,na,group2,no,No,na,na,na
38-2_5-20,-0.23302406,0.09277159,-0.03923796,0.09674573,0.21092734,-0.30836928,0.055928275,-0.12600777,0.2899546,-0.012971463,TATGGTAATTGTGTGCCAGCMGCCGCGGTAA,ATTAGAWACCCBDGTAGTCCGGCTGACTGACT,AGATTCGCTCGA,3,8B,Agf38-m2,130520,05_20,1,6.428571429,na,group2,no,Yes,na,na,na
38-2_7-20,0.083492026,0.23059174,-0.009563014,-0.12431042,-0.08536137,-0.31495953,-0.2800992,-0.17501047,0.020287849,0.1948015,TATGGTAATTGTGTGCCAGCMGCCGCGGTAA,ATTAGAWACCCBDGTAGTCCGGCTGACTGACT,AGTTGTAGTCCG,3,4E,Agf38-m2,720,07_20,2,14.57142857,na,group2,no,Yes,na,na,na
39-0_5-20,0.04100651,0.28686512,-0.08501972,0.045149893,0.0046721986,-0.25902304,-0.2307079,-0.16740686,0.09970363,0.18438566,TATGGTAATTGTGTGCCAGCMGCCGCGGTAA,ATTAGAWACCCBDGTAGTCCGGCTGACTGACT,GAGAATGGAAAG,6,4D,Agf39-m0,130520,05_20,1,6.428571429,na,group2,no,No,na,na,na
39-0_7-20,0.027720314,0.14776683,0.105506904,-0.03180982,-0.003192706,-0.37078553,-0.1705682,0.1504615,-0.052755475,-0.037306406,TATGGTAATTGTGTGCCAGCMGCCGCGGTAA,ATTAGAWACCCBDGTAGTCCGGCTGACTGACT,AATGTTCAACTT,2,3D,Agf39-m0,720,07_20,2,14.57142857,na,group2,no,Yes,na,na,na
39-1_5-20,0.1700251,0.3081723,-0.19565567,-0.042301565,-0.06887396,-0.092659324,-0.08549521,-0.3502016,0.31517714,0.25634202,TATGGTAATTGTGTGCCAGCMGCCGCGGTAA,ATTAGAWACCCBDGTAGTCCGGCTGACTGACT,CTTCTTCGCCCT,7,5C,Agf39-m1,130520,05_20,1,6.428571429,na,group2,no,No,09_21,75,18
39-1_7-20,0.057723712,0.3400587,-0.06349516,0.18473773,0.090821415,-0.2224278,-0.14961508,-0.08941571,0.18668836,0.12973167,TATGGTAATTGTGTGCCAGCMGCCGCGGTAA,ATTAGAWACCCBDGTAGTCCGGCTGACTGACT,GTGGCGCATGGA,7,9E,Agf39-m1,720,07_20,2,14.57142857,na,group2,no,No,09_21,75,18
40-0_5-20,-0.008961186,0.18135473,-0.052086152,0.15036578,0.065258734,-0.27811405,-0.22144589,-0.20237292,0.094978146,0.15061116,TATGGTAATTGTGTGCCAGCMGCCGCGGTAA,ATTAGAWACCCBDGTAGTCCGGCTGACTGACT,GTACGTCACTGA,3,5F,Agf40-m0,130520,05_20,1,6.142857143,na,group2,yes,Yes,05_21,60,15
40-0_7-20,0.27378935,0.64719886,-0.40334505,0.033578023,-0.2944072,-0.31637526,-0.30102077,-0.45169652,0.15879872,0.4961423,TATGGTAATTGTGTGCCAGCMGCCGCGGTAA,ATTAGAWACCCBDGTAGTCCGGCTGACTGACT,ACATGGGCGGAA,5,2E,Agf40-m0,720,07_20,2,14.28571429,na,group2,yes,No,05_21,60,15
40-1_5-20,0.12255706,0.26937506,-0.07065876,0.14839958,-0.039146915,-0.25093403,-0.098777145,-0.16670299,0.18430775,0.27682048,TATGGTAATTGTGTGCCAGCMGCCGCGGTAA,ATTAGAWACCCBDGTAGTCCGGCTGACTGACT,GTCCTACACAGC,4,2B,Agf40-m1,130520,05_20,1,6.142857143,na,group2,no,Yes,na,na,na
40-1_7-20,0.038854685,0.30237043,-0.080870606,0.10179572,-0.068601966,-0.2577458,-0.15312853,-0.117785685,0.0841335,0.22763206,TATGGTAATTGTGTGCCAGCMGCCGCGGTAA,ATTAGAWACCCBDGTAGTCCGGCTGACTGACT,CTAATCAGAGTG,2,8D,Agf40-m1,720,07_20,2,14.28571429,na,group2,no,No,na,na,na
40-2_5-20,-0.1363467,0.21518958,-0.00087504834,0.14735083,-0.0019387403,-0.4368858,-0.107518286,-0.015443899,-0.02516362,0.1345169,TATGGTAATTGTGTGCCAGCMGCCGCGGTAA,ATTAGAWACCCBDGTAGTCCGGCTGACTGACT,AGCACCGGTCTT,6,3H,Agf40-m2,130520,05_20,1,6.142857143,na,group2,no,Yes,na,na,na
40-2_7-20,0.09408377,0.4005971,-0.32007992,0.053910404,-0.22056156,-0.2995128,-0.16104448,-0.38026115,0.16093703,0.3842557,TATGGTAATTGTGTGCCAGCMGCCGCGGTAA,ATTAGAWACCCBDGTAGTCCGGCTGACTGACT,GCATCGTCTGGT,7,10H,Agf40-m2,720,07_20,2,14.28571429,na,group2,no,Yes,na,na,na
41-0_5-20,-0.06810044,0.06743203,-0.0133902095,0.18754658,0.11387653,-0.26544285,-0.22991925,-0.05544722,0.020419866,0.021145247,TATGGTAATTGTGTGCCAGCMGCCGCGGTAA,ATTAGAWACCCBDGTAGTCCGGCTGACTGACT,CCGCGTCTCAAC,3,6B,Agf41-m0,130520,05_20,1,6.142857143,na,group2,no,Yes,na,na,na
41-0_7-20,-0.14247768,0.15508036,0.02243311,0.17966785,0.013054112,-0.4604847,-0.08753443,0.13763678,-0.080585,-0.044100787,TATGGTAATTGTGTGCCAGCMGCCGCGGTAA,ATTAGAWACCCBDGTAGTCCGGCTGACTGACT,CCACTCTCTCTA,6,6E,Agf41-m0,720,07_20,2,14.28571429,na,group2,no,Yes,na,na,na
41-1_5-20,-0.036269017,0.0791485,0.045320496,0.07882414,0.089759916,-0.34821472,-0.091451734,-0.07488623,0.023215756,0.11039767,TATGGTAATTGTGTGCCAGCMGCCGCGGTAA,ATTAGAWACCCBDGTAGTCCGGCTGACTGACT,TCACTGCTAGGA,7,1D,Agf41-m1,130520,05_20,1,6.142857143,na,group2,yes,Yes,06_21,64,16
41-1_7-20,-0.02706869,0.1772378,0.0069040135,0.046002187,-0.058943257,-0.39247933,-0.2863537,-0.16841246,-0.04223579,0.15942498,TATGGTAATTGTGTGCCAGCMGCCGCGGTAA,ATTAGAWACCCBDGTAGTCCGGCTGACTGACT,AGTCTTAAAGGA,7,6E,Agf41-m1,720,07_20,2,14.28571429,na,group2,yes,Yes,06_21,64,16
42-0_5-20,0.20023386,0.3336612,-0.33744332,-0.018357098,-0.15454738,-0.11138596,-0.16178037,-0.3356312,0.17695342,0.23981817,TATGGTAATTGTGTGCCAGCMGCCGCGGTAA,ATTAGAWACCCBDGTAGTCCGGCTGACTGACT,ATGCGCCCGTAT,7,9H,Agf42-m0,130520,05_20,1,7.0,na,group2,yes,No,07_20,15,4
42-1_5-20,0.041629914,0.20950931,-0.1365836,0.11734721,-0.0020472438,-0.28497857,-0.27471793,-0.40154603,0.104394786,0.30315343,TATGGTAATTGTGTGCCAGCMGCCGCGGTAA,ATTAGAWACCCBDGTAGTCCGGCTGACTGACT,TGGACTCAGCTA,6,2E,Agf42-m1,130520,05_20,1,7.0,na,group2,no,Yes,na,na,na
42-1_7-20,-0.27653068,0.29123607,0.007770121,0.25611746,0.026925987,-0.401569,-0.0407558,0.19210446,-0.0069736987,-0.03088564,TATGGTAATTGTGTGCCAGCMGCCGCGGTAA,ATTAGAWACCCBDGTAGTCCGGCTGACTGACT,GTGCGAGGACAA,6,8H,Agf42-m1,720,07_20,2,15.14285714,na,group2,no,Yes,na,na,na
43-0_5-20,0.030639324,0.3412479,-0.21945411,0.16333857,-0.15210634,-0.23078096,-0.15968286,-0.25761774,0.16262157,0.26026356,TATGGTAATTGTGTGCCAGCMGCCGCGGTAA,ATTAGAWACCCBDGTAGTCCGGCTGACTGACT,CACGCTATTGGA,5,5H,Agf43-m0,130520,05_20,1,7.0,na,group2,no,Yes,na,na,na
43-0_7-20,0.029089708,0.3049869,-0.05172815,0.08736876,-0.10930743,-0.41284603,-0.20867161,-0.10303974,-0.028974444,0.27911693,TATGGTAATTGTGTGCCAGCMGCCGCGGTAA,ATTAGAWACCCBDGTAGTCCGGCTGACTGACT,AGACACCAATGT,6,8C,Agf43-m0,720,07_20,2,15.14285714,na,group2,no,Yes,na,na,na
43-1_5-20,0.20504113,0.32141265,-0.27009597,0.075521566,-0.12932773,-0.24660107,-0.22375108,-0.48592624,0.19095738,0.39880866,TATGGTAATTGTGTGCCAGCMGCCGCGGTAA,ATTAGAWACCCBDGTAGTCCGGCTGACTGACT,TTCGACTAATAT,7,3H,Agf43-m1,130520,05_20,1,7.0,na,group2,no,No,na,na,na
43-1_7-20,-0.15895636,0.17656915,0.0680617,0.08470484,0.03820537,-0.30932897,-0.10664875,0.049549155,0.03505545,-0.0035732873,TATGGTAATTGTGTGCCAGCMGCCGCGGTAA,ATTAGAWACCCBDGTAGTCCGGCTGACTGACT,CGGATCTAGTGT,5,12A,Agf43-m1,720,07_20,2,15.14285714,na,group2,no,Yes,na,na,na
44-0_5-20,0.046620045,0.2390832,-0.08707689,0.10395296,0.009612872,-0.29341236,-0.14177655,-0.15892407,0.04899344,0.14581235,TATGGTAATTGTGTGCCAGCMGCCGCGGTAA,ATTAGAWACCCBDGTAGTCCGGCTGACTGACT,GAACCGTGCAGG,3,2E,Agf44-m0,130520,05_20,1,6.857142857,na,group2,no,Yes,na,na,na
44-0_7-20,0.16285962,0.4786066,-0.37457988,0.060582355,-0.2116967,-0.23980166,-0.33426,-0.4708638,0.17209835,0.41517955,TATGGTAATTGTGTGCCAGCMGCCGCGGTAA,ATTAGAWACCCBDGTAGTCCGGCTGACTGACT,GAACTCGCTATG,7,8B,Agf44-m0,720,07_20,2,15.0,na,group2,no,No,na,na,na
44-1_5-20,0.17322887,0.50167674,-0.22279063,0.25701517,-0.054234162,-0.32564497,-0.19127227,-0.12049028,0.051275007,0.27328366,TATGGTAATTGTGTGCCAGCMGCCGCGGTAA,ATTAGAWACCCBDGTAGTCCGGCTGACTGACT,CTACTCCACGAG,2,9D,Agf44-m1,130520,05_20,1,6.857142857,na,group2,no,No,na,na,na
44-1_7-20,0.19377376,0.2968953,-0.10201485,0.010642618,-0.10926581,-0.30748272,-0.16453306,-0.13676941,0.096521884,0.28109273,TATGGTAATTGTGTGCCAGCMGCCGCGGTAA,ATTAGAWACCCBDGTAGTCCGGCTGACTGACT,GTAAACGACTTG,5,9E,Agf44-m1,720,07_20,2,15.0,na,group2,no,Yes,na,na,na
45-0_5-20,0.015306119,0.20301178,-0.060318694,0.09765904,0.07703289,-0.27886054,-0.045344904,-0.042325176,0.18360758,0.046630826,TATGGTAATTGTGTGCCAGCMGCCGCGGTAA,ATTAGAWACCCBDGTAGTCCGGCTGACTGACT,ACCCAAGCGTTA,4,2E,Agf45-m0,130520,05_20,1,6.428571429,na,group2,yes,Yes,03_21,49,12
45-0_7-20,-0.09259468,0.0595584,0.13307333,0.123791195,0.031971276,-0.41293725,-0.34495705,0.113862224,-0.16963981,-0.15138784,TATGGTAATTGTGTGCCAGCMGCCGCGGTAA,ATTAGAWACCCBDGTAGTCCGGCTGACTGACT,CTCACCTAGGAA,4,1F,Agf45-m0,720,07_20,2,14.57142857,na,group2,yes,Yes,03_21,49,12
45-1_5-20,0.11743723,0.29584798,-0.073464006,0.17853276,0.08883424,-0.27695245,-0.23066175,-0.18520123,0.13965608,0.2815427,TATGGTAATTGTGTGCCAGCMGCCGCGGTAA,ATTAGAWACCCBDGTAGTCCGGCTGACTGACT,CATGTCTTCCAT,2,11A,Agf45-m1,130520,05_20,1,6.428571429,na,group2,yes,No,07_21,69,17
45-2_5-20,0.019950997,0.23913041,-0.096468635,0.010630444,-0.07703055,-0.2819324,-0.041157015,-0.17854609,0.17574115,0.21025977,TATGGTAATTGTGTGCCAGCMGCCGCGGTAA,ATTAGAWACCCBDGTAGTCCGGCTGACTGACT,CTGACACGAATA,2,4C,Agf45-m2,130520,05_20,1,6.428571429,na,group2,no,No,na,na,na
45-2_7-20,-0.06394832,0.26250508,0.032170057,0.044632114,0.07593477,-0.31525397,-0.1261463,-0.014817804,0.11981906,0.13906504,TATGGTAATTGTGTGCCAGCMGCCGCGGTAA,ATTAGAWACCCBDGTAGTCCGGCTGACTGACT,GCATTCGGCGTT,4,3F,Agf45-m2,720,07_20,2,14.57142857,na,group2,no,Yes,na,na,na
46-0_5-20,0.06982459,0.3942081,-0.034259077,0.22746903,-0.03320436,-0.29321235,-0.1519927,-0.19305548,0.16779146,0.30504748,TATGGTAATTGTGTGCCAGCMGCCGCGGTAA,ATTAGAWACCCBDGTAGTCCGGCTGACTGACT,CTGATGTACACG,3,3C,Agf46-m0,130520,05_20,1,7.0,na,group2,no,Yes,na,na,na
46-0_7-20,-0.06669452,0.1799877,0.003364347,0.21607538,0.14520706,-0.2543757,-0.29364842,-0.14869119,0.086258605,0.053838644,TATGGTAATTGTGTGCCAGCMGCCGCGGTAA,ATTAGAWACCCBDGTAGTCCGGCTGACTGACT,AATGGTTCAGCA,1,8H,Agf46-m0,720,07_20,2,15.14285714,na,group2,no,Yes,na,na,na
46-1_5-20,-0.12984277,0.24043295,-0.01803634,0.14519627,-0.0177292,-0.46666822,-0.10222751,-0.0630115,-0.021371514,0.19219868,TATGGTAATTGTGTGCCAGCMGCCGCGGTAA,ATTAGAWACCCBDGTAGTCCGGCTGACTGACT,GGAATCCGATTA,7,1B,Agf46-m1,130520,05_20,1,7.0,na,group2,yes,No,07_21,69,17
46-1_7-20,-0.08266336,0.2067763,-0.031581685,0.14901607,-0.0409597,-0.34037048,-0.12465452,-0.07086927,0.08192754,0.1295605,TATGGTAATTGTGTGCCAGCMGCCGCGGTAA,ATTAGAWACCCBDGTAGTCCGGCTGACTGACT,CTCTGAGGTAAC,2,10A,Agf46-m1,720,07_20,2,15.14285714,na,group2,yes,No,07_21,69,17
47-0_5-20,-0.20250803,0.1850475,-0.06315281,0.14403355,-0.022514243,-0.46618447,-0.08110523,-0.13555351,0.023827732,0.15340339,TATGGTAATTGTGTGCCAGCMGCCGCGGTAA,ATTAGAWACCCBDGTAGTCCGGCTGACTGACT,CGAGGCGAGTCA,2,10F,Agf47-m0,130520,05_20,1,7.0,na,group2,no,No,na,na,na
47-0_7-20,0.042279158,0.27335107,-0.1853551,0.09202617,-0.001314793,-0.19380176,-0.24272081,-0.3346595,0.20427832,0.1555759,TATGGTAATTGTGTGCCAGCMGCCGCGGTAA,ATTAGAWACCCBDGTAGTCCGGCTGACTGACT,CTCGCCCTCGCC,1,4E,Agf47-m0,720,07_20,2,15.14285714,na,group2,no,No,na,na,na
47-1_5-20,0.063665316,0.32833233,-0.17778552,0.03015837,-0.16388585,-0.3963393,-0.13298352,-0.27333525,0.076415166,0.32772067,TATGGTAATTGTGTGCCAGCMGCCGCGGTAA,ATTAGAWACCCBDGTAGTCCGGCTGACTGACT,AGTATATGTTTC,5,1D,Agf47-m1,130520,05_20,1,7.0,na,group2,yes,No,05_21,54,13
47-1_7-20,-0.19352174,0.13238704,0.054840274,0.25831604,0.17638545,-0.38281444,-0.18936118,-0.06400518,-0.0048621744,0.06554276,TATGGTAATTGTGTGCCAGCMGCCGCGGTAA,ATTAGAWACCCBDGTAGTCCGGCTGACTGACT,TGACTGCGTTAG,4,7B,Agf47-m1,720,07_20,2,15.14285714,na,group2,yes,Yes,05_21,54,13
