ID,Z_0,Z_1,Z_2,Z_3,Z_4,Z_5,Z_6,Z_7,Z_8,Z_9
29-1_5-20,-0.09564374,0.17116567,-0.013936635,0.11156606,0.04794921,-0.34730136,-0.1859839,-0.14945878,0.09279299,0.20399602
41-0_7-20,-0.14837648,0.10171902,0.059342854,0.12330598,0.08084076,-0.41022733,-0.039981805,0.09536075,-0.048233658,-0.038305186
38-2_7-20,0.108619586,0.17769,-0.09282285,-0.088687316,-0.018706067,-0.23707327,-0.22053611,-0.21824032,0.065136835,0.15795816
32-1_7-20,0.09256844,0.34801316,-0.14658704,0.09158751,-0.1043532,-0.3275213,-0.22093388,-0.14369887,0.060081586,0.2232403
34-0_7-20,0.13147701,0.12479865,-0.09424436,-0.054477334,-0.09943681,-0.13717216,-0.1938127,-0.25300094,0.14485593,0.14185631
42-1_5-20,0.03598215,0.10860148,-0.07303217,0.04586578,0.08741797,-0.24796203,-0.23114923,-0.4386061,0.12187341,0.2706421
24-1_5-20,-0.123985976,0.07748048,-0.030384503,-0.08425382,0.048845343,-0.29898795,-0.053747334,-0.24197948,0.22361442,0.11333729
33-0_5-20,-0.03931644,0.284435,-0.036043998,0.13633642,0.04707761,-0.3474493,-0.18533194,-0.15465057,0.07714777,0.25893316
36-2_7-20,-0.041813325,0.12526673,0.08546478,0.1665899,0.23666634,-0.25707066,-0.22470391,-0.062466744,0.07831411,0.09065466
46-0_5-20,-0.089457765,0.26412395,-0.07470279,0.0956597,-0.0004801359,-0.35151538,-0.13524826,-0.27010143,0.07742899,0.2865651
20-1_5-20,0.0694284,0.287064,-0.04840994,0.19312172,0.0327005,-0.16563189,-0.14487071,-0.14086968,0.19623965,0.2059468
41-0_5-20,0.0037850812,0.13728322,0.016360879,0.15684658,0.066190206,-0.27416772,-0.2072764,0.012080856,-0.0008916408,0.03368443
35-1_5-20,0.040418174,0.012776859,-0.06454151,0.095084935,0.14256927,-0.22401623,-0.2909626,-0.40464553,0.06617264,0.16246083
31-2_7-20,-0.03973669,0.28065592,-0.047162123,0.28502303,0.07761914,-0.27936095,-0.009778291,0.15927252,0.15800555,0.008144479
37-1_7-20,-0.19942105,0.3096586,0.08794499,0.12176318,0.047690913,-0.17287324,-0.25482848,-0.034314796,0.20903882,-0.014896145
47-1_7-20,-0.045446377,0.22735524,-0.052685615,0.19324312,0.05747156,-0.44322753,-0.22887397,-0.13569573,-0.006414667,0.12092872
27-0_5-20,-0.05307556,0.1988957,-0.06365218,0.09487918,-0.045677774,-0.48342487,-0.06929287,-0.008356735,-0.15158369,0.109641135
41-1_7-20,0.012735549,0.22798112,-0.07308978,0.04495419,-0.053514972,-0.311504,-0.26592475,-0.18961409,0.019092217,0.14594527
30-1_5-20,0.09949869,0.26909262,-0.113488615,0.080134675,-0.023984687,-0.2425126,-0.16514823,-0.24527803,0.14503302,0.2877719
34-1_7-20,0.073390335,0.1969001,0.005332209,0.15486111,0.12168594,-0.10945057,-0.19148436,-0.0710966,0.198935,0.12945373
23-1_5-20,-0.09271042,0.24511531,-0.10182447,0.121551365,0.07210798,-0.29801345,-0.108096376,-0.31915984,0.16102576,0.35472816
44-0_5-20,-0.03458833,0.2673773,-0.12791444,0.078935556,-0.038770266,-0.29808322,-0.1342821,-0.12935928,0.12840027,0.18420541
15-1_5-20,-0.008050457,0.082910895,0.02966503,-0.04883288,0.019562107,-0.36537656,-0.2244856,-0.14289749,-0.03515145,0.07175857
24-2_5-20,0.088655725,0.10010774,-0.12798575,-0.08165501,-0.0055846027,-0.1128379,-0.048771,-0.35905507,0.22810245,0.10868299
34-0_5-20,0.051441114,0.029248185,0.024384871,0.12459918,0.10534097,-0.2074591,-0.35922685,-0.2408809,0.049005166,0.108748615
21-1_5-20,0.019256432,0.19284412,-0.025848817,0.12226027,0.10651464,-0.3168857,-0.2826142,-0.18675244,0.06466073,0.13670203
41-1_5-20,-0.07016456,0.12569743,0.018139623,0.10148983,0.06669571,-0.44200748,-0.043698296,-0.036784984,-0.019532695,0.095690176
20-0_5-20,0.03988083,0.26365516,-0.07681231,0.17649396,0.0044658436,-0.2612809,-0.16208464,-0.12970373,0.08574693,0.21107712
33-0_7-20,0.0037288181,0.17073613,-0.028050214,0.16861872,8.6466316e-05,-0.39133927,-0.37260258,-0.031164654,-0.12654297,-0.020467117
45-0_5-20,0.05536369,0.23169294,-0.10666378,0.13407485,-0.0026005122,-0.27413398,-0.0017766953,-0.026985914,0.14519586,0.17868699
40-2_5-20,-0.054865055,0.18649954,0.006328121,0.122326955,0.004313509,-0.34872133,-0.20513725,-0.10554432,-0.013955578,0.15584955
46-0_7-20,-0.123145565,0.19877568,-0.04514989,0.26044554,0.14352511,-0.31297868,-0.20228481,-0.079882234,0.067869164,0.0040430315
24-0_5-20,0.029797059,0.16782737,-0.035351645,-0.05804971,0.02106689,-0.34347236,-0.0636634,-0.2459043,0.13351691,0.22365166
30-2_7-20,0.00017772242,0.19719364,-0.022131816,0.19603111,0.023520721,-0.28583884,-0.1890456,-0.074786946,0.06886009,0.14718774
35-0_7-20,0.08572273,0.24761206,-0.009712536,0.034092613,-0.05500797,-0.30821106,-0.25712273,-0.032309577,0.015995272,0.13126475
30-1_7-20,-0.037331346,0.3870995,-0.10790965,0.23571534,0.044793352,-0.1826813,-0.11777477,-0.015068263,0.25360405,0.051750932
38-2_5-20,-0.12511398,0.19184643,0.02711822,0.2058339,0.2644162,-0.3383214,-0.00054980814,0.020471402,0.1958029,0.050807912
30-0_5-20,0.052480813,0.24651828,-0.18320675,0.1625682,-0.031438727,-0.26378757,-0.28792638,-0.3098912,0.13334054,0.21130435
43-0_5-20,0.11453906,0.3671583,-0.23655185,0.10871614,-0.16370323,-0.29747006,-0.187834,-0.32213426,0.13400427,0.3563194
44-1_7-20,0.23949583,0.39565963,-0.14579391,0.06537495,-0.12833415,-0.37433144,-0.1956227,-0.13678329,0.014008589,0.27832294
22-1_5-20,-0.06758333,0.08749081,-0.09372823,-0.02816552,0.07440887,-0.3171249,-0.095261715,-0.25547436,0.09903386,0.16744319
32-0_7-20,-0.22199638,0.3511766,-0.027606469,0.18625943,0.18177783,-0.15968947,-0.1399245,-0.15850368,0.31399846,0.06699686
45-2_7-20,-0.043815162,0.18147531,0.048910134,0.045328036,0.09487676,-0.25927,-0.18064207,0.016985081,0.05964522,0.06258619
43-1_7-20,-0.0974269,0.17081173,0.031141348,0.12562566,0.08448505,-0.32028335,-0.082203515,-0.011128746,0.053891562,0.09453075
33-1_7-20,-0.004281793,0.23634437,-0.039391667,0.17454295,0.039146572,-0.29299688,-0.33479103,-0.220653,0.015683144,0.22717018
31-2_5-20,0.027223717,0.18948391,-0.12873384,0.19728321,0.07476667,-0.24487206,-0.25782624,-0.33562288,0.16461883,0.23674004
35-2_7-20,0.062404018,0.14822237,-0.0494264,0.056399494,0.04112017,-0.22228377,-0.17437586,-0.16671045,0.107084446,0.12196085
45-0_7-20,-0.03331103,0.069657266,0.14322886,0.16132183,0.14115022,-0.28153872,-0.27419412,0.0120463,-0.08191076,-0.016833764
14-1_5-20,-0.09364065,0.06368846,0.009785913,0.105290696,0.06918026,-0.3390462,-0.09961696,-0.13288204,0.023464054,0.06642017
40-1_5-20,0.106272995,0.2378572,-0.11764996,0.094067,-0.045773476,-0.31609625,-0.10264179,-0.1811121,0.15257956,0.3118758
29-0_5-20,0.015640166,0.19785213,-0.0725125,0.08434029,-0.04354018,-0.442399,-0.13778013,-0.18583775,-0.042342454,0.21926977
14-2_5-20,-0.1010343,0.16313021,-0.07421525,0.100600764,0.009007274,-0.24075012,-0.11509874,-0.2957488,0.16297732,0.22544222
29-2_5-20,0.08048591,0.2663415,-0.18801706,0.07033151,-0.11769758,-0.24648336,-0.24405628,-0.3424164,0.14681923,0.29624566
28-0_5-20,-0.07273487,0.22949919,-0.09735942,0.16397646,0.03180687,-0.31560242,-0.1239213,-0.23039666,0.07586889,0.223478
42-1_7-20,-0.2544508,0.25726917,-0.07597745,0.25753522,0.047039345,-0.39072084,-0.09006544,0.047758825,-0.03456156,0.06485988
23-2_5-20,-0.057917915,0.07944775,-0.0047446266,0.18530111,0.14910333,-0.28181142,-0.12723267,-0.24453273,0.1304874,0.17881186
40-0_5-20,0.011842754,0.1842793,-0.08874326,0.13764615,0.050961755,-0.25256753,-0.17111841,-0.22687969,0.10830112,0.16661721
