#SampleID,LinkerPrimerSequence,ReversePrimer,BarcodeSequence,Plate,WellPosition,mice_name,date,date_month,number,AgeWeeks,AgeMonth,ignore_kit,group,death,death_age_month,death,metabolomics
14-1_05_20,TATGGTAATTGTGTGCCAGCMGCCGCGGTAA,ATTAGAWACCCBDGTAGTCCGGCTGACTGACT,GCCCTTCCCGTG,5,12C,Agf14-m1,130520,05_20,1,15,4,na,group1,yes,17,yes,Yes
40-1_05_20,TATGGTAATTGTGTGCCAGCMGCCGCGGTAA,ATTAGAWACCCBDGTAGTCCGGCTGACTGACT,GTCCTACACAGC,4,2B,Agf40-m1,130520,05_20,1,6.142857143,2,na,group2,no,NA,no,Yes
40-2_05_20,TATGGTAATTGTGTGCCAGCMGCCGCGGTAA,ATTAGAWACCCBDGTAGTCCGGCTGACTGACT,AGCACCGGTCTT,6,3H,Agf40-m2,130520,05_20,1,6.142857143,2,na,group2,no,NA,no,Yes
41-0_05_20,TATGGTAATTGTGTGCCAGCMGCCGCGGTAA,ATTAGAWACCCBDGTAGTCCGGCTGACTGACT,CCGCGTCTCAAC,3,6B,Agf41-m0,130520,05_20,1,6.142857143,2,na,group2,no,NA,no,Yes
14-1_07_20,TATGGTAATTGTGTGCCAGCMGCCGCGGTAA,ATTAGAWACCCBDGTAGTCCGGCTGACTGACT,TGGTGGAGTTTC,3,6C,Agf14-m1,720,07_20,2,23.14285714,6,na,group1,yes,17,yes,No
32-0_05_20,TATGGTAATTGTGTGCCAGCMGCCGCGGTAA,ATTAGAWACCCBDGTAGTCCGGCTGACTGACT,CTTATAGAGAAG,7,8H,Agf32-m0,130520,05_20,1,6.428571429,2,na,group2,no,NA,no,Yes
32-1_05_20,TATGGTAATTGTGTGCCAGCMGCCGCGGTAA,ATTAGAWACCCBDGTAGTCCGGCTGACTGACT,TTGCGACAAAGT,6,6B,Agf32-m1,130520,05_20,1,6.428571429,2,na,group2,no,NA,no,No
32-2_05_20,TATGGTAATTGTGTGCCAGCMGCCGCGGTAA,ATTAGAWACCCBDGTAGTCCGGCTGACTGACT,ACTGTTTACTGT,4,2C,Agf32-m2,130520,05_20,1,6.428571429,2,na,group2,no,NA,no,Yes
33-0_05_20,TATGGTAATTGTGTGCCAGCMGCCGCGGTAA,ATTAGAWACCCBDGTAGTCCGGCTGACTGACT,CTTGGAGGCTTA,2,2A,Agf33-m0,130520,05_20,1,6.428571429,2,na,group2,no,NA,no,Yes
14-1_09_20,TATGGTAATTGTGTGCCAGCMGCCGCGGTAA,ATTAGAWACCCBDGTAGTCCGGCTGACTGACT,TAGCGCGAACTT,5,10E,Agf14-m1,90920,09_20,3,33,8,na,group1,yes,17,yes,no
33-2_05_20,TATGGTAATTGTGTGCCAGCMGCCGCGGTAA,ATTAGAWACCCBDGTAGTCCGGCTGACTGACT,AACCACTAACCG,3,7A,Agf33-m2,130520,05_20,1,6.428571429,2,na,group2,no,NA,no,No
36-0_05_20,TATGGTAATTGTGTGCCAGCMGCCGCGGTAA,ATTAGAWACCCBDGTAGTCCGGCTGACTGACT,AACGGGCGACGT,5,4F,Agf36-m0,130520,05_20,1,6.428571429,2,na,group2,no,NA,no,No
36-1_05_20,TATGGTAATTGTGTGCCAGCMGCCGCGGTAA,ATTAGAWACCCBDGTAGTCCGGCTGACTGACT,CGATTCCTTAAT,4,11F,Agf36-m1,130520,05_20,1,6.428571429,2,na,group2,no,NA,no,No
14-1_01_21,TATGGTAATTGTGTGCCAGCMGCCGCGGTAA,ATTAGAWACCCBDGTAGTCCGGCTGACTGACT,TCGTAGTAATGG,7,10B,Agf14-m1,100121,01_21,5,49.57142857,12,na,group1,yes,17,yes,no
14-1_03_21,TATGGTAATTGTGTGCCAGCMGCCGCGGTAA,ATTAGAWACCCBDGTAGTCCGGCTGACTGACT,CGGTAGTTGATC,7,3D,Agf14-m1,40321,03_21,6,57.14285714,14,na,group1,yes,17,yes,no
37-1_05_20,TATGGTAATTGTGTGCCAGCMGCCGCGGTAA,ATTAGAWACCCBDGTAGTCCGGCTGACTGACT,CGCAAGCCCGCG,5,2C,Agf37-m1,130520,05_20,1,6.428571429,2,na,group2,no,NA,no,No
14-1_05_21,TATGGTAATTGTGTGCCAGCMGCCGCGGTAA,ATTAGAWACCCBDGTAGTCCGGCTGACTGACT,CGGAGAGACATG,3,10H,Agf14-m1,20521,05_21,7,61.71428571,16,na,group1,yes,17,yes,no
16-0_07_20,TATGGTAATTGTGTGCCAGCMGCCGCGGTAA,ATTAGAWACCCBDGTAGTCCGGCTGACTGACT,CTGGTGCTGAAT,5,8D,Agf16-m0,720,07_20,2,23.14285714,6,na,group1,yes,15,yes,No
38-1_05_20,TATGGTAATTGTGTGCCAGCMGCCGCGGTAA,ATTAGAWACCCBDGTAGTCCGGCTGACTGACT,ACACGCGGTTTA,6,10E,Agf38-m1,130520,05_20,1,6.428571429,2,na,group2,no,NA,no,No
38-2_05_20,TATGGTAATTGTGTGCCAGCMGCCGCGGTAA,ATTAGAWACCCBDGTAGTCCGGCTGACTGACT,AGATTCGCTCGA,3,8B,Agf38-m2,130520,05_20,1,6.428571429,2,na,group2,no,NA,no,Yes
39-0_05_20,TATGGTAATTGTGTGCCAGCMGCCGCGGTAA,ATTAGAWACCCBDGTAGTCCGGCTGACTGACT,GAGAATGGAAAG,6,4D,Agf39-m0,130520,05_20,1,6.428571429,2,na,group2,no,NA,no,No
39-1_05_20,TATGGTAATTGTGTGCCAGCMGCCGCGGTAA,ATTAGAWACCCBDGTAGTCCGGCTGACTGACT,CTTCTTCGCCCT,7,5C,Agf39-m1,130520,05_20,1,6.428571429,2,na,group2,no,18,yes,No
16-0_11_20,TATGGTAATTGTGTGCCAGCMGCCGCGGTAA,ATTAGAWACCCBDGTAGTCCGGCTGACTGACT,GTTCCATCGGCC,6,6G,Agf16-m0,121120,11_20,4,41.14285714,10,na,group1,yes,15,yes,no
16-0_01_21,TATGGTAATTGTGTGCCAGCMGCCGCGGTAA,ATTAGAWACCCBDGTAGTCCGGCTGACTGACT,CGAATACTGACA,3,7G,Agf16-m0,100121,01_21,5,49.57142857,12,na,group1,yes,15,yes,no
45-2_05_20,TATGGTAATTGTGTGCCAGCMGCCGCGGTAA,ATTAGAWACCCBDGTAGTCCGGCTGACTGACT,CTGACACGAATA,2,4C,Agf45-m2,130520,05_20,1,6.428571429,2,na,group2,no,NA,no,No
16-0_03_21,TATGGTAATTGTGTGCCAGCMGCCGCGGTAA,ATTAGAWACCCBDGTAGTCCGGCTGACTGACT,TACCGAAGGTAT,1,6H,Agf16-m0,40321,03_21,6,57.14285714,14,na,group1,yes,15,yes,no
34-1_05_20,TATGGTAATTGTGTGCCAGCMGCCGCGGTAA,ATTAGAWACCCBDGTAGTCCGGCTGACTGACT,CGCACCCATACA,1,10H,Agf34-m1,130520,05_20,1,6.857142857,2,na,group2,no,NA,no,No
35-0_05_20,TATGGTAATTGTGTGCCAGCMGCCGCGGTAA,ATTAGAWACCCBDGTAGTCCGGCTGACTGACT,CGGGTCCTCTTG,7,11B,Agf35-m0,130520,05_20,1,6.857142857,2,na,group2,no,NA,no,No
35-1_05_20,TATGGTAATTGTGTGCCAGCMGCCGCGGTAA,ATTAGAWACCCBDGTAGTCCGGCTGACTGACT,TGACGAGGGCTG,6,7G,Agf35-m1,130520,05_20,1,6.857142857,2,na,group2,no,NA,no,Yes
16-0_05_21,TATGGTAATTGTGTGCCAGCMGCCGCGGTAA,ATTAGAWACCCBDGTAGTCCGGCTGACTGACT,AATTAATATGTA,2,8C,Agf16-m0,20521,05_21,7,61.71428571,16,na,group1,yes,15,yes,no
44-0_05_20,TATGGTAATTGTGTGCCAGCMGCCGCGGTAA,ATTAGAWACCCBDGTAGTCCGGCTGACTGACT,GAACCGTGCAGG,3,2E,Agf44-m0,130520,05_20,1,6.857142857,2,na,group2,no,NA,no,Yes
44-1_05_20,TATGGTAATTGTGTGCCAGCMGCCGCGGTAA,ATTAGAWACCCBDGTAGTCCGGCTGACTGACT,CTACTCCACGAG,2,9D,Agf44-m1,130520,05_20,1,6.857142857,2,na,group2,no,NA,no,No
19-0_05_20,TATGGTAATTGTGTGCCAGCMGCCGCGGTAA,ATTAGAWACCCBDGTAGTCCGGCTGACTGACT,ACATACTGAGCA,1,6E,Agf19-m0,130520,05_20,2,22.57142857,6,na,group1,yes,13,yes,No
30-1_05_20,TATGGTAATTGTGTGCCAGCMGCCGCGGTAA,ATTAGAWACCCBDGTAGTCCGGCTGACTGACT,TTAATGGATCGG,2,8E,Agf30-m1,130520,05_20,1,7,2,na,group2,no,NA,no,Yes
19-0_07_20,TATGGTAATTGTGTGCCAGCMGCCGCGGTAA,ATTAGAWACCCBDGTAGTCCGGCTGACTGACT,CATGATTAAGAG,6,3G,Agf19-m0,720,07_20,2,22.57142857,6,na,group1,yes,13,yes,No
19-0_09_20,TATGGTAATTGTGTGCCAGCMGCCGCGGTAA,ATTAGAWACCCBDGTAGTCCGGCTGACTGACT,CCATAGGAGGCG,7,8E,Agf19-m0,90920,09_20,3,32.42857143,8,na,group1,yes,13,yes,no
31-2_05_20,TATGGTAATTGTGTGCCAGCMGCCGCGGTAA,ATTAGAWACCCBDGTAGTCCGGCTGACTGACT,GCAACGAACGAG,2,11C,Agf31-m2,130520,05_20,1,7,2,na,group2,no,NA,no,Yes
19-0_11_20,TATGGTAATTGTGTGCCAGCMGCCGCGGTAA,ATTAGAWACCCBDGTAGTCCGGCTGACTGACT,GAACCAGTACTC,1,9H,Agf19-m0,121120,11_20,4,40.57142857,10,na,group1,yes,13,yes,no
42-1_05_20,TATGGTAATTGTGTGCCAGCMGCCGCGGTAA,ATTAGAWACCCBDGTAGTCCGGCTGACTGACT,TGGACTCAGCTA,6,2E,Agf42-m1,130520,05_20,1,7,2,na,group2,no,NA,no,Yes
43-0_05_20,TATGGTAATTGTGTGCCAGCMGCCGCGGTAA,ATTAGAWACCCBDGTAGTCCGGCTGACTGACT,CACGCTATTGGA,5,5H,Agf43-m0,130520,05_20,1,7,2,na,group2,no,NA,no,Yes
43-1_05_20,TATGGTAATTGTGTGCCAGCMGCCGCGGTAA,ATTAGAWACCCBDGTAGTCCGGCTGACTGACT,TTCGACTAATAT,7,3H,Agf43-m1,130520,05_20,1,7,2,na,group2,no,NA,no,No
46-0_05_20,TATGGTAATTGTGTGCCAGCMGCCGCGGTAA,ATTAGAWACCCBDGTAGTCCGGCTGACTGACT,CTGATGTACACG,3,3C,Agf46-m0,130520,05_20,1,7,2,na,group2,no,NA,no,Yes
19-0_01_21,TATGGTAATTGTGTGCCAGCMGCCGCGGTAA,ATTAGAWACCCBDGTAGTCCGGCTGACTGACT,CAGTGTCATGAA,6,6C,Agf19-m0,100121,01_21,5,49,12,na,group1,yes,13,yes,no
47-0_05_20,TATGGTAATTGTGTGCCAGCMGCCGCGGTAA,ATTAGAWACCCBDGTAGTCCGGCTGACTGACT,CGAGGCGAGTCA,2,10F,Agf47-m0,130520,05_20,1,7,2,na,group2,no,NA,no,No
20-1_05_20,TATGGTAATTGTGTGCCAGCMGCCGCGGTAA,ATTAGAWACCCBDGTAGTCCGGCTGACTGACT,TCCACAGGGTTC,2,7B,Agf20-m1,130520,05_20,1,14.42857143,4,na,group1,yes,12,yes,Yes
28-0_05_20,TATGGTAATTGTGTGCCAGCMGCCGCGGTAA,ATTAGAWACCCBDGTAGTCCGGCTGACTGACT,TTAAGTTAAGTT,2,5H,Agf28-m0,130520,05_20,1,12.42857143,4,na,group1,no,NA,no,Yes
28-1_05_20,TATGGTAATTGTGTGCCAGCMGCCGCGGTAA,ATTAGAWACCCBDGTAGTCCGGCTGACTGACT,AAGGGTTAGTCT,7,1H,Agf28-m1,130520,05_20,1,12.42857143,4,na,group1,no,NA,no,No
29-0_05_20,TATGGTAATTGTGTGCCAGCMGCCGCGGTAA,ATTAGAWACCCBDGTAGTCCGGCTGACTGACT,CCGGCCGCGTGC,3,5G,Agf29-m0,130520,05_20,1,12.42857143,4,na,group1,no,NA,no,Yes
29-1_05_20,TATGGTAATTGTGTGCCAGCMGCCGCGGTAA,ATTAGAWACCCBDGTAGTCCGGCTGACTGACT,CTACAGGGTCTC,2,1A,Agf29-m1,130520,05_20,1,12.42857143,4,na,group1,no,NA,no,Yes
20-1_09_20,TATGGTAATTGTGTGCCAGCMGCCGCGGTAA,ATTAGAWACCCBDGTAGTCCGGCTGACTGACT,AAGCCGGGTCCG,6,11E,Agf20-m1,90920,09_20,3,32.42857143,8,na,group1,yes,12,yes,no
27-0_05_20,TATGGTAATTGTGTGCCAGCMGCCGCGGTAA,ATTAGAWACCCBDGTAGTCCGGCTGACTGACT,GGTAGTTCATAG,2,7H,Agf27-m0,130520,05_20,1,13.42857143,4,na,group1,no,NA,no,Yes
27-1_05_20,TATGGTAATTGTGTGCCAGCMGCCGCGGTAA,ATTAGAWACCCBDGTAGTCCGGCTGACTGACT,CATTTCGCACTT,2,9C,Agf27-m1,130520,05_20,1,13.42857143,4,na,group1,no,NA,no,No
27-2_05_20,TATGGTAATTGTGTGCCAGCMGCCGCGGTAA,ATTAGAWACCCBDGTAGTCCGGCTGACTGACT,GTTCGAGTGAAT,4,7F,Agf27-m2,130520,05_20,1,13.42857143,4,na,group1,no,NA,no,No
20-1_11_20,TATGGTAATTGTGTGCCAGCMGCCGCGGTAA,ATTAGAWACCCBDGTAGTCCGGCTGACTGACT,GCCTATGAGATC,1,9B,Agf20-m1,121120,11_20,4,40.57142857,10,na,group1,yes,12,yes,no
24-1_05_20,TATGGTAATTGTGTGCCAGCMGCCGCGGTAA,ATTAGAWACCCBDGTAGTCCGGCTGACTGACT,CTGTCTATACTA,1,3C,Agf24-m1,130520,05_20,1,14.14285714,4,na,group1,no,NA,no,Yes
20-1_01_21,TATGGTAATTGTGTGCCAGCMGCCGCGGTAA,ATTAGAWACCCBDGTAGTCCGGCTGACTGACT,CGTTCCTTGTTA,4,9C,Agf20-m1,100121,01_21,5,49,12,na,group1,yes,12,yes,no
25-0_05_20,TATGGTAATTGTGTGCCAGCMGCCGCGGTAA,ATTAGAWACCCBDGTAGTCCGGCTGACTGACT,ACACACCCTGAC,3,7H,Agf25-m0,130520,05_20,1,14.14285714,4,na,group1,no,NA,no,Yes
20-1_03_21,TATGGTAATTGTGTGCCAGCMGCCGCGGTAA,ATTAGAWACCCBDGTAGTCCGGCTGACTGACT,GGACCTGGATGG,4,9H,Agf20-m1,40321,03_21,6,56.57142857,14,na,group1,yes,12,yes,no
25-2_05_20,TATGGTAATTGTGTGCCAGCMGCCGCGGTAA,ATTAGAWACCCBDGTAGTCCGGCTGACTGACT,GAGAGGGATCAC,6,6A,Agf25-m2,130520,05_20,1,14.14285714,4,na,group1,no,NA,no,No
26-0_05_20,TATGGTAATTGTGTGCCAGCMGCCGCGGTAA,ATTAGAWACCCBDGTAGTCCGGCTGACTGACT,GAGCCATCTGTA,3,11C,Agf26-m0,130520,05_20,1,14.14285714,4,na,group1,no,NA,no,No
20-1_05_21,TATGGTAATTGTGTGCCAGCMGCCGCGGTAA,ATTAGAWACCCBDGTAGTCCGGCTGACTGACT,TTCTTAACGCCT,4,5H,Agf20-m1,20521,05_21,7,61.14285714,16,na,group1,yes,12,yes,no
18-0_05_20,TATGGTAATTGTGTGCCAGCMGCCGCGGTAA,ATTAGAWACCCBDGTAGTCCGGCTGACTGACT,AGAGCGGAACAA,5,2D,Agf18-m0,130520,05_20,1,14.42857143,4,na,group1,no,NA,no,No
18-1_05_20,TATGGTAATTGTGTGCCAGCMGCCGCGGTAA,ATTAGAWACCCBDGTAGTCCGGCTGACTGACT,GCTAGTTATGGA,5,2A,Agf18-m1,130520,05_20,1,14.42857143,4,na,group1,no,NA,no,Yes
18-2_05_20,TATGGTAATTGTGTGCCAGCMGCCGCGGTAA,ATTAGAWACCCBDGTAGTCCGGCTGACTGACT,CTGAGGCCCTTC,5,7H,Agf18-m2,130520,05_20,1,14.42857143,4,na,group1,no,NA,no,Yes
19-1_05_20,TATGGTAATTGTGTGCCAGCMGCCGCGGTAA,ATTAGAWACCCBDGTAGTCCGGCTGACTGACT,AGCTCTAGAAAC,2,3C,Agf19-m1,130520,05_20,1,14.42857143,4,na,group1,no,NA,no,No
19-2_05_20,TATGGTAATTGTGTGCCAGCMGCCGCGGTAA,ATTAGAWACCCBDGTAGTCCGGCTGACTGACT,CTGTACTTCTAA,7,10F,Agf19-m2,130520,05_20,1,14.42857143,4,na,group1,no,NA,no,No
20-0_05_20,TATGGTAATTGTGTGCCAGCMGCCGCGGTAA,ATTAGAWACCCBDGTAGTCCGGCTGACTGACT,CCTGCACCTGCA,5,10B,Agf20-m0,130520,05_20,1,14.42857143,4,na,group1,no,NA,no,Yes
21-1_05_20,TATGGTAATTGTGTGCCAGCMGCCGCGGTAA,ATTAGAWACCCBDGTAGTCCGGCTGACTGACT,GGCTCGTCGGAG,5,1E,Agf21-m1,130520,05_20,1,14.42857143,4,na,group1,yes,15,yes,Yes
20-2_05_20,TATGGTAATTGTGTGCCAGCMGCCGCGGTAA,ATTAGAWACCCBDGTAGTCCGGCTGACTGACT,TTCCACACGTGG,3,11D,Agf20-m2,130520,05_20,1,14.42857143,4,na,group1,no,NA,no,No
21-0_05_20,TATGGTAATTGTGTGCCAGCMGCCGCGGTAA,ATTAGAWACCCBDGTAGTCCGGCTGACTGACT,GTCCCAGTCCCA,7,3B,Agf21-m0,130520,05_20,1,14.42857143,4,na,group1,no,NA,no,No
21-1_07_20,TATGGTAATTGTGTGCCAGCMGCCGCGGTAA,ATTAGAWACCCBDGTAGTCCGGCTGACTGACT,AGTAAAGATCGT,1,3E,Agf21-m1,720,07_20,2,22.57142857,6,na,group1,yes,15,yes,No
21-2_05_20,TATGGTAATTGTGTGCCAGCMGCCGCGGTAA,ATTAGAWACCCBDGTAGTCCGGCTGACTGACT,GCGCTTAGAATA,5,11E,Agf21-m2,130520,05_20,1,14.42857143,4,na,group1,no,NA,no,Yes
22-0_05_20,TATGGTAATTGTGTGCCAGCMGCCGCGGTAA,ATTAGAWACCCBDGTAGTCCGGCTGACTGACT,TATTCTACATGA,7,8C,Agf22-m0,130520,05_20,1,14.42857143,4,na,group1,no,NA,no,Yes
22-1_05_20,TATGGTAATTGTGTGCCAGCMGCCGCGGTAA,ATTAGAWACCCBDGTAGTCCGGCTGACTGACT,GTCATTGGGCTA,6,9B,Agf22-m1,130520,05_20,1,14.42857143,4,na,group1,no,NA,no,Yes
23-0_05_20,TATGGTAATTGTGTGCCAGCMGCCGCGGTAA,ATTAGAWACCCBDGTAGTCCGGCTGACTGACT,CCTAAGAGCATC,6,12A,Agf23-m0,130520,05_20,1,14.42857143,4,na,group1,no,NA,no,Yes
23-1_05_20,TATGGTAATTGTGTGCCAGCMGCCGCGGTAA,ATTAGAWACCCBDGTAGTCCGGCTGACTGACT,GAATCTGACAAC,4,5C,Agf23-m1,130520,05_20,1,14.42857143,4,na,group1,no,NA,no,Yes
23-2_05_20,TATGGTAATTGTGTGCCAGCMGCCGCGGTAA,ATTAGAWACCCBDGTAGTCCGGCTGACTGACT,CAAAGGAGCCCG,2,4G,Agf23-m2,130520,05_20,1,14.42857143,4,na,group1,no,NA,no,Yes
14-0_05_20,TATGGTAATTGTGTGCCAGCMGCCGCGGTAA,ATTAGAWACCCBDGTAGTCCGGCTGACTGACT,CAGTCCCTGCAC,5,6G,Agf14-m0,130520,05_20,1,15,4,na,group1,no,NA,no,Yes
21-1_09_20,TATGGTAATTGTGTGCCAGCMGCCGCGGTAA,ATTAGAWACCCBDGTAGTCCGGCTGACTGACT,TTCAGTTCGTTA,3,5B,Agf21-m1,90920,09_20,3,32.42857143,8,na,group1,yes,15,yes,no
14-2_05_20,TATGGTAATTGTGTGCCAGCMGCCGCGGTAA,ATTAGAWACCCBDGTAGTCCGGCTGACTGACT,CAGACCGGACGA,7,2E,Agf14-m2,130520,05_20,1,15,4,na,group1,no,NA,no,Yes
15-0_05_20,TATGGTAATTGTGTGCCAGCMGCCGCGGTAA,ATTAGAWACCCBDGTAGTCCGGCTGACTGACT,TATACCGCTGCG,5,8B,Agf15-m0,130520,05_20,1,15,4,na,group1,no,NA,no,No
15-1_05_20,TATGGTAATTGTGTGCCAGCMGCCGCGGTAA,ATTAGAWACCCBDGTAGTCCGGCTGACTGACT,TGAGTGGTCTGT,1,8F,Agf15-m1,130520,05_20,1,15,4,na,group1,no,NA,no,Yes
16-1_05_20,TATGGTAATTGTGTGCCAGCMGCCGCGGTAA,ATTAGAWACCCBDGTAGTCCGGCTGACTGACT,CTACCGATTGCG,6,2A,Agf16-m1,130520,05_20,1,15,4,na,group1,no,NA,no,No
16-2_05_20,TATGGTAATTGTGTGCCAGCMGCCGCGGTAA,ATTAGAWACCCBDGTAGTCCGGCTGACTGACT,TCATTCCACTCA,7,6H,Agf16-m2,130520,05_20,1,15,4,na,group1,no,NA,no,No
21-1_11_20,TATGGTAATTGTGTGCCAGCMGCCGCGGTAA,ATTAGAWACCCBDGTAGTCCGGCTGACTGACT,CAGAAATGTGTC,7,7H,Agf21-m1,121120,11_20,4,40.57142857,10,na,group1,yes,15,yes,no
40-1_07_20,TATGGTAATTGTGTGCCAGCMGCCGCGGTAA,ATTAGAWACCCBDGTAGTCCGGCTGACTGACT,CTAATCAGAGTG,2,8D,Agf40-m1,720,07_20,2,14.28571429,4,na,group2,no,NA,no,No
40-2_07_20,TATGGTAATTGTGTGCCAGCMGCCGCGGTAA,ATTAGAWACCCBDGTAGTCCGGCTGACTGACT,GCATCGTCTGGT,7,10H,Agf40-m2,720,07_20,2,14.28571429,4,na,group2,no,NA,no,Yes
41-0_07_20,TATGGTAATTGTGTGCCAGCMGCCGCGGTAA,ATTAGAWACCCBDGTAGTCCGGCTGACTGACT,CCACTCTCTCTA,6,6E,Agf41-m0,720,07_20,2,14.28571429,4,na,group2,no,NA,no,Yes
21-1_03_21,TATGGTAATTGTGTGCCAGCMGCCGCGGTAA,ATTAGAWACCCBDGTAGTCCGGCTGACTGACT,GCGTGCCCGGCC,2,3G,Agf21-m1,40321,03_21,6,56.57142857,14,na,group1,yes,15,yes,no
32-0_07_20,TATGGTAATTGTGTGCCAGCMGCCGCGGTAA,ATTAGAWACCCBDGTAGTCCGGCTGACTGACT,CGGGACACCCGA,1,2C,Agf32-m0,720,07_20,2,14.57142857,4,na,group2,no,NA,no,Yes
32-1_07_20,TATGGTAATTGTGTGCCAGCMGCCGCGGTAA,ATTAGAWACCCBDGTAGTCCGGCTGACTGACT,AATCTTGCGCCG,1,9D,Agf32-m1,720,07_20,2,14.57142857,4,na,group2,no,NA,no,Yes
32-2_07_20,TATGGTAATTGTGTGCCAGCMGCCGCGGTAA,ATTAGAWACCCBDGTAGTCCGGCTGACTGACT,ACATCAGGTCAC,7,1E,Agf32-m2,720,07_20,2,14.57142857,4,na,group2,no,NA,no,No
33-0_07_20,TATGGTAATTGTGTGCCAGCMGCCGCGGTAA,ATTAGAWACCCBDGTAGTCCGGCTGACTGACT,TCATGGCCTCCG,2,2E,Agf33-m0,720,07_20,2,14.57142857,4,na,group2,no,NA,no,Yes
24-0_05_20,TATGGTAATTGTGTGCCAGCMGCCGCGGTAA,ATTAGAWACCCBDGTAGTCCGGCTGACTGACT,GCATTACTGGAC,5,10G,Agf24-m0,130520,05_20,1,14.14285714,4,na,group1,yes,17,yes,Yes
33-2_07_20,TATGGTAATTGTGTGCCAGCMGCCGCGGTAA,ATTAGAWACCCBDGTAGTCCGGCTGACTGACT,ACTAGTTGGACC,5,2B,Agf33-m2,720,07_20,2,14.57142857,4,na,group2,no,NA,no,No
36-0_07_20,TATGGTAATTGTGTGCCAGCMGCCGCGGTAA,ATTAGAWACCCBDGTAGTCCGGCTGACTGACT,CATGAACAGTGT,7,11A,Agf36-m0,720,07_20,2,14.57142857,4,na,group2,no,NA,no,No
36-1_07_20,TATGGTAATTGTGTGCCAGCMGCCGCGGTAA,ATTAGAWACCCBDGTAGTCCGGCTGACTGACT,TATGTGCCGGCT,4,10H,Agf36-m1,720,07_20,2,14.57142857,4,na,group2,no,NA,no,No
24-0_07_20,TATGGTAATTGTGTGCCAGCMGCCGCGGTAA,ATTAGAWACCCBDGTAGTCCGGCTGACTGACT,GAAGAGGGTTGA,1,7F,Agf24-m0,720,07_20,2,22.28571429,6,na,group1,yes,17,yes,No
24-0_09_20,TATGGTAATTGTGTGCCAGCMGCCGCGGTAA,ATTAGAWACCCBDGTAGTCCGGCTGACTGACT,CGTTTGGAATGA,1,5C,Agf24-m0,90920,09_20,3,32.14285714,8,na,group1,yes,17,yes,no
37-1_07_20,TATGGTAATTGTGTGCCAGCMGCCGCGGTAA,ATTAGAWACCCBDGTAGTCCGGCTGACTGACT,TACTAACGCGGT,1,4F,Agf37-m1,720,07_20,2,14.57142857,4,na,group2,no,NA,no,Yes
24-0_11_20,TATGGTAATTGTGTGCCAGCMGCCGCGGTAA,ATTAGAWACCCBDGTAGTCCGGCTGACTGACT,TTGCTGGACGCT,1,3F,Agf24-m0,121120,11_20,4,40.28571429,10,na,group1,yes,17,yes,no
24-0_01_21,TATGGTAATTGTGTGCCAGCMGCCGCGGTAA,ATTAGAWACCCBDGTAGTCCGGCTGACTGACT,CTATATTATCCG,2,4A,Agf24-m0,100121,01_21,5,48.71428571,12,na,group1,yes,17,yes,no
38-1_07_20,TATGGTAATTGTGTGCCAGCMGCCGCGGTAA,ATTAGAWACCCBDGTAGTCCGGCTGACTGACT,TTGAACAAGCCA,2,12E,Agf38-m1,720,07_20,2,14.57142857,4,na,group2,no,NA,no,No
38-2_07_20,TATGGTAATTGTGTGCCAGCMGCCGCGGTAA,ATTAGAWACCCBDGTAGTCCGGCTGACTGACT,AGTTGTAGTCCG,3,4E,Agf38-m2,720,07_20,2,14.57142857,4,na,group2,no,NA,no,Yes
39-0_07_20,TATGGTAATTGTGTGCCAGCMGCCGCGGTAA,ATTAGAWACCCBDGTAGTCCGGCTGACTGACT,AATGTTCAACTT,2,3D,Agf39-m0,720,07_20,2,14.57142857,4,na,group2,no,NA,no,Yes
39-1_07_20,TATGGTAATTGTGTGCCAGCMGCCGCGGTAA,ATTAGAWACCCBDGTAGTCCGGCTGACTGACT,GTGGCGCATGGA,7,9E,Agf39-m1,720,07_20,2,14.57142857,4,na,group2,no,18,yes,No
24-0_03_21,TATGGTAATTGTGTGCCAGCMGCCGCGGTAA,ATTAGAWACCCBDGTAGTCCGGCTGACTGACT,CCGGCTTATGTG,3,7F,Agf24-m0,40321,03_21,6,56.28571429,14,na,group1,yes,17,yes,no
24-0_05_21,TATGGTAATTGTGTGCCAGCMGCCGCGGTAA,ATTAGAWACCCBDGTAGTCCGGCTGACTGACT,GAGAAGCTTATA,3,1H,Agf24-m0,20521,05_21,7,60.85714286,16,na,group1,yes,17,yes,no
45-2_07_20,TATGGTAATTGTGTGCCAGCMGCCGCGGTAA,ATTAGAWACCCBDGTAGTCCGGCTGACTGACT,GCATTCGGCGTT,4,3F,Agf45-m2,720,07_20,2,14.57142857,4,na,group2,no,NA,no,Yes
24-2_05_20,TATGGTAATTGTGTGCCAGCMGCCGCGGTAA,ATTAGAWACCCBDGTAGTCCGGCTGACTGACT,TCCGACCCGATC,7,1C,Agf24-m2,130520,05_20,1,14.14285714,4,na,group1,yes,17,yes,Yes
34-1_07_20,TATGGTAATTGTGTGCCAGCMGCCGCGGTAA,ATTAGAWACCCBDGTAGTCCGGCTGACTGACT,TATCATATTACG,2,3A,Agf34-m1,720,07_20,2,15,4,na,group2,no,NA,no,Yes
35-0_07_20,TATGGTAATTGTGTGCCAGCMGCCGCGGTAA,ATTAGAWACCCBDGTAGTCCGGCTGACTGACT,TCAGTCAGATGA,5,6E,Agf35-m0,720,07_20,2,15,4,na,group2,no,NA,no,Yes
35-1_07_20,TATGGTAATTGTGTGCCAGCMGCCGCGGTAA,ATTAGAWACCCBDGTAGTCCGGCTGACTGACT,GCGAGGAAGTCC,3,3A,Agf35-m1,720,07_20,2,15,4,na,group2,no,NA,no,No
44-0_07_20,TATGGTAATTGTGTGCCAGCMGCCGCGGTAA,ATTAGAWACCCBDGTAGTCCGGCTGACTGACT,GAACTCGCTATG,7,8B,Agf44-m0,720,07_20,2,15,4,na,group2,no,NA,no,No
44-1_07_20,TATGGTAATTGTGTGCCAGCMGCCGCGGTAA,ATTAGAWACCCBDGTAGTCCGGCTGACTGACT,GTAAACGACTTG,5,9E,Agf44-m1,720,07_20,2,15,4,na,group2,no,NA,no,Yes
24-2_07_20,TATGGTAATTGTGTGCCAGCMGCCGCGGTAA,ATTAGAWACCCBDGTAGTCCGGCTGACTGACT,GTTAACTTACTA,3,2H,Agf24-m2,720,07_20,2,22.28571429,6,na,group1,yes,17,yes,No
30-1_07_20,TATGGTAATTGTGTGCCAGCMGCCGCGGTAA,ATTAGAWACCCBDGTAGTCCGGCTGACTGACT,TCTTGCGGAGTC,3,11B,Agf30-m1,720,07_20,2,15.14285714,4,na,group2,no,NA,no,Yes
24-2_09_20,TATGGTAATTGTGTGCCAGCMGCCGCGGTAA,ATTAGAWACCCBDGTAGTCCGGCTGACTGACT,CTCCCGAGCTCC,4,6H,Agf24-m2,90920,09_20,3,32.14285714,8,na,group1,yes,17,yes,no
31-0_07_20,TATGGTAATTGTGTGCCAGCMGCCGCGGTAA,ATTAGAWACCCBDGTAGTCCGGCTGACTGACT,GACGTTAAGAAT,3,5C,Agf31-m0,720,07_20,2,15.14285714,4,na,group2,no,NA,no,No
24-2_01_21,TATGGTAATTGTGTGCCAGCMGCCGCGGTAA,ATTAGAWACCCBDGTAGTCCGGCTGACTGACT,AGGACGCCAGCA,6,12E,Agf24-m2,100121,01_21,5,48.71428571,12,na,group1,yes,17,yes,no
31-2_07_20,TATGGTAATTGTGTGCCAGCMGCCGCGGTAA,ATTAGAWACCCBDGTAGTCCGGCTGACTGACT,AACTTTCAGGAG,3,8A,Agf31-m2,720,07_20,2,15.14285714,4,na,group2,no,NA,no,Yes
42-1_07_20,TATGGTAATTGTGTGCCAGCMGCCGCGGTAA,ATTAGAWACCCBDGTAGTCCGGCTGACTGACT,GTGCGAGGACAA,6,8H,Agf42-m1,720,07_20,2,15.14285714,4,na,group2,no,NA,no,Yes
43-0_07_20,TATGGTAATTGTGTGCCAGCMGCCGCGGTAA,ATTAGAWACCCBDGTAGTCCGGCTGACTGACT,AGACACCAATGT,6,8C,Agf43-m0,720,07_20,2,15.14285714,4,na,group2,no,NA,no,Yes
43-1_07_20,TATGGTAATTGTGTGCCAGCMGCCGCGGTAA,ATTAGAWACCCBDGTAGTCCGGCTGACTGACT,CGGATCTAGTGT,5,12A,Agf43-m1,720,07_20,2,15.14285714,4,na,group2,no,NA,no,Yes
46-0_07_20,TATGGTAATTGTGTGCCAGCMGCCGCGGTAA,ATTAGAWACCCBDGTAGTCCGGCTGACTGACT,AATGGTTCAGCA,1,8H,Agf46-m0,720,07_20,2,15.14285714,4,na,group2,no,NA,no,Yes
24-2_03_21,TATGGTAATTGTGTGCCAGCMGCCGCGGTAA,ATTAGAWACCCBDGTAGTCCGGCTGACTGACT,AGCGCGGCGAAT,2,11D,Agf24-m2,40321,03_21,6,56.28571429,14,na,group1,yes,17,yes,no
47-0_07_20,TATGGTAATTGTGTGCCAGCMGCCGCGGTAA,ATTAGAWACCCBDGTAGTCCGGCTGACTGACT,CTCGCCCTCGCC,1,4E,Agf47-m0,720,07_20,2,15.14285714,4,na,group2,no,NA,no,No
24-2_05_21,TATGGTAATTGTGTGCCAGCMGCCGCGGTAA,ATTAGAWACCCBDGTAGTCCGGCTGACTGACT,TCTCGCACTGGA,4,2G,Agf24-m2,20521,05_21,7,60.85714286,16,na,group1,yes,17,yes,no
28-0_07_20,TATGGTAATTGTGTGCCAGCMGCCGCGGTAA,ATTAGAWACCCBDGTAGTCCGGCTGACTGACT,TCGCTACAGATG,3,6F,Agf28-m0,720,07_20,2,20.57142857,6,na,group1,no,NA,no,No
28-1_07_20,TATGGTAATTGTGTGCCAGCMGCCGCGGTAA,ATTAGAWACCCBDGTAGTCCGGCTGACTGACT,CTGGTAAGTCCA,7,8A,Agf28-m1,720,07_20,2,20.57142857,6,na,group1,no,NA,no,No
29-0_07_20,TATGGTAATTGTGTGCCAGCMGCCGCGGTAA,ATTAGAWACCCBDGTAGTCCGGCTGACTGACT,CACTAGACCCAC,7,3C,Agf29-m0,720,07_20,2,20.57142857,6,na,group1,no,NA,no,No
29-1_07_20,TATGGTAATTGTGTGCCAGCMGCCGCGGTAA,ATTAGAWACCCBDGTAGTCCGGCTGACTGACT,CTTGATTCTTGA,1,10C,Agf29-m1,720,07_20,2,20.57142857,6,na,group1,no,NA,no,No
29-2_07_20,TATGGTAATTGTGTGCCAGCMGCCGCGGTAA,ATTAGAWACCCBDGTAGTCCGGCTGACTGACT,GCCTACTCTCGG,4,3H,Agf29-m2,720,07_20,2,20.57142857,6,na,group1,yes,15,yes,No
27-0_07_20,TATGGTAATTGTGTGCCAGCMGCCGCGGTAA,ATTAGAWACCCBDGTAGTCCGGCTGACTGACT,TGCTACAGACGT,4,10A,Agf27-m0,720,07_20,2,21.57142857,6,na,group1,no,NA,no,No
27-1_07_20,TATGGTAATTGTGTGCCAGCMGCCGCGGTAA,ATTAGAWACCCBDGTAGTCCGGCTGACTGACT,AGCCAGTCATAC,7,4B,Agf27-m1,720,07_20,2,21.57142857,6,na,group1,no,NA,no,No
27-2_07_20,TATGGTAATTGTGTGCCAGCMGCCGCGGTAA,ATTAGAWACCCBDGTAGTCCGGCTGACTGACT,AGAGGGTGATCG,2,2C,Agf27-m2,720,07_20,2,21.57142857,6,na,group1,no,NA,no,No
25-1_05_20,TATGGTAATTGTGTGCCAGCMGCCGCGGTAA,ATTAGAWACCCBDGTAGTCCGGCTGACTGACT,AGTTCTCATTAA,3,10C,Agf25-m1,130520,05_20,1,14.14285714,4,na,group1,yes,15,yes,No
24-1_07_20,TATGGTAATTGTGTGCCAGCMGCCGCGGTAA,ATTAGAWACCCBDGTAGTCCGGCTGACTGACT,CTTACACTGCTT,5,9B,Agf24-m1,720,07_20,2,22.28571429,6,na,group1,no,NA,no,No
25-1_07_20,TATGGTAATTGTGTGCCAGCMGCCGCGGTAA,ATTAGAWACCCBDGTAGTCCGGCTGACTGACT,TAGGCGGTAGGC,7,6G,Agf25-m1,720,07_20,2,22.28571429,6,na,group1,yes,15,yes,No
25-0_07_20,TATGGTAATTGTGTGCCAGCMGCCGCGGTAA,ATTAGAWACCCBDGTAGTCCGGCTGACTGACT,CACATTCTATAA,7,3F,Agf25-m0,720,07_20,2,22.28571429,6,na,group1,no,NA,no,No
25-1_11_20,TATGGTAATTGTGTGCCAGCMGCCGCGGTAA,ATTAGAWACCCBDGTAGTCCGGCTGACTGACT,AATGCGCGTATA,1,9C,Agf25-m1,121120,11_20,4,40.28571429,10,na,group1,yes,15,yes,no
25-2_07_20,TATGGTAATTGTGTGCCAGCMGCCGCGGTAA,ATTAGAWACCCBDGTAGTCCGGCTGACTGACT,ACTCTTACTTAG,1,12H,Agf25-m2,720,07_20,2,22.28571429,6,na,group1,no,NA,no,No
26-0_07_20,TATGGTAATTGTGTGCCAGCMGCCGCGGTAA,ATTAGAWACCCBDGTAGTCCGGCTGACTGACT,CAAATGGTCGTC,6,9E,Agf26-m0,720,07_20,2,22.28571429,6,na,group1,no,NA,no,No
25-1_01_21,TATGGTAATTGTGTGCCAGCMGCCGCGGTAA,ATTAGAWACCCBDGTAGTCCGGCTGACTGACT,GGTTCATGAACA,1,7G,Agf25-m1,100121,01_21,5,48.71428571,12,na,group1,yes,15,yes,no
18-0_07_20,TATGGTAATTGTGTGCCAGCMGCCGCGGTAA,ATTAGAWACCCBDGTAGTCCGGCTGACTGACT,TAAATATACCCT,1,2G,Agf18-m0,720,07_20,2,22.57142857,6,na,group1,no,NA,no,No
18-1_07_20,TATGGTAATTGTGTGCCAGCMGCCGCGGTAA,ATTAGAWACCCBDGTAGTCCGGCTGACTGACT,ATTTGGCTCTTA,5,4A,Agf18-m1,720,07_20,2,22.57142857,6,na,group1,no,NA,no,No
18-2_07_20,TATGGTAATTGTGTGCCAGCMGCCGCGGTAA,ATTAGAWACCCBDGTAGTCCGGCTGACTGACT,AGGACAAACTAT,5,11B,Agf18-m2,720,07_20,2,22.57142857,6,na,group1,no,NA,no,No
25-1_03_21,TATGGTAATTGTGTGCCAGCMGCCGCGGTAA,ATTAGAWACCCBDGTAGTCCGGCTGACTGACT,TCTTACCCATAA,4,12G,Agf25-m1,40321,03_21,6,56.28571429,14,na,group1,yes,15,yes,no
25-1_05_21,TATGGTAATTGTGTGCCAGCMGCCGCGGTAA,ATTAGAWACCCBDGTAGTCCGGCTGACTGACT,TTCCTTAGTAGT,1,4B,Agf25-m1,20521,05_21,7,60.85714286,16,na,group1,yes,15,yes,no
19-1_07_20,TATGGTAATTGTGTGCCAGCMGCCGCGGTAA,ATTAGAWACCCBDGTAGTCCGGCTGACTGACT,AATCTCTATAAC,7,9D,Agf19-m1,720,07_20,2,22.57142857,6,na,group1,no,NA,no,No
19-2_07_20,TATGGTAATTGTGTGCCAGCMGCCGCGGTAA,ATTAGAWACCCBDGTAGTCCGGCTGACTGACT,GCGATGGCGATG,6,3E,Agf19-m2,720,07_20,2,22.57142857,6,na,group1,no,NA,no,No
20-0_07_20,TATGGTAATTGTGTGCCAGCMGCCGCGGTAA,ATTAGAWACCCBDGTAGTCCGGCTGACTGACT,GAACAAAGAGCG,6,6F,Agf20-m0,720,07_20,2,22.57142857,6,na,group1,no,NA,no,No
20-2_07_20,TATGGTAATTGTGTGCCAGCMGCCGCGGTAA,ATTAGAWACCCBDGTAGTCCGGCTGACTGACT,TAGGTAACCGAT,7,12A,Agf20-m2,720,07_20,2,22.57142857,6,na,group1,no,NA,no,No
21-0_07_20,TATGGTAATTGTGTGCCAGCMGCCGCGGTAA,ATTAGAWACCCBDGTAGTCCGGCTGACTGACT,AGATCGTGCCTA,2,7C,Agf21-m0,720,07_20,2,22.57142857,6,na,group1,no,NA,no,No
26-0_03_21,TATGGTAATTGTGTGCCAGCMGCCGCGGTAA,ATTAGAWACCCBDGTAGTCCGGCTGACTGACT,CACAATACACCG,6,12G,Agf26-m0,40321,03_21,6,56.28571429,14,na,group1,yes,15,yes,no
21-2_07_20,TATGGTAATTGTGTGCCAGCMGCCGCGGTAA,ATTAGAWACCCBDGTAGTCCGGCTGACTGACT,GAACGATCATGT,5,5E,Agf21-m2,720,07_20,2,22.57142857,6,na,group1,no,NA,no,No
22-0_07_20,TATGGTAATTGTGTGCCAGCMGCCGCGGTAA,ATTAGAWACCCBDGTAGTCCGGCTGACTGACT,CAGCCCTACCCA,3,11H,Agf22-m0,720,07_20,2,22.57142857,6,na,group1,no,NA,no,No
22-1_07_20,TATGGTAATTGTGTGCCAGCMGCCGCGGTAA,ATTAGAWACCCBDGTAGTCCGGCTGACTGACT,TGCACAGTCGCT,1,5G,Agf22-m1,720,07_20,2,22.57142857,6,na,group1,no,NA,no,No
23-0_07_20,TATGGTAATTGTGTGCCAGCMGCCGCGGTAA,ATTAGAWACCCBDGTAGTCCGGCTGACTGACT,TATTTGATTGGT,1,11G,Agf23-m0,720,07_20,2,22.57142857,6,na,group1,no,NA,no,No
23-1_07_20,TATGGTAATTGTGTGCCAGCMGCCGCGGTAA,ATTAGAWACCCBDGTAGTCCGGCTGACTGACT,GGTCCTTCCCGA,7,2D,Agf23-m1,720,07_20,2,22.57142857,6,na,group1,no,NA,no,No
23-2_07_20,TATGGTAATTGTGTGCCAGCMGCCGCGGTAA,ATTAGAWACCCBDGTAGTCCGGCTGACTGACT,TCGTCTGATATT,7,12D,Agf23-m2,720,07_20,2,22.57142857,6,na,group1,no,NA,no,No
14-0_07_20,TATGGTAATTGTGTGCCAGCMGCCGCGGTAA,ATTAGAWACCCBDGTAGTCCGGCTGACTGACT,ATGTTAGGGAAT,5,1A,Agf14-m0,720,07_20,2,23.14285714,6,na,group1,no,NA,no,No
26-1_05_20,TATGGTAATTGTGTGCCAGCMGCCGCGGTAA,ATTAGAWACCCBDGTAGTCCGGCTGACTGACT,CCTCCGTCATGG,2,12B,Agf26-m1,130520,05_20,1,14.14285714,4,na,group1,yes,17,yes,No
14-2_07_20,TATGGTAATTGTGTGCCAGCMGCCGCGGTAA,ATTAGAWACCCBDGTAGTCCGGCTGACTGACT,ATAAACGGACAT,5,1H,Agf14-m2,720,07_20,2,23.14285714,6,na,group1,no,NA,no,No
15-0_07_20,TATGGTAATTGTGTGCCAGCMGCCGCGGTAA,ATTAGAWACCCBDGTAGTCCGGCTGACTGACT,AGCCCGCAAAGG,6,11B,Agf15-m0,720,07_20,2,23.14285714,6,na,group1,no,NA,no,No
15-1_07_20,TATGGTAATTGTGTGCCAGCMGCCGCGGTAA,ATTAGAWACCCBDGTAGTCCGGCTGACTGACT,CACGTTTATTCC,1,11B,Agf15-m1,720,07_20,2,23.14285714,6,na,group1,no,NA,no,No
26-1_07_20,TATGGTAATTGTGTGCCAGCMGCCGCGGTAA,ATTAGAWACCCBDGTAGTCCGGCTGACTGACT,TCTTATAACGCT,3,8G,Agf26-m1,720,07_20,2,22.28571429,6,na,group1,yes,17,yes,No
16-1_07_20,TATGGTAATTGTGTGCCAGCMGCCGCGGTAA,ATTAGAWACCCBDGTAGTCCGGCTGACTGACT,GAGCGCCGAACA,6,12B,Agf16-m1,720,07_20,2,23.14285714,6,na,group1,no,NA,no,No
16-2_07_20,TATGGTAATTGTGTGCCAGCMGCCGCGGTAA,ATTAGAWACCCBDGTAGTCCGGCTGACTGACT,AACGCTTCTTAT,5,12H,Agf16-m2,720,07_20,2,23.14285714,6,na,group1,no,NA,no,No
26-1_09_20,TATGGTAATTGTGTGCCAGCMGCCGCGGTAA,ATTAGAWACCCBDGTAGTCCGGCTGACTGACT,AGCCCTGCTACA,1,3A,Agf26-m1,90920,09_20,3,32.14285714,8,na,group1,yes,17,yes,no
26-1_11_20,TATGGTAATTGTGTGCCAGCMGCCGCGGTAA,ATTAGAWACCCBDGTAGTCCGGCTGACTGACT,ATCGTAGTGGTC,2,6F,Agf26-m1,121120,11_20,4,40.28571429,10,na,group1,yes,17,yes,no
40-1_09_20,TATGGTAATTGTGTGCCAGCMGCCGCGGTAA,ATTAGAWACCCBDGTAGTCCGGCTGACTGACT,GAATGCGTATAA,6,12F,Agf40-m1,90920,09_20,3,24.14285714,6,na,group2,no,NA,no,no
40-2_09_20,TATGGTAATTGTGTGCCAGCMGCCGCGGTAA,ATTAGAWACCCBDGTAGTCCGGCTGACTGACT,CAAACGCACTAA,1,6F,Agf40-m2,90920,09_20,3,24.14285714,6,na,group2,no,NA,no,no
41-0_09_20,TATGGTAATTGTGTGCCAGCMGCCGCGGTAA,ATTAGAWACCCBDGTAGTCCGGCTGACTGACT,ACATAGCGGTTC,5,9A,Agf41-m0,90920,09_20,3,24.14285714,6,na,group2,no,NA,no,no
26-1_03_21,TATGGTAATTGTGTGCCAGCMGCCGCGGTAA,ATTAGAWACCCBDGTAGTCCGGCTGACTGACT,GATCTAATCGAG,3,2C,Agf26-m1,40321,03_21,6,56.28571429,14,na,group1,yes,17,yes,no
32-1_09_20,TATGGTAATTGTGTGCCAGCMGCCGCGGTAA,ATTAGAWACCCBDGTAGTCCGGCTGACTGACT,ACTACTGAGGAT,1,11A,Agf32-m1,90920,09_20,3,24.42857143,6,na,group2,no,NA,no,no
32-2_09_20,TATGGTAATTGTGTGCCAGCMGCCGCGGTAA,ATTAGAWACCCBDGTAGTCCGGCTGACTGACT,TCTTCGCAGCAG,5,5G,Agf32-m2,90920,09_20,3,24.42857143,6,na,group2,no,NA,no,no
33-0_09_20,TATGGTAATTGTGTGCCAGCMGCCGCGGTAA,ATTAGAWACCCBDGTAGTCCGGCTGACTGACT,AGTGCAGGAGCC,3,10F,Agf33-m0,90920,09_20,3,24.42857143,6,na,group2,no,NA,no,no
33-2_09_20,TATGGTAATTGTGTGCCAGCMGCCGCGGTAA,ATTAGAWACCCBDGTAGTCCGGCTGACTGACT,GTAAATTCAGGC,6,2C,Agf33-m2,90920,09_20,3,24.42857143,6,na,group2,no,NA,no,no
36-0_09_20,TATGGTAATTGTGTGCCAGCMGCCGCGGTAA,ATTAGAWACCCBDGTAGTCCGGCTGACTGACT,CCGCATGACCTA,7,2C,Agf36-m0,90920,09_20,3,24.42857143,6,na,group2,no,NA,no,no
36-1_09_20,TATGGTAATTGTGTGCCAGCMGCCGCGGTAA,ATTAGAWACCCBDGTAGTCCGGCTGACTGACT,GTCCGTCCTGGT,2,9F,Agf36-m1,90920,09_20,3,24.42857143,6,na,group2,no,NA,no,no
29-2_05_20,TATGGTAATTGTGTGCCAGCMGCCGCGGTAA,ATTAGAWACCCBDGTAGTCCGGCTGACTGACT,ATCAAGATACGC,5,7G,Agf29-m2,130520,05_20,1,12.42857143,4,na,group1,yes,15,yes,Yes
29-2_09_20,TATGGTAATTGTGTGCCAGCMGCCGCGGTAA,ATTAGAWACCCBDGTAGTCCGGCTGACTGACT,AATAGTCGTGAC,7,12F,Agf29-m2,90920,09_20,3,30.42857143,8,na,group1,yes,15,yes,no
37-1_09_20,TATGGTAATTGTGTGCCAGCMGCCGCGGTAA,ATTAGAWACCCBDGTAGTCCGGCTGACTGACT,ACACTCATTACT,7,7G,Agf37-m1,90920,09_20,3,24.42857143,6,na,group2,no,NA,no,no
38-2_09_20,TATGGTAATTGTGTGCCAGCMGCCGCGGTAA,ATTAGAWACCCBDGTAGTCCGGCTGACTGACT,CGCGCAAGTATT,3,1B,Agf38-m2,90920,09_20,3,24.42857143,6,na,group2,no,NA,no,no
39-0_09_20,TATGGTAATTGTGTGCCAGCMGCCGCGGTAA,ATTAGAWACCCBDGTAGTCCGGCTGACTGACT,GGAGAACGACAC,2,8B,Agf39-m0,90920,09_20,3,24.42857143,6,na,group2,no,NA,no,no
39-1_09_20,TATGGTAATTGTGTGCCAGCMGCCGCGGTAA,ATTAGAWACCCBDGTAGTCCGGCTGACTGACT,TATGCTCTCTCA,7,5H,Agf39-m1,90920,09_20,3,24.42857143,6,na,group2,no,NA,no,no
29-2_11_20,TATGGTAATTGTGTGCCAGCMGCCGCGGTAA,ATTAGAWACCCBDGTAGTCCGGCTGACTGACT,TAATCATGTAAT,7,6F,Agf29-m2,121120,11_20,4,38.57142857,10,na,group1,yes,15,yes,no
29-2_01_21,TATGGTAATTGTGTGCCAGCMGCCGCGGTAA,ATTAGAWACCCBDGTAGTCCGGCTGACTGACT,AACCGCATAAGT,3,8C,Agf29-m2,100121,01_21,5,47,12,na,group1,yes,15,yes,no
45-2_09_20,TATGGTAATTGTGTGCCAGCMGCCGCGGTAA,ATTAGAWACCCBDGTAGTCCGGCTGACTGACT,CGCGGCGCAGCT,6,11D,Agf45-m2,90920,09_20,3,24.42857143,6,na,group2,no,NA,no,no
29-2_03_21,TATGGTAATTGTGTGCCAGCMGCCGCGGTAA,ATTAGAWACCCBDGTAGTCCGGCTGACTGACT,GTTTGGCCACAC,4,1B,Agf29-m2,40321,03_21,6,54.57142857,14,na,group1,yes,15,yes,no
35-0_09_20,TATGGTAATTGTGTGCCAGCMGCCGCGGTAA,ATTAGAWACCCBDGTAGTCCGGCTGACTGACT,GCCGCCAGGGTC,3,5H,Agf35-m0,90920,09_20,3,24.85714286,6,na,group2,no,NA,no,no
35-1_09_20,TATGGTAATTGTGTGCCAGCMGCCGCGGTAA,ATTAGAWACCCBDGTAGTCCGGCTGACTGACT,ATAGGAATAACC,3,12F,Agf35-m1,90920,09_20,3,24.85714286,6,na,group2,no,NA,no,no
29-2_05_21,TATGGTAATTGTGTGCCAGCMGCCGCGGTAA,ATTAGAWACCCBDGTAGTCCGGCTGACTGACT,ACGTTAATATTC,4,8B,Agf29-m2,20521,05_21,7,59.14285714,14,na,group1,yes,15,yes,no
44-2_09_20,TATGGTAATTGTGTGCCAGCMGCCGCGGTAA,ATTAGAWACCCBDGTAGTCCGGCTGACTGACT,AATGACCTCGTG,7,1G,Agf44-m0,90920,09_20,3,24.85714286,6,na,group2,no,NA,no,no
44-1_09_20,TATGGTAATTGTGTGCCAGCMGCCGCGGTAA,ATTAGAWACCCBDGTAGTCCGGCTGACTGACT,CTTTGATAATAA,6,9H,Agf44-m1,90920,09_20,3,24.85714286,6,na,group2,no,NA,no,no
30-0_05_20,TATGGTAATTGTGTGCCAGCMGCCGCGGTAA,ATTAGAWACCCBDGTAGTCCGGCTGACTGACT,CATAAGGGAGGC,4,1D,Agf30-m0,130520,05_20,1,7,2,na,group2,yes,15,yes,Yes
30-1_09_20,TATGGTAATTGTGTGCCAGCMGCCGCGGTAA,ATTAGAWACCCBDGTAGTCCGGCTGACTGACT,CGATGAATATCG,2,8H,Agf30-m1,90920,09_20,3,25,6,na,group2,no,NA,no,no
30-0_07_20,TATGGTAATTGTGTGCCAGCMGCCGCGGTAA,ATTAGAWACCCBDGTAGTCCGGCTGACTGACT,TACACGCTGATG,7,6C,Agf30-m0,720,07_20,2,15.14285714,4,na,group2,yes,15,yes,No
31-0_09_20,TATGGTAATTGTGTGCCAGCMGCCGCGGTAA,ATTAGAWACCCBDGTAGTCCGGCTGACTGACT,TAATCGGTGCCA,1,12B,Agf31-m0,90920,09_20,3,25,6,na,group2,no,NA,no,no
30-0_09_20,TATGGTAATTGTGTGCCAGCMGCCGCGGTAA,ATTAGAWACCCBDGTAGTCCGGCTGACTGACT,GATAGCACTCGT,4,8A,Agf30-m0,90920,09_20,3,25,6,na,group2,yes,15,yes,no
31-2_09_20,TATGGTAATTGTGTGCCAGCMGCCGCGGTAA,ATTAGAWACCCBDGTAGTCCGGCTGACTGACT,GTAATTGTAATT,4,9A,Agf31-m2,90920,09_20,3,25,6,na,group2,no,NA,no,no
42-1_09_20,TATGGTAATTGTGTGCCAGCMGCCGCGGTAA,ATTAGAWACCCBDGTAGTCCGGCTGACTGACT,AGAGCCAAGAGC,1,12F,Agf42-m1,90920,09_20,3,25,6,na,group2,no,NA,no,no
43-1_09_20,TATGGTAATTGTGTGCCAGCMGCCGCGGTAA,ATTAGAWACCCBDGTAGTCCGGCTGACTGACT,GGCCCTGTGGGC,7,10G,Agf43-m1,90920,09_20,3,25,6,na,group2,no,NA,no,no
46-0_09_20,TATGGTAATTGTGTGCCAGCMGCCGCGGTAA,ATTAGAWACCCBDGTAGTCCGGCTGACTGACT,TCAAGCAATACG,7,6A,Agf46-m0,90920,09_20,3,25,6,na,group2,no,NA,no,no
30-0_11_20,TATGGTAATTGTGTGCCAGCMGCCGCGGTAA,ATTAGAWACCCBDGTAGTCCGGCTGACTGACT,ATGCTGCAACAC,1,2B,Agf30-m0,121120,11_20,4,33.14285714,8,na,group2,yes,15,yes,no
47-0_09_20,TATGGTAATTGTGTGCCAGCMGCCGCGGTAA,ATTAGAWACCCBDGTAGTCCGGCTGACTGACT,GCCGCGGGATCA,7,8F,Agf47-m0,90920,09_20,3,25,6,na,group2,no,NA,no,no
28-0_09_20,TATGGTAATTGTGTGCCAGCMGCCGCGGTAA,ATTAGAWACCCBDGTAGTCCGGCTGACTGACT,TTCGATGCCGCA,2,1C,Agf28-m0,90920,09_20,3,30.42857143,8,na,group1,no,NA,no,no
28-1_09_20,TATGGTAATTGTGTGCCAGCMGCCGCGGTAA,ATTAGAWACCCBDGTAGTCCGGCTGACTGACT,CCGATAAAGGTT,2,3F,Agf28-m1,90920,09_20,3,30.42857143,8,na,group1,no,NA,no,no
29-1_09_20,TATGGTAATTGTGTGCCAGCMGCCGCGGTAA,ATTAGAWACCCBDGTAGTCCGGCTGACTGACT,AATCATTTGTAA,7,4H,Agf29-m1,90920,09_20,3,30.42857143,8,na,group1,no,NA,no,no
30-0_01_21,TATGGTAATTGTGTGCCAGCMGCCGCGGTAA,ATTAGAWACCCBDGTAGTCCGGCTGACTGACT,GTGCCGGCCGAC,2,2B,Agf30-m0,100121,01_21,5,41.57142857,10,na,group2,yes,15,yes,no
27-0_09_20,TATGGTAATTGTGTGCCAGCMGCCGCGGTAA,ATTAGAWACCCBDGTAGTCCGGCTGACTGACT,GTTTGAAACACG,2,11G,Agf27-m0,90920,09_20,3,31.42857143,8,na,group1,no,NA,no,no
27-1_09_20,TATGGTAATTGTGTGCCAGCMGCCGCGGTAA,ATTAGAWACCCBDGTAGTCCGGCTGACTGACT,TAACAATAATTC,1,8G,Agf27-m1,90920,09_20,3,31.42857143,8,na,group1,no,NA,no,no
27-2_09_20,TATGGTAATTGTGTGCCAGCMGCCGCGGTAA,ATTAGAWACCCBDGTAGTCCGGCTGACTGACT,CAGGCCACTCTC,4,2D,Agf27-m2,90920,09_20,3,31.42857143,8,na,group1,no,NA,no,no
30-0_03_21,TATGGTAATTGTGTGCCAGCMGCCGCGGTAA,ATTAGAWACCCBDGTAGTCCGGCTGACTGACT,AGGGTGACTTTA,3,4H,Agf30-m0,40321,03_21,6,49.14285714,12,na,group2,yes,15,yes,no
24-1_09_20,TATGGTAATTGTGTGCCAGCMGCCGCGGTAA,ATTAGAWACCCBDGTAGTCCGGCTGACTGACT,GAGCCCAAAGAG,4,7C,Agf24-m1,90920,09_20,3,32.14285714,8,na,group1,no,NA,no,no
30-2_05_20,TATGGTAATTGTGTGCCAGCMGCCGCGGTAA,ATTAGAWACCCBDGTAGTCCGGCTGACTGACT,TTATCCAGTCCT,4,5E,Agf30-m2,130520,05_20,1,7,2,na,group2,yes,15,yes,No
25-0_09_20,TATGGTAATTGTGTGCCAGCMGCCGCGGTAA,ATTAGAWACCCBDGTAGTCCGGCTGACTGACT,ATTTCCGCTAAT,3,11E,Agf25-m0,90920,09_20,3,32.14285714,8,na,group1,no,NA,no,no
26-0_09_20,TATGGTAATTGTGTGCCAGCMGCCGCGGTAA,ATTAGAWACCCBDGTAGTCCGGCTGACTGACT,GTTGGACGAAGG,2,4E,Agf26-m0,90920,09_20,3,32.14285714,8,na,group1,no,NA,no,no
30-2_07_20,TATGGTAATTGTGTGCCAGCMGCCGCGGTAA,ATTAGAWACCCBDGTAGTCCGGCTGACTGACT,GCCTAGCCCAAT,5,6B,Agf30-m2,720,07_20,2,15.14285714,4,na,group2,yes,15,yes,Yes
18-2_09_20,TATGGTAATTGTGTGCCAGCMGCCGCGGTAA,ATTAGAWACCCBDGTAGTCCGGCTGACTGACT,CGTGGTGGGAAC,6,8B,Agf18-m2,90920,09_20,3,32.42857143,8,na,group1,no,NA,no,no
30-2_09_20,TATGGTAATTGTGTGCCAGCMGCCGCGGTAA,ATTAGAWACCCBDGTAGTCCGGCTGACTGACT,CCTTGACCGATG,2,3B,Agf30-m2,90920,09_20,3,25,6,na,group2,yes,15,yes,no
19-1_09_20,TATGGTAATTGTGTGCCAGCMGCCGCGGTAA,ATTAGAWACCCBDGTAGTCCGGCTGACTGACT,CGGCGATGAAAG,7,4F,Agf19-m1,90920,09_20,3,32.42857143,8,na,group1,no,NA,no,no
19-2_09_20,TATGGTAATTGTGTGCCAGCMGCCGCGGTAA,ATTAGAWACCCBDGTAGTCCGGCTGACTGACT,ACGTGCCTTAGA,3,3E,Agf19-m2,90920,09_20,3,32.42857143,8,na,group1,no,NA,no,no
30-2_11_20,TATGGTAATTGTGTGCCAGCMGCCGCGGTAA,ATTAGAWACCCBDGTAGTCCGGCTGACTGACT,CTTATTAAACGT,1,9G,Agf30-m2,121120,11_20,4,33.14285714,8,na,group2,yes,15,yes,no
20-2_09_20,TATGGTAATTGTGTGCCAGCMGCCGCGGTAA,ATTAGAWACCCBDGTAGTCCGGCTGACTGACT,AGTAATAACAAG,7,4C,Agf20-m2,90920,09_20,3,32.42857143,8,na,group1,no,NA,no,no
21-0_09_20,TATGGTAATTGTGTGCCAGCMGCCGCGGTAA,ATTAGAWACCCBDGTAGTCCGGCTGACTGACT,TGAAAGCGGCGA,6,2H,Agf21-m0,90920,09_20,3,32.42857143,8,na,group1,no,NA,no,no
30-2_01_21,TATGGTAATTGTGTGCCAGCMGCCGCGGTAA,ATTAGAWACCCBDGTAGTCCGGCTGACTGACT,CCACTGCCCACC,4,4B,Agf30-m2,100121,01_21,5,41.57142857,10,na,group2,yes,15,yes,no
21-2_09_20,TATGGTAATTGTGTGCCAGCMGCCGCGGTAA,ATTAGAWACCCBDGTAGTCCGGCTGACTGACT,CGCGTCAAACTA,5,4B,Agf21-m2,90920,09_20,3,32.42857143,8,na,group1,no,NA,no,no
22-1_09_20,TATGGTAATTGTGTGCCAGCMGCCGCGGTAA,ATTAGAWACCCBDGTAGTCCGGCTGACTGACT,CGTCCGTATGAA,1,5B,Agf22-m1,90920,09_20,3,32.42857143,8,na,group1,no,NA,no,no
23-0_09_20,TATGGTAATTGTGTGCCAGCMGCCGCGGTAA,ATTAGAWACCCBDGTAGTCCGGCTGACTGACT,TGATGTGCTAAG,1,1E,Agf23-m0,90920,09_20,3,32.42857143,8,na,group1,no,NA,no,no
23-1_09_20,TATGGTAATTGTGTGCCAGCMGCCGCGGTAA,ATTAGAWACCCBDGTAGTCCGGCTGACTGACT,TAAACCTGGACA,2,3H,Agf23-m1,90920,09_20,3,32.42857143,8,na,group1,no,NA,no,no
14-0_09_20,TATGGTAATTGTGTGCCAGCMGCCGCGGTAA,ATTAGAWACCCBDGTAGTCCGGCTGACTGACT,AGGGAGCTTCGG,7,7A,Agf14-m0,90920,09_20,3,33,8,na,group1,no,NA,no,no
30-2_03_21,TATGGTAATTGTGTGCCAGCMGCCGCGGTAA,ATTAGAWACCCBDGTAGTCCGGCTGACTGACT,CTCCGAACAACA,4,4A,Agf30-m2,40321,03_21,6,49.14285714,12,na,group2,yes,15,yes,no
14-2_09_20,TATGGTAATTGTGTGCCAGCMGCCGCGGTAA,ATTAGAWACCCBDGTAGTCCGGCTGACTGACT,ATGTAGGCTTAG,5,10F,Agf14-m2,90920,09_20,3,33,8,na,group1,no,NA,no,no
15-0_09_20,TATGGTAATTGTGTGCCAGCMGCCGCGGTAA,ATTAGAWACCCBDGTAGTCCGGCTGACTGACT,GGCTTCGGAGCG,5,3B,Agf15-m0,90920,09_20,3,33,8,na,group1,no,NA,no,no
15-1_09_20,TATGGTAATTGTGTGCCAGCMGCCGCGGTAA,ATTAGAWACCCBDGTAGTCCGGCTGACTGACT,AGTTATTCTAGT,7,3E,Agf15-m1,90920,09_20,3,33,8,na,group1,no,NA,no,no
16-1_09_20,TATGGTAATTGTGTGCCAGCMGCCGCGGTAA,ATTAGAWACCCBDGTAGTCCGGCTGACTGACT,ACGGCCCTGGAG,6,10G,Agf16-m1,90920,09_20,3,33,8,na,group1,no,NA,no,no
30-2_05_21,TATGGTAATTGTGTGCCAGCMGCCGCGGTAA,ATTAGAWACCCBDGTAGTCCGGCTGACTGACT,ATAGTTAGGGCT,4,5B,Agf30-m2,20521,05_21,7,53.71428571,14,na,group2,yes,15,yes,no
40-1_11_20,TATGGTAATTGTGTGCCAGCMGCCGCGGTAA,ATTAGAWACCCBDGTAGTCCGGCTGACTGACT,GTGTCGAGGGCA,3,10D,Agf40-m1,121120,11_20,4,32.28571429,8,na,group2,no,NA,no,no
40-2_11_20,TATGGTAATTGTGTGCCAGCMGCCGCGGTAA,ATTAGAWACCCBDGTAGTCCGGCTGACTGACT,GAGAGTCCACTT,6,3A,Agf40-m2,121120,11_20,4,32.28571429,8,na,group2,no,NA,no,no
41-0_11_20,TATGGTAATTGTGTGCCAGCMGCCGCGGTAA,ATTAGAWACCCBDGTAGTCCGGCTGACTGACT,GGTAATAGAGTT,6,2B,Agf41-m0,121120,11_20,4,32.28571429,8,na,group2,no,NA,no,no
31-1_05_20,TATGGTAATTGTGTGCCAGCMGCCGCGGTAA,ATTAGAWACCCBDGTAGTCCGGCTGACTGACT,GCTGAGCCTTTG,4,8G,Agf31-m1,130520,05_20,1,7,2,na,group2,yes,14,yes,Yes
32-0_11_20,TATGGTAATTGTGTGCCAGCMGCCGCGGTAA,ATTAGAWACCCBDGTAGTCCGGCTGACTGACT,AGGTGAGTTCTA,4,11A,Agf32-m0,121120,11_20,4,32.57142857,8,na,group2,no,NA,no,no
32-1_11_20,TATGGTAATTGTGTGCCAGCMGCCGCGGTAA,ATTAGAWACCCBDGTAGTCCGGCTGACTGACT,TCATCCGTCGGC,5,3A,Agf32-m1,121120,11_20,4,32.57142857,8,na,group2,no,NA,no,no
32-2_11_20,TATGGTAATTGTGTGCCAGCMGCCGCGGTAA,ATTAGAWACCCBDGTAGTCCGGCTGACTGACT,CTTCAAGATGGA,6,11G,Agf32-m2,121120,11_20,4,32.57142857,8,na,group2,no,NA,no,no
33-0_11_20,TATGGTAATTGTGTGCCAGCMGCCGCGGTAA,ATTAGAWACCCBDGTAGTCCGGCTGACTGACT,GTGCAACCAATC,4,1E,Agf33-m0,121120,11_20,4,32.57142857,8,na,group2,no,NA,no,no
31-1_07_20,TATGGTAATTGTGTGCCAGCMGCCGCGGTAA,ATTAGAWACCCBDGTAGTCCGGCTGACTGACT,AGCAGTGCGGTG,2,4D,Agf31-m1,720,07_20,2,15.14285714,4,na,group2,yes,14,yes,No
33-2_11_20,TATGGTAATTGTGTGCCAGCMGCCGCGGTAA,ATTAGAWACCCBDGTAGTCCGGCTGACTGACT,GAAGATCTATCG,7,3A,Agf33-m2,121120,11_20,4,32.57142857,8,na,group2,no,NA,no,no
36-1_11_20,TATGGTAATTGTGTGCCAGCMGCCGCGGTAA,ATTAGAWACCCBDGTAGTCCGGCTGACTGACT,ATTATGATTATG,3,6G,Agf36-m1,121120,11_20,4,32.57142857,8,na,group2,no,NA,no,no
31-1_09_20,TATGGTAATTGTGTGCCAGCMGCCGCGGTAA,ATTAGAWACCCBDGTAGTCCGGCTGACTGACT,GTGAGGGCAAGT,5,2G,Agf31-m1,90920,09_20,3,25,6,na,group2,yes,14,yes,no
31-1_11_20,TATGGTAATTGTGTGCCAGCMGCCGCGGTAA,ATTAGAWACCCBDGTAGTCCGGCTGACTGACT,TACAGCGCATAC,2,11H,Agf31-m1,121120,11_20,4,33.14285714,8,na,group2,yes,14,yes,no
37-1_11_20,TATGGTAATTGTGTGCCAGCMGCCGCGGTAA,ATTAGAWACCCBDGTAGTCCGGCTGACTGACT,CTAGCGTGCGTT,2,9G,Agf37-m1,121120,11_20,4,32.57142857,8,na,group2,no,NA,no,no
31-1_01_21,TATGGTAATTGTGTGCCAGCMGCCGCGGTAA,ATTAGAWACCCBDGTAGTCCGGCTGACTGACT,AGCTATGTATGG,7,1F,Agf31-m1,100121,01_21,5,41.57142857,10,na,group2,yes,14,yes,no
31-1_03_21,TATGGTAATTGTGTGCCAGCMGCCGCGGTAA,ATTAGAWACCCBDGTAGTCCGGCTGACTGACT,GATATACCAGTG,3,12C,Agf31-m1,40321,03_21,6,49.14285714,12,na,group2,yes,14,yes,no
38-1_11_20,TATGGTAATTGTGTGCCAGCMGCCGCGGTAA,ATTAGAWACCCBDGTAGTCCGGCTGACTGACT,TACGGTCTGGAT,3,4B,Agf38-m1,121120,11_20,4,32.57142857,8,na,group2,no,NA,no,no
38-2_11_20,TATGGTAATTGTGTGCCAGCMGCCGCGGTAA,ATTAGAWACCCBDGTAGTCCGGCTGACTGACT,CCATGTGGCTCC,4,8C,Agf38-m2,121120,11_20,4,32.57142857,8,na,group2,no,NA,no,no
39-0_11_20,TATGGTAATTGTGTGCCAGCMGCCGCGGTAA,ATTAGAWACCCBDGTAGTCCGGCTGACTGACT,TCTTCCTAAAGT,5,11C,Agf39-m0,121120,11_20,4,32.57142857,8,na,group2,no,NA,no,no
39-1_11_20,TATGGTAATTGTGTGCCAGCMGCCGCGGTAA,ATTAGAWACCCBDGTAGTCCGGCTGACTGACT,AATAAGCAATAG,5,8G,Agf39-m1,121120,11_20,4,32.57142857,8,na,group2,no,NA,no,no
39-1_11_20,TATGGTAATTGTGTGCCAGCMGCCGCGGTAA,ATTAGAWACCCBDGTAGTCCGGCTGACTGACT,GCGTTAACCCAA,7,3G,Agf39-m1,121120,11_20,4,32.57142857,8,ignore,group2,no,NA,no,no
31-1_05_21,TATGGTAATTGTGTGCCAGCMGCCGCGGTAA,ATTAGAWACCCBDGTAGTCCGGCTGACTGACT,CTTAGGCATGTG,5,9H,Agf31-m1,20521,05_21,7,53.71428571,14,na,group2,yes,14,yes,no
45-2_11_20,TATGGTAATTGTGTGCCAGCMGCCGCGGTAA,ATTAGAWACCCBDGTAGTCCGGCTGACTGACT,TGTTGCGTTTCT,6,2F,Agf45-m2,121120,11_20,4,32.57142857,8,na,group2,no,NA,no,no
33-1_05_20,TATGGTAATTGTGTGCCAGCMGCCGCGGTAA,ATTAGAWACCCBDGTAGTCCGGCTGACTGACT,GTCAGTATGGCT,4,12C,Agf33-m1,130520,05_20,1,6.428571429,2,na,group2,yes,17,yes,No
34-1_11_20,TATGGTAATTGTGTGCCAGCMGCCGCGGTAA,ATTAGAWACCCBDGTAGTCCGGCTGACTGACT,CGTTTATCCGTT,7,11C,Agf34-m1,121120,11_20,4,33,8,na,group2,no,NA,no,no
35-0_11_20,TATGGTAATTGTGTGCCAGCMGCCGCGGTAA,ATTAGAWACCCBDGTAGTCCGGCTGACTGACT,TCTACATACATA,4,4F,Agf35-m0,121120,11_20,4,33,8,na,group2,no,NA,no,no
35-1_11_20,TATGGTAATTGTGTGCCAGCMGCCGCGGTAA,ATTAGAWACCCBDGTAGTCCGGCTGACTGACT,GCCACCGCCGGA,3,6H,Agf35-m1,121120,11_20,4,33,8,na,group2,no,NA,no,no
33-1_07_20,TATGGTAATTGTGTGCCAGCMGCCGCGGTAA,ATTAGAWACCCBDGTAGTCCGGCTGACTGACT,CAGTCTAGTACG,4,6F,Agf33-m1,720,07_20,2,14.57142857,4,na,group2,yes,17,yes,Yes
44-0_11_20,TATGGTAATTGTGTGCCAGCMGCCGCGGTAA,ATTAGAWACCCBDGTAGTCCGGCTGACTGACT,TTGGAACGGCTT,6,1F,Agf44-m0,121120,11_20,4,33,8,na,group2,no,NA,no,no
44-1_11_20,TATGGTAATTGTGTGCCAGCMGCCGCGGTAA,ATTAGAWACCCBDGTAGTCCGGCTGACTGACT,ACAAAGGTATCA,5,8E,Agf44-m1,121120,11_20,4,33,8,na,group2,no,NA,no,no
33-1_11_20,TATGGTAATTGTGTGCCAGCMGCCGCGGTAA,ATTAGAWACCCBDGTAGTCCGGCTGACTGACT,GAGATACAGTTC,1,12C,Agf33-m1,121120,11_20,4,32.57142857,8,na,group2,yes,17,yes,no
30-1_11_20,TATGGTAATTGTGTGCCAGCMGCCGCGGTAA,ATTAGAWACCCBDGTAGTCCGGCTGACTGACT,TACTGTACTGTT,4,1G,Agf30-m1,121120,11_20,4,33.14285714,8,na,group2,no,NA,no,no
33-1_01_21,TATGGTAATTGTGTGCCAGCMGCCGCGGTAA,ATTAGAWACCCBDGTAGTCCGGCTGACTGACT,GCGTGGTCATTA,5,10A,Agf33-m1,100121,01_21,5,41,10,na,group2,yes,17,yes,no
31-0_11_20,TATGGTAATTGTGTGCCAGCMGCCGCGGTAA,ATTAGAWACCCBDGTAGTCCGGCTGACTGACT,ACCTATGGTGAA,6,4G,Agf31-m0,121120,11_20,4,33.14285714,8,na,group2,no,NA,no,no
33-1_03_21,TATGGTAATTGTGTGCCAGCMGCCGCGGTAA,ATTAGAWACCCBDGTAGTCCGGCTGACTGACT,GGTGAGCAAGCA,1,1G,Agf33-m1,40321,03_21,6,48.57142857,12,na,group2,yes,17,yes,no
31-2_11_20,TATGGTAATTGTGTGCCAGCMGCCGCGGTAA,ATTAGAWACCCBDGTAGTCCGGCTGACTGACT,TCGATAAGTAAG,7,8D,Agf31-m2,121120,11_20,4,33.14285714,8,na,group2,no,NA,no,no
42-1_11_20,TATGGTAATTGTGTGCCAGCMGCCGCGGTAA,ATTAGAWACCCBDGTAGTCCGGCTGACTGACT,TATCCAAGCGCA,1,11F,Agf42-m1,121120,11_20,4,33.14285714,8,na,group2,no,NA,no,no
43-0_11_20,TATGGTAATTGTGTGCCAGCMGCCGCGGTAA,ATTAGAWACCCBDGTAGTCCGGCTGACTGACT,ACATGATATTCT,2,10C,Agf43-m0,121120,11_20,4,33.14285714,8,na,group2,no,NA,no,no
43-1_11_20,TATGGTAATTGTGTGCCAGCMGCCGCGGTAA,ATTAGAWACCCBDGTAGTCCGGCTGACTGACT,TCGTTGGGACTA,3,12H,Agf43-m1,121120,11_20,4,33.14285714,8,na,group2,no,NA,no,no
46-0_11_20,TATGGTAATTGTGTGCCAGCMGCCGCGGTAA,ATTAGAWACCCBDGTAGTCCGGCTGACTGACT,TTCCAATACTCA,2,11F,Agf46-m0,121120,11_20,4,33.14285714,8,na,group2,no,NA,no,no
33-1_05_21,TATGGTAATTGTGTGCCAGCMGCCGCGGTAA,ATTAGAWACCCBDGTAGTCCGGCTGACTGACT,AGTATCATATAT,5,11H,Agf33-m1,20521,05_21,7,53.14285714,14,na,group2,yes,17,yes,no
47-0_11_20,TATGGTAATTGTGTGCCAGCMGCCGCGGTAA,ATTAGAWACCCBDGTAGTCCGGCTGACTGACT,CATTTACATCAC,4,5G,Agf47-m0,121120,11_20,4,33.14285714,8,na,group2,no,NA,no,no
33-1_06_21,TATGGTAATTGTGTGCCAGCMGCCGCGGTAA,ATTAGAWACCCBDGTAGTCCGGCTGACTGACT,GTGCGGTTCACT,5,10D,Agf33-m1,270521,06_21,8,64.57142857,16,na,group2,yes,17,yes,no
28-0_11_20,TATGGTAATTGTGTGCCAGCMGCCGCGGTAA,ATTAGAWACCCBDGTAGTCCGGCTGACTGACT,GTACTCGAACCA,3,11F,Agf28-m0,121120,11_20,4,38.57142857,10,na,group1,no,NA,no,no
28-1_11_20,TATGGTAATTGTGTGCCAGCMGCCGCGGTAA,ATTAGAWACCCBDGTAGTCCGGCTGACTGACT,AAGAACTCATGA,1,6C,Agf28-m1,121120,11_20,4,38.57142857,10,na,group1,no,NA,no,no
29-0_11_20,TATGGTAATTGTGTGCCAGCMGCCGCGGTAA,ATTAGAWACCCBDGTAGTCCGGCTGACTGACT,AAGATCGTACTG,6,9A,Agf29-m0,121120,11_20,4,38.57142857,10,na,group1,no,NA,no,no
29-1_11_20,TATGGTAATTGTGTGCCAGCMGCCGCGGTAA,ATTAGAWACCCBDGTAGTCCGGCTGACTGACT,GACTCAACCAGT,1,9A,Agf29-m1,121120,11_20,4,38.57142857,10,na,group1,no,NA,no,no
34-0_05_20,TATGGTAATTGTGTGCCAGCMGCCGCGGTAA,ATTAGAWACCCBDGTAGTCCGGCTGACTGACT,TCCATACCGGAA,1,2A,Agf34-m0,130520,05_20,1,6.857142857,2,na,group2,yes,13,yes,Yes
27-0_11_20,TATGGTAATTGTGTGCCAGCMGCCGCGGTAA,ATTAGAWACCCBDGTAGTCCGGCTGACTGACT,TTGTGTCTCCCT,3,5A,Agf27-m0,121120,11_20,4,39.57142857,10,na,group1,no,NA,no,no
27-1_11_20,TATGGTAATTGTGTGCCAGCMGCCGCGGTAA,ATTAGAWACCCBDGTAGTCCGGCTGACTGACT,ACTCTGTAATTA,2,1E,Agf27-m1,121120,11_20,4,39.57142857,10,na,group1,no,NA,no,no
27-2_11_20,TATGGTAATTGTGTGCCAGCMGCCGCGGTAA,ATTAGAWACCCBDGTAGTCCGGCTGACTGACT,TAGTTCGGTGAC,2,7E,Agf27-m2,121120,11_20,4,39.57142857,10,na,group1,no,NA,no,no
34-0_07_20,TATGGTAATTGTGTGCCAGCMGCCGCGGTAA,ATTAGAWACCCBDGTAGTCCGGCTGACTGACT,CTGCGGATATAC,5,2F,Agf34-m0,720,07_20,2,15,4,na,group2,yes,13,yes,Yes
24-1_11_20,TATGGTAATTGTGTGCCAGCMGCCGCGGTAA,ATTAGAWACCCBDGTAGTCCGGCTGACTGACT,TGGCCGTTACTG,6,7A,Agf24-m1,121120,11_20,4,40.28571429,10,na,group1,no,NA,no,no
25-0_11_20,TATGGTAATTGTGTGCCAGCMGCCGCGGTAA,ATTAGAWACCCBDGTAGTCCGGCTGACTGACT,CACACAAAGTCA,2,10E,Agf25-m0,121120,11_20,4,40.28571429,10,na,group1,no,NA,no,no
34-0_09_20,TATGGTAATTGTGTGCCAGCMGCCGCGGTAA,ATTAGAWACCCBDGTAGTCCGGCTGACTGACT,GCATAAACGACT,2,5F,Agf34-m0,90920,09_20,3,24.85714286,6,na,group2,yes,13,yes,no
25-2_11_20,TATGGTAATTGTGTGCCAGCMGCCGCGGTAA,ATTAGAWACCCBDGTAGTCCGGCTGACTGACT,AATATCGGGATC,6,2D,Agf25-m2,121120,11_20,4,40.28571429,10,na,group1,no,NA,no,no
26-0_11_20,TATGGTAATTGTGTGCCAGCMGCCGCGGTAA,ATTAGAWACCCBDGTAGTCCGGCTGACTGACT,GACTCTGCTCAG,1,4H,Agf26-m0,121120,11_20,4,40.28571429,10,na,group1,no,NA,no,no
34-0_11_20,TATGGTAATTGTGTGCCAGCMGCCGCGGTAA,ATTAGAWACCCBDGTAGTCCGGCTGACTGACT,ACCTACTTGTCT,2,8A,Agf34-m0,121120,11_20,4,33,8,na,group2,yes,13,yes,no
18-0_11_20,TATGGTAATTGTGTGCCAGCMGCCGCGGTAA,ATTAGAWACCCBDGTAGTCCGGCTGACTGACT,CGAACGTCTATG,5,6F,Agf18-m0,121120,11_20,4,40.57142857,10,na,group1,no,NA,no,no
18-1_11_20,TATGGTAATTGTGTGCCAGCMGCCGCGGTAA,ATTAGAWACCCBDGTAGTCCGGCTGACTGACT,TCTCTTTCGACA,1,5E,Agf18-m1,121120,11_20,4,40.57142857,10,na,group1,no,NA,no,no
34-0_01_21,TATGGTAATTGTGTGCCAGCMGCCGCGGTAA,ATTAGAWACCCBDGTAGTCCGGCTGACTGACT,GTTCATTAAACT,2,1B,Agf34-m0,100121,01_21,5,41.42857143,10,na,group2,yes,13,yes,no
19-1_11_20,TATGGTAATTGTGTGCCAGCMGCCGCGGTAA,ATTAGAWACCCBDGTAGTCCGGCTGACTGACT,TCTGGCTACGAC,4,5A,Agf19-m1,121120,11_20,4,40.57142857,10,na,group1,no,NA,no,no
19-2_11_20,TATGGTAATTGTGTGCCAGCMGCCGCGGTAA,ATTAGAWACCCBDGTAGTCCGGCTGACTGACT,CGCTAGGATGTT,4,10C,Agf19-m2,121120,11_20,4,40.57142857,10,na,group1,no,NA,no,no
20-0_11_20,TATGGTAATTGTGTGCCAGCMGCCGCGGTAA,ATTAGAWACCCBDGTAGTCCGGCTGACTGACT,CAGCTGGTTCAA,6,9F,Agf20-m0,121120,11_20,4,40.57142857,10,na,group1,no,NA,no,no
34-0_03_21,TATGGTAATTGTGTGCCAGCMGCCGCGGTAA,ATTAGAWACCCBDGTAGTCCGGCTGACTGACT,GTAGTAGACCAT,1,2E,Agf34-m0,40321,03_21,6,49,12,na,group2,yes,13,yes,no
20-2_11_20,TATGGTAATTGTGTGCCAGCMGCCGCGGTAA,ATTAGAWACCCBDGTAGTCCGGCTGACTGACT,CCAGCGCTTCAC,7,12E,Agf20-m2,121120,11_20,4,40.57142857,10,na,group1,no,NA,no,no
34-0_05_21,TATGGTAATTGTGTGCCAGCMGCCGCGGTAA,ATTAGAWACCCBDGTAGTCCGGCTGACTGACT,TAGCGACCTCAC,7,11E,Agf34-m0,20521,05_21,7,53.57142857,14,na,group2,yes,13,yes,no
21-2_11_20,TATGGTAATTGTGTGCCAGCMGCCGCGGTAA,ATTAGAWACCCBDGTAGTCCGGCTGACTGACT,CGCGCCTTAAAC,1,5A,Agf21-m2,121120,11_20,4,40.57142857,10,na,group1,no,NA,no,no
22-0_11_20,TATGGTAATTGTGTGCCAGCMGCCGCGGTAA,ATTAGAWACCCBDGTAGTCCGGCTGACTGACT,GACGTCCCTCCA,7,7C,Agf22-m0,121120,11_20,4,40.57142857,10,na,group1,no,NA,no,no
22-1_11_20,TATGGTAATTGTGTGCCAGCMGCCGCGGTAA,ATTAGAWACCCBDGTAGTCCGGCTGACTGACT,ATTACGTATCAT,1,11E,Agf22-m1,121120,11_20,4,40.57142857,10,na,group1,no,NA,no,no
23-0_11_20,TATGGTAATTGTGTGCCAGCMGCCGCGGTAA,ATTAGAWACCCBDGTAGTCCGGCTGACTGACT,GGTTGCCCTGTA,1,7B,Agf23-m0,121120,11_20,4,40.57142857,10,na,group1,no,NA,no,no
23-1_11_20,TATGGTAATTGTGTGCCAGCMGCCGCGGTAA,ATTAGAWACCCBDGTAGTCCGGCTGACTGACT,GGAGGAGCAATA,7,10A,Agf23-m1,121120,11_20,4,40.57142857,10,na,group1,no,NA,no,no
23-2_11_20,TATGGTAATTGTGTGCCAGCMGCCGCGGTAA,ATTAGAWACCCBDGTAGTCCGGCTGACTGACT,GTCAATTAGTGG,6,11A,Agf23-m2,121120,11_20,4,40.57142857,10,na,group1,no,NA,no,no
14-0_11_20,TATGGTAATTGTGTGCCAGCMGCCGCGGTAA,ATTAGAWACCCBDGTAGTCCGGCTGACTGACT,GTAGGTGCTTAC,7,4E,Agf14-m0,121120,11_20,4,41.14285714,10,na,group1,no,NA,no,no
14-2_11_20,TATGGTAATTGTGTGCCAGCMGCCGCGGTAA,ATTAGAWACCCBDGTAGTCCGGCTGACTGACT,CGTGTTATGTGG,7,9F,Agf14-m2,121120,11_20,4,41.14285714,10,na,group1,no,NA,no,no
15-0_11_20,TATGGTAATTGTGTGCCAGCMGCCGCGGTAA,ATTAGAWACCCBDGTAGTCCGGCTGACTGACT,TGTATGCTTCTA,7,7B,Agf15-m0,121120,11_20,4,41.14285714,10,na,group1,no,NA,no,no
35-2_05_20,TATGGTAATTGTGTGCCAGCMGCCGCGGTAA,ATTAGAWACCCBDGTAGTCCGGCTGACTGACT,GTGGGCGGCCCT,7,5E,Agf35-m2,130520,05_20,1,6.857142857,2,na,group2,yes,12,yes,No
16-2_11_20,TATGGTAATTGTGTGCCAGCMGCCGCGGTAA,ATTAGAWACCCBDGTAGTCCGGCTGACTGACT,TGATTTAATTGC,5,6H,Agf16-m2,121120,11_20,4,41.14285714,10,na,group1,no,NA,no,no
35-2_07_20,TATGGTAATTGTGTGCCAGCMGCCGCGGTAA,ATTAGAWACCCBDGTAGTCCGGCTGACTGACT,GGACAAGTGCGA,3,3B,Agf35-m2,720,07_20,2,15,4,na,group2,yes,12,yes,Yes
40-1_01_21,TATGGTAATTGTGTGCCAGCMGCCGCGGTAA,ATTAGAWACCCBDGTAGTCCGGCTGACTGACT,TACTTAAACATC,6,7H,Agf40-m1,100121,01_21,5,40.71428571,10,na,group2,no,NA,no,no
40-2_01_21,TATGGTAATTGTGTGCCAGCMGCCGCGGTAA,ATTAGAWACCCBDGTAGTCCGGCTGACTGACT,AAGTGGCTATCC,5,1B,Agf40-m2,100121,01_21,5,40.71428571,10,na,group2,no,NA,no,no
41-0_01_21,TATGGTAATTGTGTGCCAGCMGCCGCGGTAA,ATTAGAWACCCBDGTAGTCCGGCTGACTGACT,AATTTCCTAACA,5,1G,Agf41-m0,100121,01_21,5,40.71428571,10,na,group2,no,NA,no,no
35-2_09_20,TATGGTAATTGTGTGCCAGCMGCCGCGGTAA,ATTAGAWACCCBDGTAGTCCGGCTGACTGACT,TTGCCGCTCTGG,3,9B,Agf35-m2,90920,09_20,3,24.85714286,6,na,group2,yes,12,yes,no
32-0_01_21,TATGGTAATTGTGTGCCAGCMGCCGCGGTAA,ATTAGAWACCCBDGTAGTCCGGCTGACTGACT,AGCAACATTGCA,6,5C,Agf32-m0,100121,01_21,5,41,10,na,group2,no,NA,no,no
32-1_01_21,TATGGTAATTGTGTGCCAGCMGCCGCGGTAA,ATTAGAWACCCBDGTAGTCCGGCTGACTGACT,ACGACGCATTTG,1,10F,Agf32-m1,100121,01_21,5,41,10,na,group2,no,NA,no,no
32-2_01_21,TATGGTAATTGTGTGCCAGCMGCCGCGGTAA,ATTAGAWACCCBDGTAGTCCGGCTGACTGACT,GGTGCAGACAGA,5,4H,Agf32-m2,100121,01_21,5,41,10,na,group2,no,NA,no,no
33-0_01_21,TATGGTAATTGTGTGCCAGCMGCCGCGGTAA,ATTAGAWACCCBDGTAGTCCGGCTGACTGACT,GTCAACGCTGTC,1,8E,Agf33-m0,100121,01_21,5,41,10,na,group2,no,NA,no,no
35-2_11_20,TATGGTAATTGTGTGCCAGCMGCCGCGGTAA,ATTAGAWACCCBDGTAGTCCGGCTGACTGACT,GCACGCGAGCAC,5,9G,Agf35-m2,121120,11_20,4,33,8,na,group2,yes,12,yes,no
33-2_01_21,TATGGTAATTGTGTGCCAGCMGCCGCGGTAA,ATTAGAWACCCBDGTAGTCCGGCTGACTGACT,CGCCGTACTTGC,2,2H,Agf33-m2,100121,01_21,5,41,10,na,group2,no,NA,no,no
36-0_01_21,TATGGTAATTGTGTGCCAGCMGCCGCGGTAA,ATTAGAWACCCBDGTAGTCCGGCTGACTGACT,ACGTGAGGAACG,1,6B,Agf36-m0,100121,01_21,5,41,10,na,group2,no,NA,no,no
36-1_01_21,TATGGTAATTGTGTGCCAGCMGCCGCGGTAA,ATTAGAWACCCBDGTAGTCCGGCTGACTGACT,CTCTATTCCACC,6,12C,Agf36-m1,100121,01_21,5,41,10,na,group2,no,NA,no,no
35-2_01_21,TATGGTAATTGTGTGCCAGCMGCCGCGGTAA,ATTAGAWACCCBDGTAGTCCGGCTGACTGACT,GAAATCTTGAAG,1,11C,Agf35-m2,100121,01_21,5,41.42857143,10,na,group2,yes,12,yes,no
37-1_01_21,TATGGTAATTGTGTGCCAGCMGCCGCGGTAA,ATTAGAWACCCBDGTAGTCCGGCTGACTGACT,TATGGGTAGCTA,5,8H,Agf37-m1,100121,01_21,5,41,10,na,group2,no,NA,no,no
35-2_03_21,TATGGTAATTGTGTGCCAGCMGCCGCGGTAA,ATTAGAWACCCBDGTAGTCCGGCTGACTGACT,GTCACTCCGAAC,2,5E,Agf35-m2,40321,03_21,6,49,12,na,group2,yes,12,yes,no
36-2_05_20,TATGGTAATTGTGTGCCAGCMGCCGCGGTAA,ATTAGAWACCCBDGTAGTCCGGCTGACTGACT,GTCCTCGCGACT,4,12D,Agf36-m2,130520,05_20,1,6.428571429,2,na,group2,yes,17,yes,No
38-1_01_21,TATGGTAATTGTGTGCCAGCMGCCGCGGTAA,ATTAGAWACCCBDGTAGTCCGGCTGACTGACT,TAGGCATGCTTG,7,11F,Agf38-m1,100121,01_21,5,41,10,na,group2,no,NA,no,no
39-1_01_21,TATGGTAATTGTGTGCCAGCMGCCGCGGTAA,ATTAGAWACCCBDGTAGTCCGGCTGACTGACT,CGGCCAGAAGCA,3,6E,Agf39-m1,100121,01_21,5,41,10,na,group2,no,NA,no,no
36-2_07_20,TATGGTAATTGTGTGCCAGCMGCCGCGGTAA,ATTAGAWACCCBDGTAGTCCGGCTGACTGACT,CCACAACGATCA,3,9C,Agf36-m2,720,07_20,2,14.57142857,4,na,group2,yes,17,yes,Yes
36-2_09_20,TATGGTAATTGTGTGCCAGCMGCCGCGGTAA,ATTAGAWACCCBDGTAGTCCGGCTGACTGACT,CATTTGACGACG,3,1F,Agf36-m2,90920,09_20,3,24.42857143,6,na,group2,yes,17,yes,no
45-2_01_21,TATGGTAATTGTGTGCCAGCMGCCGCGGTAA,ATTAGAWACCCBDGTAGTCCGGCTGACTGACT,CATAAATTCTTG,6,10H,Agf45-m2,100121,01_21,5,41,10,na,group2,no,NA,no,no
36-2_11_20,TATGGTAATTGTGTGCCAGCMGCCGCGGTAA,ATTAGAWACCCBDGTAGTCCGGCTGACTGACT,CGTTCGCTAGCC,4,12E,Agf36-m2,121120,11_20,4,32.57142857,8,na,group2,yes,17,yes,no
34-1_01_21,TATGGTAATTGTGTGCCAGCMGCCGCGGTAA,ATTAGAWACCCBDGTAGTCCGGCTGACTGACT,CCAGGACAGGAA,3,9A,Agf34-m1,100121,01_21,5,41.42857143,10,na,group2,no,NA,no,no
35-1_01_21,TATGGTAATTGTGTGCCAGCMGCCGCGGTAA,ATTAGAWACCCBDGTAGTCCGGCTGACTGACT,AGGAACCAGACG,6,7B,Agf35-m1,100121,01_21,5,41.42857143,10,na,group2,no,NA,no,no
36-2_01_21,TATGGTAATTGTGTGCCAGCMGCCGCGGTAA,ATTAGAWACCCBDGTAGTCCGGCTGACTGACT,TAACCACCAACG,7,11D,Agf36-m2,100121,01_21,5,41,10,na,group2,yes,17,yes,no
44-0_01_21,TATGGTAATTGTGTGCCAGCMGCCGCGGTAA,ATTAGAWACCCBDGTAGTCCGGCTGACTGACT,CTATGTATTAGT,1,1H,Agf44-m0,100121,01_21,5,41.42857143,10,na,group2,no,NA,no,no
44-1_01_21,TATGGTAATTGTGTGCCAGCMGCCGCGGTAA,ATTAGAWACCCBDGTAGTCCGGCTGACTGACT,CTTGTGCGACAA,5,11D,Agf44-m1,100121,01_21,5,41.42857143,10,na,group2,no,NA,no,no
36-2_03_21,TATGGTAATTGTGTGCCAGCMGCCGCGGTAA,ATTAGAWACCCBDGTAGTCCGGCTGACTGACT,AATTCACCTCCT,1,12A,Agf36-m2,40321,03_21,6,48.57142857,12,na,group2,yes,17,yes,no
30-1_01_21,TATGGTAATTGTGTGCCAGCMGCCGCGGTAA,ATTAGAWACCCBDGTAGTCCGGCTGACTGACT,ACCAGTGACTCA,4,3G,Agf30-m1,100121,01_21,5,41.57142857,10,na,group2,no,NA,no,no
36-2_05_21,TATGGTAATTGTGTGCCAGCMGCCGCGGTAA,ATTAGAWACCCBDGTAGTCCGGCTGACTGACT,TGCCTGCTCGAC,4,12F,Agf36-m2,20521,05_21,7,53.14285714,14,na,group2,yes,17,yes,no
31-0_01_21,TATGGTAATTGTGTGCCAGCMGCCGCGGTAA,ATTAGAWACCCBDGTAGTCCGGCTGACTGACT,ACCAGAAATGTC,4,4D,Agf31-m0,100121,01_21,5,41.57142857,10,na,group2,no,NA,no,no
36-2_06_21,TATGGTAATTGTGTGCCAGCMGCCGCGGTAA,ATTAGAWACCCBDGTAGTCCGGCTGACTGACT,GTTTATCTTAAG,4,6E,Agf36-m2,270521,06_21,8,64.57142857,16,na,group2,yes,17,yes,no
42-1_01_21,TATGGTAATTGTGTGCCAGCMGCCGCGGTAA,ATTAGAWACCCBDGTAGTCCGGCTGACTGACT,CGCTGTGGATTA,2,6G,Agf42-m1,100121,01_21,5,41.57142857,10,na,group2,no,NA,no,no
43-0_01_21,TATGGTAATTGTGTGCCAGCMGCCGCGGTAA,ATTAGAWACCCBDGTAGTCCGGCTGACTGACT,GTTGATACGATG,1,7E,Agf43-m0,100121,01_21,5,41.57142857,10,na,group2,no,NA,no,no
43-1_01_21,TATGGTAATTGTGTGCCAGCMGCCGCGGTAA,ATTAGAWACCCBDGTAGTCCGGCTGACTGACT,CTGGTCTTACGG,5,7E,Agf43-m1,100121,01_21,5,41.57142857,10,na,group2,no,NA,no,no
46-0_01_21,TATGGTAATTGTGTGCCAGCMGCCGCGGTAA,ATTAGAWACCCBDGTAGTCCGGCTGACTGACT,CTACTTACATCC,4,10D,Agf46-m0,100121,01_21,5,41.57142857,10,na,group2,no,NA,no,no
37-0_05_20,TATGGTAATTGTGTGCCAGCMGCCGCGGTAA,ATTAGAWACCCBDGTAGTCCGGCTGACTGACT,CCGCAGCCGCAG,3,2D,Agf37-m0,130520,05_20,1,6.428571429,2,na,group2,yes,10,yes,No
47-0_01_21,TATGGTAATTGTGTGCCAGCMGCCGCGGTAA,ATTAGAWACCCBDGTAGTCCGGCTGACTGACT,TTCCGAATCGGC,7,2F,Agf47-m0,100121,01_21,5,41.57142857,10,na,group2,no,NA,no,no
37-0_07_20,TATGGTAATTGTGTGCCAGCMGCCGCGGTAA,ATTAGAWACCCBDGTAGTCCGGCTGACTGACT,TAATCTCGCCGG,1,3D,Agf37-m0,720,07_20,2,14.57142857,4,na,group2,yes,10,yes,Yes
28-0_01_21,TATGGTAATTGTGTGCCAGCMGCCGCGGTAA,ATTAGAWACCCBDGTAGTCCGGCTGACTGACT,TCGAGAGTTTGC,2,5B,Agf28-m0,100121,01_21,5,47,12,na,group1,no,NA,no,no
28-1_01_21,TATGGTAATTGTGTGCCAGCMGCCGCGGTAA,ATTAGAWACCCBDGTAGTCCGGCTGACTGACT,ATGCCGGTAATA,5,7F,Agf28-m1,100121,01_21,5,47,12,na,group1,no,NA,no,no
29-0_01_21,TATGGTAATTGTGTGCCAGCMGCCGCGGTAA,ATTAGAWACCCBDGTAGTCCGGCTGACTGACT,CGGTATAGCAAT,1,3H,Agf29-m0,100121,01_21,5,47,12,na,group1,no,NA,no,no
29-1_01_21,TATGGTAATTGTGTGCCAGCMGCCGCGGTAA,ATTAGAWACCCBDGTAGTCCGGCTGACTGACT,TAGTGTCGGATC,7,5A,Agf29-m1,100121,01_21,5,47,12,na,group1,no,NA,no,no
37-0_09_20,TATGGTAATTGTGTGCCAGCMGCCGCGGTAA,ATTAGAWACCCBDGTAGTCCGGCTGACTGACT,CTCCACATTCCT,5,5F,Agf37-m0,90920,09_20,3,24.42857143,6,na,group2,yes,10,yes,no
27-0_01_21,TATGGTAATTGTGTGCCAGCMGCCGCGGTAA,ATTAGAWACCCBDGTAGTCCGGCTGACTGACT,GCTCGAAGATTC,1,10G,Agf27-m0,100121,01_21,5,48,12,na,group1,no,NA,no,no
27-1_01_21,TATGGTAATTGTGTGCCAGCMGCCGCGGTAA,ATTAGAWACCCBDGTAGTCCGGCTGACTGACT,AGACTTCTCAGG,3,10B,Agf27-m1,100121,01_21,5,48,12,na,group1,no,NA,no,no
27-2_01_21,TATGGTAATTGTGTGCCAGCMGCCGCGGTAA,ATTAGAWACCCBDGTAGTCCGGCTGACTGACT,CAAACTGCGTTG,2,4B,Agf27-m2,100121,01_21,5,48,12,na,group1,no,NA,no,no
37-0_11_20,TATGGTAATTGTGTGCCAGCMGCCGCGGTAA,ATTAGAWACCCBDGTAGTCCGGCTGACTGACT,GCGTTTGCTAGC,2,6C,Agf37-m0,121120,11_20,4,32.57142857,8,na,group2,yes,10,yes,no
24-1_01_21,TATGGTAATTGTGTGCCAGCMGCCGCGGTAA,ATTAGAWACCCBDGTAGTCCGGCTGACTGACT,GTCAGGTGCGGC,2,11E,Agf24-m1,100121,01_21,5,48.71428571,12,na,group1,no,NA,no,no
37-2_05_20,TATGGTAATTGTGTGCCAGCMGCCGCGGTAA,ATTAGAWACCCBDGTAGTCCGGCTGACTGACT,GCTGCGTATACC,3,1G,Agf37-m2,130520,05_20,1,6.428571429,2,na,group2,yes,13,yes,No
25-0_01_21,TATGGTAATTGTGTGCCAGCMGCCGCGGTAA,ATTAGAWACCCBDGTAGTCCGGCTGACTGACT,GAGTCCGTTGCT,7,10D,Agf25-m0,100121,01_21,5,48.71428571,12,na,group1,no,NA,no,no
37-2_07_20,TATGGTAATTGTGTGCCAGCMGCCGCGGTAA,ATTAGAWACCCBDGTAGTCCGGCTGACTGACT,GTTGACCATCGC,6,7C,Agf37-m2,720,07_20,2,14.57142857,4,na,group2,yes,13,yes,Yes
25-2_01_21,TATGGTAATTGTGTGCCAGCMGCCGCGGTAA,ATTAGAWACCCBDGTAGTCCGGCTGACTGACT,AGTACGCAGTCT,5,7C,Agf25-m2,100121,01_21,5,48.71428571,12,na,group1,no,NA,no,no
26-0_01_21,TATGGTAATTGTGTGCCAGCMGCCGCGGTAA,ATTAGAWACCCBDGTAGTCCGGCTGACTGACT,CCGGACAAGAAG,1,2F,Agf26-m0,100121,01_21,5,48.71428571,12,na,group1,no,NA,no,no
18-0_01_21,TATGGTAATTGTGTGCCAGCMGCCGCGGTAA,ATTAGAWACCCBDGTAGTCCGGCTGACTGACT,GATTCTTTAGAT,5,11A,Agf18-m0,100121,01_21,5,49,12,na,group1,no,NA,no,no
18-1_01_21,TATGGTAATTGTGTGCCAGCMGCCGCGGTAA,ATTAGAWACCCBDGTAGTCCGGCTGACTGACT,CTCACGCAATGC,6,5H,Agf18-m1,100121,01_21,5,49,12,na,group1,no,NA,no,no
18-2_01_21,TATGGTAATTGTGTGCCAGCMGCCGCGGTAA,ATTAGAWACCCBDGTAGTCCGGCTGACTGACT,CTAACCTCATAT,6,4A,Agf18-m2,100121,01_21,5,49,12,na,group1,no,NA,no,no
37-2_11_20,TATGGTAATTGTGTGCCAGCMGCCGCGGTAA,ATTAGAWACCCBDGTAGTCCGGCTGACTGACT,CCACGAGCAGGC,2,2G,Agf37-m2,121120,11_20,4,32.57142857,8,na,group2,yes,13,yes,no
19-1_01_21,TATGGTAATTGTGTGCCAGCMGCCGCGGTAA,ATTAGAWACCCBDGTAGTCCGGCTGACTGACT,TGACTAATGGCC,1,1C,Agf19-m1,100121,01_21,5,49,12,na,group1,no,NA,no,no
20-0_01_21,TATGGTAATTGTGTGCCAGCMGCCGCGGTAA,ATTAGAWACCCBDGTAGTCCGGCTGACTGACT,ATAGTCCTTTAA,3,8F,Agf20-m0,100121,01_21,5,49,12,na,group1,no,NA,no,no
37-2_01_21,TATGGTAATTGTGTGCCAGCMGCCGCGGTAA,ATTAGAWACCCBDGTAGTCCGGCTGACTGACT,CCAACCCAGATC,2,4H,Agf37-m2,100121,01_21,5,41,10,na,group2,yes,13,yes,no
20-2_01_21,TATGGTAATTGTGTGCCAGCMGCCGCGGTAA,ATTAGAWACCCBDGTAGTCCGGCTGACTGACT,TGTGCTTGTAGG,4,12H,Agf20-m2,100121,01_21,5,49,12,na,group1,no,NA,no,no
21-0_01_21,TATGGTAATTGTGTGCCAGCMGCCGCGGTAA,ATTAGAWACCCBDGTAGTCCGGCTGACTGACT,CAGTAGCGATAT,6,5E,Agf21-m0,100121,01_21,5,49,12,na,group1,no,NA,no,no
21-2_01_21,TATGGTAATTGTGTGCCAGCMGCCGCGGTAA,ATTAGAWACCCBDGTAGTCCGGCTGACTGACT,ACTAAGTACCCG,3,2F,Agf21-m2,100121,01_21,5,49,12,na,group1,no,NA,no,no
22-0_01_21,TATGGTAATTGTGTGCCAGCMGCCGCGGTAA,ATTAGAWACCCBDGTAGTCCGGCTGACTGACT,GCAAAGGCCCGC,5,12E,Agf22-m0,100121,01_21,5,49,12,na,group1,no,NA,no,no
22-1_01_21,TATGGTAATTGTGTGCCAGCMGCCGCGGTAA,ATTAGAWACCCBDGTAGTCCGGCTGACTGACT,ATACTGAGTGAA,7,6B,Agf22-m1,100121,01_21,5,49,12,na,group1,no,NA,no,no
23-0_01_21,TATGGTAATTGTGTGCCAGCMGCCGCGGTAA,ATTAGAWACCCBDGTAGTCCGGCTGACTGACT,AACAGTAAACAA,2,12A,Agf23-m0,100121,01_21,5,49,12,na,group1,no,NA,no,no
23-1_01_21,TATGGTAATTGTGTGCCAGCMGCCGCGGTAA,ATTAGAWACCCBDGTAGTCCGGCTGACTGACT,TTAGTTTGTCAC,3,4G,Agf23-m1,100121,01_21,5,49,12,na,group1,no,NA,no,no
23-2_01_21,TATGGTAATTGTGTGCCAGCMGCCGCGGTAA,ATTAGAWACCCBDGTAGTCCGGCTGACTGACT,CAGATCCCAACC,4,7A,Agf23-m2,100121,01_21,5,49,12,na,group1,no,NA,no,no
14-0_01_21,TATGGTAATTGTGTGCCAGCMGCCGCGGTAA,ATTAGAWACCCBDGTAGTCCGGCTGACTGACT,CGGTCAATTGAC,5,3C,Agf14-m0,100121,01_21,5,49.57142857,12,na,group1,no,NA,no,no
37-2_03_21,TATGGTAATTGTGTGCCAGCMGCCGCGGTAA,ATTAGAWACCCBDGTAGTCCGGCTGACTGACT,ACTCGCTCGCTG,1,3B,Agf37-m2,40321,03_21,6,48.57142857,12,na,group2,yes,13,yes,no
14-2_01_21,TATGGTAATTGTGTGCCAGCMGCCGCGGTAA,ATTAGAWACCCBDGTAGTCCGGCTGACTGACT,TATCGTTATCGT,6,7E,Agf14-m2,100121,01_21,5,49.57142857,12,na,group1,no,NA,no,no
15-0_01_21,TATGGTAATTGTGTGCCAGCMGCCGCGGTAA,ATTAGAWACCCBDGTAGTCCGGCTGACTGACT,ATGTATCAATTA,6,8E,Agf15-m0,100121,01_21,5,49.57142857,12,na,group1,no,NA,no,no
15-1_01_21,TATGGTAATTGTGTGCCAGCMGCCGCGGTAA,ATTAGAWACCCBDGTAGTCCGGCTGACTGACT,GGCCTATAAGTC,6,11C,Agf15-m1,100121,01_21,5,49.57142857,12,na,group1,no,NA,no,no
38-0_05_20,TATGGTAATTGTGTGCCAGCMGCCGCGGTAA,ATTAGAWACCCBDGTAGTCCGGCTGACTGACT,TAGACCGACTCC,7,1A,Agf38-m0,130520,05_20,1,6.428571429,2,na,group2,yes,12,yes,No
16-2_01_21,TATGGTAATTGTGTGCCAGCMGCCGCGGTAA,ATTAGAWACCCBDGTAGTCCGGCTGACTGACT,GTTGGGATCCTC,7,5F,Agf16-m2,100121,01_21,5,49.57142857,12,na,group1,no,NA,no,no
38-0_07_20,TATGGTAATTGTGTGCCAGCMGCCGCGGTAA,ATTAGAWACCCBDGTAGTCCGGCTGACTGACT,TATGCCAGAGAT,1,4C,Agf38-m0,720,07_20,2,14.57142857,4,na,group2,yes,12,yes,No
40-1_03_21,TATGGTAATTGTGTGCCAGCMGCCGCGGTAA,ATTAGAWACCCBDGTAGTCCGGCTGACTGACT,GAAGTAGCGAGC,3,8D,Agf40-m1,40321,03_21,6,48.28571429,12,na,group2,no,NA,no,no
40-2_03_21,TATGGTAATTGTGTGCCAGCMGCCGCGGTAA,ATTAGAWACCCBDGTAGTCCGGCTGACTGACT,ACGGTACCCTAC,2,6A,Agf40-m2,40321,03_21,6,48.28571429,12,na,group2,no,NA,no,no
41-0_03_21,TATGGTAATTGTGTGCCAGCMGCCGCGGTAA,ATTAGAWACCCBDGTAGTCCGGCTGACTGACT,TGAACCCTATGG,5,8F,Agf41-m0,40321,03_21,6,48.28571429,12,na,group2,no,NA,no,no
38-0_11_20,TATGGTAATTGTGTGCCAGCMGCCGCGGTAA,ATTAGAWACCCBDGTAGTCCGGCTGACTGACT,GAGGCGCCATAG,7,9C,Agf38-m0,121120,11_20,4,32.57142857,8,na,group2,yes,12,yes,no
32-0_03_21,TATGGTAATTGTGTGCCAGCMGCCGCGGTAA,ATTAGAWACCCBDGTAGTCCGGCTGACTGACT,AGTCCGAGTTGT,4,8F,Agf32-m0,40321,03_21,6,48.57142857,12,na,group2,no,NA,no,no
32-1_03_21,TATGGTAATTGTGTGCCAGCMGCCGCGGTAA,ATTAGAWACCCBDGTAGTCCGGCTGACTGACT,ACTGGCAAACCT,4,3E,Agf32-m1,40321,03_21,6,48.57142857,12,na,group2,no,NA,no,no
32-2_03_21,TATGGTAATTGTGTGCCAGCMGCCGCGGTAA,ATTAGAWACCCBDGTAGTCCGGCTGACTGACT,TCCGGCGGGCAA,2,10B,Agf32-m2,40321,03_21,6,48.57142857,12,na,group2,no,NA,no,no
33-0_03_21,TATGGTAATTGTGTGCCAGCMGCCGCGGTAA,ATTAGAWACCCBDGTAGTCCGGCTGACTGACT,AATAACTAGGGT,1,11D,Agf33-m0,40321,03_21,6,48.57142857,12,na,group2,no,NA,no,no
38-0_01_21,TATGGTAATTGTGTGCCAGCMGCCGCGGTAA,ATTAGAWACCCBDGTAGTCCGGCTGACTGACT,TCAAGTCCGCAC,2,9E,Agf38-m0,100121,01_21,5,41,10,na,group2,yes,12,yes,no
33-2_03_21,TATGGTAATTGTGTGCCAGCMGCCGCGGTAA,ATTAGAWACCCBDGTAGTCCGGCTGACTGACT,ACTTGGTGTAAG,1,10E,Agf33-m2,40321,03_21,6,48.57142857,12,na,group2,no,NA,no,no
36-0_03_21,TATGGTAATTGTGTGCCAGCMGCCGCGGTAA,ATTAGAWACCCBDGTAGTCCGGCTGACTGACT,TGGCGCACGGAC,4,4G,Agf36-m0,40321,03_21,6,48.57142857,12,na,group2,no,NA,no,no
36-1_03_21,TATGGTAATTGTGTGCCAGCMGCCGCGGTAA,ATTAGAWACCCBDGTAGTCCGGCTGACTGACT,CCACCGGGCCGA,4,10G,Agf36-m1,40321,03_21,6,48.57142857,12,na,group2,no,NA,no,no
38-0_03_21,TATGGTAATTGTGTGCCAGCMGCCGCGGTAA,ATTAGAWACCCBDGTAGTCCGGCTGACTGACT,GTCATGCTCCAG,1,5H,Agf38-m0,40321,03_21,6,48.57142857,12,na,group2,yes,12,yes,no
37-1_03_21,TATGGTAATTGTGTGCCAGCMGCCGCGGTAA,ATTAGAWACCCBDGTAGTCCGGCTGACTGACT,TCCGTGGTATAG,5,4D,Agf37-m1,40321,03_21,6,48.57142857,12,na,group2,no,NA,no,no
40-0_05_20,TATGGTAATTGTGTGCCAGCMGCCGCGGTAA,ATTAGAWACCCBDGTAGTCCGGCTGACTGACT,GTACGTCACTGA,3,5F,Agf40-m0,130520,05_20,1,6.142857143,2,na,group2,yes,15,yes,Yes
40-0_07_20,TATGGTAATTGTGTGCCAGCMGCCGCGGTAA,ATTAGAWACCCBDGTAGTCCGGCTGACTGACT,ACATGGGCGGAA,5,2E,Agf40-m0,720,07_20,2,14.28571429,4,na,group2,yes,15,yes,No
38-1_03_21,TATGGTAATTGTGTGCCAGCMGCCGCGGTAA,ATTAGAWACCCBDGTAGTCCGGCTGACTGACT,TCTAACGAGTGC,4,9B,Agf38-m1,40321,03_21,6,48.57142857,12,na,group2,no,NA,no,no
38-2_03_21,TATGGTAATTGTGTGCCAGCMGCCGCGGTAA,ATTAGAWACCCBDGTAGTCCGGCTGACTGACT,TACTGAGCCTCG,5,4G,Agf38-m2,40321,03_21,6,48.57142857,12,na,group2,no,NA,no,no
39-0_03_21,TATGGTAATTGTGTGCCAGCMGCCGCGGTAA,ATTAGAWACCCBDGTAGTCCGGCTGACTGACT,CTCATATGCTAT,6,9D,Agf39-m0,40321,03_21,6,48.57142857,12,na,group2,no,NA,no,no
39-1_03_21,TATGGTAATTGTGTGCCAGCMGCCGCGGTAA,ATTAGAWACCCBDGTAGTCCGGCTGACTGACT,TGGAGCCTTGTC,3,3D,Agf39-m1,40321,03_21,6,48.57142857,12,na,group2,no,NA,no,no
40-0_09_20,TATGGTAATTGTGTGCCAGCMGCCGCGGTAA,ATTAGAWACCCBDGTAGTCCGGCTGACTGACT,TTATACGTTGTA,6,3F,Agf40-m0,90920,09_20,3,24.14285714,6,na,group2,yes,15,yes,no
40-0_11_20,TATGGTAATTGTGTGCCAGCMGCCGCGGTAA,ATTAGAWACCCBDGTAGTCCGGCTGACTGACT,GTCGCTTGCACA,3,11A,Agf40-m0,121120,11_20,4,32.28571429,8,na,group2,yes,15,yes,no
45-2_03_21,TATGGTAATTGTGTGCCAGCMGCCGCGGTAA,ATTAGAWACCCBDGTAGTCCGGCTGACTGACT,CACGAAAGCAGG,5,3G,Agf45-m2,40321,03_21,6,48.57142857,12,na,group2,no,NA,no,no
40-0_01_21,TATGGTAATTGTGTGCCAGCMGCCGCGGTAA,ATTAGAWACCCBDGTAGTCCGGCTGACTGACT,TAGGAGAGACAG,6,4E,Agf40-m0,100121,01_21,5,40.71428571,10,na,group2,yes,15,yes,no
34-1_03_21,TATGGTAATTGTGTGCCAGCMGCCGCGGTAA,ATTAGAWACCCBDGTAGTCCGGCTGACTGACT,ACTTAGACTCTT,4,8H,Agf34-m1,40321,03_21,6,49,12,na,group2,no,NA,no,no
35-0_03_21,TATGGTAATTGTGTGCCAGCMGCCGCGGTAA,ATTAGAWACCCBDGTAGTCCGGCTGACTGACT,GTTCGGTGTCCA,6,1A,Agf35-m0,40321,03_21,6,49,12,na,group2,no,NA,no,no
35-1_03_21,TATGGTAATTGTGTGCCAGCMGCCGCGGTAA,ATTAGAWACCCBDGTAGTCCGGCTGACTGACT,GTGGGACTGCGC,4,6G,Agf35-m1,40321,03_21,6,49,12,na,group2,no,NA,no,no
40-0_03_21,TATGGTAATTGTGTGCCAGCMGCCGCGGTAA,ATTAGAWACCCBDGTAGTCCGGCTGACTGACT,TAAGGTCGATAA,3,9G,Agf40-m0,40321,03_21,6,48.28571429,12,na,group2,yes,15,yes,no
44-0_03_21,TATGGTAATTGTGTGCCAGCMGCCGCGGTAA,ATTAGAWACCCBDGTAGTCCGGCTGACTGACT,CTTCCAACTCAT,5,5B,Agf44-m0,40321,03_21,6,49,12,na,group2,no,NA,no,no
44-1_03_21,TATGGTAATTGTGTGCCAGCMGCCGCGGTAA,ATTAGAWACCCBDGTAGTCCGGCTGACTGACT,GTCGTCCAAATG,1,4G,Agf44-m1,40321,03_21,6,49,12,na,group2,no,NA,no,no
40-0_05_21,TATGGTAATTGTGTGCCAGCMGCCGCGGTAA,ATTAGAWACCCBDGTAGTCCGGCTGACTGACT,ATCGCCGCCTTG,7,4A,Agf40-m0,20521,05_21,7,52.85714286,14,na,group2,yes,15,yes,no
41-1_05_20,TATGGTAATTGTGTGCCAGCMGCCGCGGTAA,ATTAGAWACCCBDGTAGTCCGGCTGACTGACT,TCACTGCTAGGA,7,1D,Agf41-m1,130520,05_20,1,6.142857143,2,na,group2,yes,16,yes,Yes
31-0_03_21,TATGGTAATTGTGTGCCAGCMGCCGCGGTAA,ATTAGAWACCCBDGTAGTCCGGCTGACTGACT,GAATATACCTGG,4,4C,Agf31-m0,40321,03_21,6,49.14285714,12,na,group2,no,NA,no,no
41-1_07_20,TATGGTAATTGTGTGCCAGCMGCCGCGGTAA,ATTAGAWACCCBDGTAGTCCGGCTGACTGACT,AGTCTTAAAGGA,7,6E,Agf41-m1,720,07_20,2,14.28571429,4,na,group2,yes,16,yes,Yes
31-2_03_21,TATGGTAATTGTGTGCCAGCMGCCGCGGTAA,ATTAGAWACCCBDGTAGTCCGGCTGACTGACT,ACGGCGTTATGT,3,1E,Agf31-m2,40321,03_21,6,49.14285714,12,na,group2,no,NA,no,no
42-1_03_21,TATGGTAATTGTGTGCCAGCMGCCGCGGTAA,ATTAGAWACCCBDGTAGTCCGGCTGACTGACT,ACGCGAACTAAT,7,2H,Agf42-m1,40321,03_21,6,49.14285714,12,na,group2,no,NA,no,no
43-0_03_21,TATGGTAATTGTGTGCCAGCMGCCGCGGTAA,ATTAGAWACCCBDGTAGTCCGGCTGACTGACT,GTTCTAAGGTGA,2,9H,Agf43-m0,40321,03_21,6,49.14285714,12,na,group2,no,NA,no,no
43-1_03_21,TATGGTAATTGTGTGCCAGCMGCCGCGGTAA,ATTAGAWACCCBDGTAGTCCGGCTGACTGACT,TTCCCACCCATT,7,2B,Agf43-m1,40321,03_21,6,49.14285714,12,na,group2,no,NA,no,no
46-0_03_21,TATGGTAATTGTGTGCCAGCMGCCGCGGTAA,ATTAGAWACCCBDGTAGTCCGGCTGACTGACT,CTAGTCGCTGGT,6,1D,Agf46-m0,40321,03_21,6,49.14285714,12,na,group2,no,NA,no,no
41-1_09_20,TATGGTAATTGTGTGCCAGCMGCCGCGGTAA,ATTAGAWACCCBDGTAGTCCGGCTGACTGACT,GCCAAGGATAGG,6,5F,Agf41-m1,90920,09_20,3,24.14285714,6,na,group2,yes,16,yes,no
47-0_03_21,TATGGTAATTGTGTGCCAGCMGCCGCGGTAA,ATTAGAWACCCBDGTAGTCCGGCTGACTGACT,GTTAAGCTGACC,5,6A,Agf47-m0,40321,03_21,6,49.14285714,12,na,group2,no,NA,no,no
41-1_11_20,TATGGTAATTGTGTGCCAGCMGCCGCGGTAA,ATTAGAWACCCBDGTAGTCCGGCTGACTGACT,GCCTCTACGTCG,1,10A,Agf41-m1,121120,11_20,4,32.28571429,8,na,group2,yes,16,yes,no
28-0_03_21,TATGGTAATTGTGTGCCAGCMGCCGCGGTAA,ATTAGAWACCCBDGTAGTCCGGCTGACTGACT,GCGCGGCGTTGC,3,10A,Agf28-m0,40321,03_21,6,54.57142857,14,na,group1,no,NA,no,no
28-1_03_21,TATGGTAATTGTGTGCCAGCMGCCGCGGTAA,ATTAGAWACCCBDGTAGTCCGGCTGACTGACT,ATTTACAATTGA,4,3B,Agf28-m1,40321,03_21,6,54.57142857,14,na,group1,no,NA,no,no
29-0_03_21,TATGGTAATTGTGTGCCAGCMGCCGCGGTAA,ATTAGAWACCCBDGTAGTCCGGCTGACTGACT,ACTGTGACGTCC,2,9A,Agf29-m0,40321,03_21,6,54.57142857,14,na,group1,no,NA,no,no
29-1_03_21,TATGGTAATTGTGTGCCAGCMGCCGCGGTAA,ATTAGAWACCCBDGTAGTCCGGCTGACTGACT,TATATAGTATCC,4,1C,Agf29-m1,40321,03_21,6,54.57142857,14,na,group1,no,NA,no,no
41-1_01_21,TATGGTAATTGTGTGCCAGCMGCCGCGGTAA,ATTAGAWACCCBDGTAGTCCGGCTGACTGACT,ATTTGAAGAGGT,6,10A,Agf41-m1,100121,01_21,5,40.71428571,10,na,group2,yes,16,yes,no
27-0_03_21,TATGGTAATTGTGTGCCAGCMGCCGCGGTAA,ATTAGAWACCCBDGTAGTCCGGCTGACTGACT,TTAACAAGGCAA,3,7C,Agf27-m0,40321,03_21,6,55.57142857,14,na,group1,no,NA,no,no
27-1_03_21,TATGGTAATTGTGTGCCAGCMGCCGCGGTAA,ATTAGAWACCCBDGTAGTCCGGCTGACTGACT,CAGTGCACGTCT,5,8C,Agf27-m1,40321,03_21,6,55.57142857,14,na,group1,no,NA,no,no
27-2_03_21,TATGGTAATTGTGTGCCAGCMGCCGCGGTAA,ATTAGAWACCCBDGTAGTCCGGCTGACTGACT,TAGGAACTCACC,2,8F,Agf27-m2,40321,03_21,6,55.57142857,14,na,group1,no,NA,no,no
41-1_03_21,TATGGTAATTGTGTGCCAGCMGCCGCGGTAA,ATTAGAWACCCBDGTAGTCCGGCTGACTGACT,AGACAGTAGGAG,6,8G,Agf41-m1,40321,03_21,6,48.28571429,12,na,group2,yes,16,yes,no
24-1_03_21,TATGGTAATTGTGTGCCAGCMGCCGCGGTAA,ATTAGAWACCCBDGTAGTCCGGCTGACTGACT,GGTCTTAGCACC,4,2H,Agf24-m1,40321,03_21,6,56.28571429,14,na,group1,no,NA,no,no
41-1_05_21,TATGGTAATTGTGTGCCAGCMGCCGCGGTAA,ATTAGAWACCCBDGTAGTCCGGCTGACTGACT,ATGTTCCTCATC,5,4C,Agf41-m1,20521,05_21,7,52.85714286,14,na,group2,yes,16,yes,no
25-0_03_21,TATGGTAATTGTGTGCCAGCMGCCGCGGTAA,ATTAGAWACCCBDGTAGTCCGGCTGACTGACT,CCTACCATTGTT,2,9B,Agf25-m0,40321,03_21,6,56.28571429,14,na,group1,no,NA,no,no
42-0_05_20,TATGGTAATTGTGTGCCAGCMGCCGCGGTAA,ATTAGAWACCCBDGTAGTCCGGCTGACTGACT,ATGCGCCCGTAT,7,9H,Agf42-m0,130520,05_20,1,7,2,na,group2,yes,4,yes,No
25-2_03_21,TATGGTAATTGTGTGCCAGCMGCCGCGGTAA,ATTAGAWACCCBDGTAGTCCGGCTGACTGACT,CTAGAGCTCCCA,4,1H,Agf25-m2,40321,03_21,6,56.28571429,14,na,group1,no,NA,no,no
42-1_09_21,TATGGTAATTGTGTGCCAGCMGCCGCGGTAA,ATTAGAWACCCBDGTAGTCCGGCTGACTGACT,ATCCATGAGCGT,7,11G,Agf42-m1,50921,09_21,9,75.57142857,18,na,group2,yes,4,yes,no
45-0_05_20,TATGGTAATTGTGTGCCAGCMGCCGCGGTAA,ATTAGAWACCCBDGTAGTCCGGCTGACTGACT,ACCCAAGCGTTA,4,2E,Agf45-m0,130520,05_20,1,6.428571429,2,na,group2,yes,12,yes,Yes
18-0_03_21,TATGGTAATTGTGTGCCAGCMGCCGCGGTAA,ATTAGAWACCCBDGTAGTCCGGCTGACTGACT,GATGCCTAATGA,3,4F,Agf18-m0,40321,03_21,6,56.57142857,14,na,group1,no,NA,no,no
19-1_03_21,TATGGTAATTGTGTGCCAGCMGCCGCGGTAA,ATTAGAWACCCBDGTAGTCCGGCTGACTGACT,CAACTTAATGTT,7,10E,Agf19-m1,40321,03_21,6,56.57142857,14,na,group1,no,NA,no,no
19-2_03_21,TATGGTAATTGTGTGCCAGCMGCCGCGGTAA,ATTAGAWACCCBDGTAGTCCGGCTGACTGACT,ATTCGGTAGTGC,6,7F,Agf19-m2,40321,03_21,6,56.57142857,14,na,group1,no,NA,no,no
20-0_03_21,TATGGTAATTGTGTGCCAGCMGCCGCGGTAA,ATTAGAWACCCBDGTAGTCCGGCTGACTGACT,CCGCCAGCTTTG,4,11B,Agf20-m0,40321,03_21,6,56.57142857,14,na,group1,no,NA,no,no
45-0_07_20,TATGGTAATTGTGTGCCAGCMGCCGCGGTAA,ATTAGAWACCCBDGTAGTCCGGCTGACTGACT,CTCACCTAGGAA,4,1F,Agf45-m0,720,07_20,2,14.57142857,4,na,group2,yes,12,yes,Yes
21-0_03_21,TATGGTAATTGTGTGCCAGCMGCCGCGGTAA,ATTAGAWACCCBDGTAGTCCGGCTGACTGACT,CAGGAACCAGGA,2,4F,Agf21-m0,40321,03_21,6,56.57142857,14,na,group1,no,NA,no,no
45-0_09_20,TATGGTAATTGTGTGCCAGCMGCCGCGGTAA,ATTAGAWACCCBDGTAGTCCGGCTGACTGACT,GATGCGCAGGAC,6,1H,Agf45-m0,90920,09_20,3,24.42857143,6,na,group2,yes,12,yes,no
21-2_03_21,TATGGTAATTGTGTGCCAGCMGCCGCGGTAA,ATTAGAWACCCBDGTAGTCCGGCTGACTGACT,CGTATAAATGCG,1,1B,Agf21-m2,40321,03_21,6,56.57142857,14,na,group1,no,NA,no,no
22-0_03_21,TATGGTAATTGTGTGCCAGCMGCCGCGGTAA,ATTAGAWACCCBDGTAGTCCGGCTGACTGACT,CACCCTTGCGAC,3,3F,Agf22-m0,40321,03_21,6,56.57142857,14,na,group1,no,NA,no,no
23-0_03_21,TATGGTAATTGTGTGCCAGCMGCCGCGGTAA,ATTAGAWACCCBDGTAGTCCGGCTGACTGACT,ACTAAAGCAAAC,2,7F,Agf23-m0,40321,03_21,6,56.57142857,14,na,group1,no,NA,no,no
23-1_03_21,TATGGTAATTGTGTGCCAGCMGCCGCGGTAA,ATTAGAWACCCBDGTAGTCCGGCTGACTGACT,TCATACAGCCAG,6,8D,Agf23-m1,40321,03_21,6,56.57142857,14,na,group1,no,NA,no,no
23-2_03_21,TATGGTAATTGTGTGCCAGCMGCCGCGGTAA,ATTAGAWACCCBDGTAGTCCGGCTGACTGACT,CACAGTTGAAGT,5,12D,Agf23-m2,40321,03_21,6,56.57142857,14,na,group1,no,NA,no,no
14-0_03_21,TATGGTAATTGTGTGCCAGCMGCCGCGGTAA,ATTAGAWACCCBDGTAGTCCGGCTGACTGACT,GACCACTGCTGT,7,4G,Agf14-m0,40321,03_21,6,57.14285714,14,na,group1,no,NA,no,no
45-0_11_20,TATGGTAATTGTGTGCCAGCMGCCGCGGTAA,ATTAGAWACCCBDGTAGTCCGGCTGACTGACT,CGAGGGAAAGTC,6,11F,Agf45-m0,121120,11_20,4,32.57142857,8,na,group2,yes,12,yes,no
14-2_03_21,TATGGTAATTGTGTGCCAGCMGCCGCGGTAA,ATTAGAWACCCBDGTAGTCCGGCTGACTGACT,GCGCACACCTTC,5,3F,Agf14-m2,40321,03_21,6,57.14285714,14,na,group1,no,NA,no,no
15-0_03_21,TATGGTAATTGTGTGCCAGCMGCCGCGGTAA,ATTAGAWACCCBDGTAGTCCGGCTGACTGACT,TACCTGTGTCTT,6,1G,Agf15-m0,40321,03_21,6,57.14285714,14,na,group1,no,NA,no,no
15-1_03_21,TATGGTAATTGTGTGCCAGCMGCCGCGGTAA,ATTAGAWACCCBDGTAGTCCGGCTGACTGACT,TAAGAAACGTCA,6,5B,Agf15-m1,40321,03_21,6,57.14285714,14,na,group1,no,NA,no,no
45-0_01_21,TATGGTAATTGTGTGCCAGCMGCCGCGGTAA,ATTAGAWACCCBDGTAGTCCGGCTGACTGACT,GCTAGACACTAC,7,12C,Agf45-m0,100121,01_21,5,41,10,na,group2,yes,12,yes,no
16-1_03_21,TATGGTAATTGTGTGCCAGCMGCCGCGGTAA,ATTAGAWACCCBDGTAGTCCGGCTGACTGACT,ATCTAGTGGCAA,1,4D,Agf16-m1,40321,03_21,6,57.14285714,14,na,group1,no,NA,no,no
16-2_03_21,TATGGTAATTGTGTGCCAGCMGCCGCGGTAA,ATTAGAWACCCBDGTAGTCCGGCTGACTGACT,AGCCGCGGGTCC,2,6H,Agf16-m2,40321,03_21,6,57.14285714,14,na,group1,no,NA,no,no
45-0_03_21,TATGGTAATTGTGTGCCAGCMGCCGCGGTAA,ATTAGAWACCCBDGTAGTCCGGCTGACTGACT,GAGGCAAACGCC,7,11H,Agf45-m0,40321,03_21,6,48.57142857,12,na,group2,yes,12,yes,no
40-1_05_21,TATGGTAATTGTGTGCCAGCMGCCGCGGTAA,ATTAGAWACCCBDGTAGTCCGGCTGACTGACT,TAGCAGTTGCGT,2,12D,Agf40-m1,20521,05_21,7,52.85714286,14,na,group2,no,NA,no,no
40-2_05_21,TATGGTAATTGTGTGCCAGCMGCCGCGGTAA,ATTAGAWACCCBDGTAGTCCGGCTGACTGACT,CAATCATAGGTG,2,3E,Agf40-m2,20521,05_21,7,52.85714286,14,na,group2,no,NA,no,no
41-0_05_21,TATGGTAATTGTGTGCCAGCMGCCGCGGTAA,ATTAGAWACCCBDGTAGTCCGGCTGACTGACT,AGATGTCCGTCA,2,12C,Agf41-m0,20521,05_21,7,52.85714286,14,na,group2,no,NA,no,no
45-1_05_20,TATGGTAATTGTGTGCCAGCMGCCGCGGTAA,ATTAGAWACCCBDGTAGTCCGGCTGACTGACT,CATGTCTTCCAT,2,11A,Agf45-m1,130520,05_20,1,6.428571429,2,na,group2,yes,17,yes,No
32-0_05_21,TATGGTAATTGTGTGCCAGCMGCCGCGGTAA,ATTAGAWACCCBDGTAGTCCGGCTGACTGACT,ACCGAACAATCC,2,5A,Agf32-m0,20521,05_21,7,53.14285714,14,na,group2,no,NA,no,no
32-1_05_21,TATGGTAATTGTGTGCCAGCMGCCGCGGTAA,ATTAGAWACCCBDGTAGTCCGGCTGACTGACT,ATGTGCTGCTCG,2,2F,Agf32-m1,20521,05_21,7,53.14285714,14,na,group2,no,NA,no,no
32-2_05_21,TATGGTAATTGTGTGCCAGCMGCCGCGGTAA,ATTAGAWACCCBDGTAGTCCGGCTGACTGACT,TAGGACGGGAGT,4,1A,Agf32-m2,20521,05_21,7,53.14285714,14,na,group2,no,NA,no,no
33-0_05_21,TATGGTAATTGTGTGCCAGCMGCCGCGGTAA,ATTAGAWACCCBDGTAGTCCGGCTGACTGACT,TATTGCAGCAGC,1,12D,Agf33-m0,20521,05_21,7,53.14285714,14,na,group2,no,NA,no,no
45-1_07_20,TATGGTAATTGTGTGCCAGCMGCCGCGGTAA,ATTAGAWACCCBDGTAGTCCGGCTGACTGACT,ATATTGGCAGCC,5,2H,Agf45-m1,720,07_20,2,14.57142857,4,na,group2,yes,17,yes,No
33-2_05_21,TATGGTAATTGTGTGCCAGCMGCCGCGGTAA,ATTAGAWACCCBDGTAGTCCGGCTGACTGACT,ATATGTTCTCAA,2,1F,Agf33-m2,20521,05_21,7,53.14285714,14,na,group2,no,NA,no,no
36-0_05_21,TATGGTAATTGTGTGCCAGCMGCCGCGGTAA,ATTAGAWACCCBDGTAGTCCGGCTGACTGACT,ACCTTACACCTT,1,2D,Agf36-m0,20521,05_21,7,53.14285714,14,na,group2,no,NA,no,no
45-1_09_20,TATGGTAATTGTGTGCCAGCMGCCGCGGTAA,ATTAGAWACCCBDGTAGTCCGGCTGACTGACT,TCTTAAGATTTG,7,8G,Agf45-m1,90920,09_20,3,24.42857143,6,na,group2,yes,17,yes,no
37-1_05_21,TATGGTAATTGTGTGCCAGCMGCCGCGGTAA,ATTAGAWACCCBDGTAGTCCGGCTGACTGACT,TGTGCACGCCAT,1,1F,Agf37-m1,20521,05_21,7,53.14285714,14,na,group2,no,NA,no,no
38-1_05_21,TATGGTAATTGTGTGCCAGCMGCCGCGGTAA,ATTAGAWACCCBDGTAGTCCGGCTGACTGACT,TGCGCGCCTTCC,5,3E,Agf38-m1,20521,05_21,7,53.14285714,14,na,group2,no,NA,no,no
38-2_05_21,TATGGTAATTGTGTGCCAGCMGCCGCGGTAA,ATTAGAWACCCBDGTAGTCCGGCTGACTGACT,AATAGATGCTGA,5,12G,Agf38-m2,20521,05_21,7,53.14285714,14,na,group2,no,NA,no,no
39-1_05_21,TATGGTAATTGTGTGCCAGCMGCCGCGGTAA,ATTAGAWACCCBDGTAGTCCGGCTGACTGACT,ATAACGGTGTAC,5,12B,Agf39-m1,20521,05_21,7,53.14285714,14,na,group2,no,NA,no,no
45-1_01_21,TATGGTAATTGTGTGCCAGCMGCCGCGGTAA,ATTAGAWACCCBDGTAGTCCGGCTGACTGACT,GAGTTCCATTGG,7,7F,Agf45-m1,100121,01_21,5,41,10,na,group2,yes,17,yes,no
45-2_05_21,TATGGTAATTGTGTGCCAGCMGCCGCGGTAA,ATTAGAWACCCBDGTAGTCCGGCTGACTGACT,AGTGTTTCGGAC,3,10E,Agf45-m2,20521,05_21,7,53.14285714,14,na,group2,no,NA,no,no
45-1_03_21,TATGGTAATTGTGTGCCAGCMGCCGCGGTAA,ATTAGAWACCCBDGTAGTCCGGCTGACTGACT,CATTCGTGGCGT,5,6C,Agf45-m1,40321,03_21,6,48.57142857,12,na,group2,yes,17,yes,no
34-1_05_21,TATGGTAATTGTGTGCCAGCMGCCGCGGTAA,ATTAGAWACCCBDGTAGTCCGGCTGACTGACT,ATTTGCTTTGCC,6,3B,Agf34-m1,20521,05_21,7,53.57142857,14,na,group2,no,NA,no,no
35-1_05_21,TATGGTAATTGTGTGCCAGCMGCCGCGGTAA,ATTAGAWACCCBDGTAGTCCGGCTGACTGACT,GCTGCCCACCTA,2,5C,Agf35-m1,20521,05_21,7,53.57142857,14,na,group2,no,NA,no,no
44-0_05_21,TATGGTAATTGTGTGCCAGCMGCCGCGGTAA,ATTAGAWACCCBDGTAGTCCGGCTGACTGACT,TCCTAGGTCCGA,6,10C,Agf44-m0,20521,05_21,7,53.57142857,14,na,group2,no,NA,no,no
30-1_05_21,TATGGTAATTGTGTGCCAGCMGCCGCGGTAA,ATTAGAWACCCBDGTAGTCCGGCTGACTGACT,TCAGACCAACTG,2,1G,Agf30-m1,20521,05_21,7,53.71428571,14,na,group2,no,NA,no,no
45-1_05_21,TATGGTAATTGTGTGCCAGCMGCCGCGGTAA,ATTAGAWACCCBDGTAGTCCGGCTGACTGACT,TGGCAGCGAGCC,3,7E,Agf45-m1,20521,05_21,7,53.14285714,14,na,group2,yes,17,yes,no
45-1_06_21,TATGGTAATTGTGTGCCAGCMGCCGCGGTAA,ATTAGAWACCCBDGTAGTCCGGCTGACTGACT,CTTGAGAAATCG,6,10F,Agf45-m1,270521,06_21,8,64.57142857,16,na,group2,yes,17,yes,no
31-2_05_21,TATGGTAATTGTGTGCCAGCMGCCGCGGTAA,ATTAGAWACCCBDGTAGTCCGGCTGACTGACT,AGAGACGCGTAG,4,9G,Agf31-m2,20521,05_21,7,53.71428571,14,na,group2,no,NA,no,no
42-1_05_21,TATGGTAATTGTGTGCCAGCMGCCGCGGTAA,ATTAGAWACCCBDGTAGTCCGGCTGACTGACT,TTGGACGTCCAC,5,9F,Agf42-m1,20521,05_21,7,53.71428571,14,na,group2,no,NA,no,no
43-1_05_21,TATGGTAATTGTGTGCCAGCMGCCGCGGTAA,ATTAGAWACCCBDGTAGTCCGGCTGACTGACT,CAATAGAATAAG,5,8A,Agf43-m1,20521,05_21,7,53.71428571,14,na,group2,no,NA,no,no
46-0_05_21,TATGGTAATTGTGTGCCAGCMGCCGCGGTAA,ATTAGAWACCCBDGTAGTCCGGCTGACTGACT,TTACTTATCCGA,3,4D,Agf46-m0,20521,05_21,7,53.71428571,14,na,group2,no,NA,no,no
46-1_05_20,TATGGTAATTGTGTGCCAGCMGCCGCGGTAA,ATTAGAWACCCBDGTAGTCCGGCTGACTGACT,GGAATCCGATTA,7,1B,Agf46-m1,130520,05_20,1,7,2,na,group2,yes,17,yes,No
47-0_05_21,TATGGTAATTGTGTGCCAGCMGCCGCGGTAA,ATTAGAWACCCBDGTAGTCCGGCTGACTGACT,AGCTTCGACAGT,6,5A,Agf47-m0,20521,05_21,7,53.71428571,14,na,group2,no,NA,no,no
46-1_07_20,TATGGTAATTGTGTGCCAGCMGCCGCGGTAA,ATTAGAWACCCBDGTAGTCCGGCTGACTGACT,CTCTGAGGTAAC,2,10A,Agf46-m1,720,07_20,2,15.14285714,4,na,group2,yes,17,yes,No
28-1_05_21,TATGGTAATTGTGTGCCAGCMGCCGCGGTAA,ATTAGAWACCCBDGTAGTCCGGCTGACTGACT,AGAATCCACCAC,3,12D,Agf28-m1,20521,05_21,7,59.14285714,14,na,group1,no,NA,no,no
29-0_05_21,TATGGTAATTGTGTGCCAGCMGCCGCGGTAA,ATTAGAWACCCBDGTAGTCCGGCTGACTGACT,CAAATTCGGGAT,3,4A,Agf29-m0,20521,05_21,7,59.14285714,14,na,group1,no,NA,no,no
29-1_05_21,TATGGTAATTGTGTGCCAGCMGCCGCGGTAA,ATTAGAWACCCBDGTAGTCCGGCTGACTGACT,CGTCGCAGCCTT,4,9D,Agf29-m1,20521,05_21,7,59.14285714,14,na,group1,no,NA,no,no
46-1_09_20,TATGGTAATTGTGTGCCAGCMGCCGCGGTAA,ATTAGAWACCCBDGTAGTCCGGCTGACTGACT,CCTAACGGTCCA,1,4A,Agf46-m1,90920,09_20,3,25,6,na,group2,yes,17,yes,no
27-0_05_21,TATGGTAATTGTGTGCCAGCMGCCGCGGTAA,ATTAGAWACCCBDGTAGTCCGGCTGACTGACT,TATGGTACCCAG,1,6A,Agf27-m0,20521,05_21,7,60.14285714,16,na,group1,no,NA,no,no
27-1_05_21,TATGGTAATTGTGTGCCAGCMGCCGCGGTAA,ATTAGAWACCCBDGTAGTCCGGCTGACTGACT,TGTCAAAGTGAC,1,12G,Agf27-m1,20521,05_21,7,60.14285714,16,na,group1,no,NA,no,no
27-2_05_21,TATGGTAATTGTGTGCCAGCMGCCGCGGTAA,ATTAGAWACCCBDGTAGTCCGGCTGACTGACT,CGACCTCGCATA,5,5C,Agf27-m2,20521,05_21,7,60.14285714,16,na,group1,no,NA,no,no
46-1_11_20,TATGGTAATTGTGTGCCAGCMGCCGCGGTAA,ATTAGAWACCCBDGTAGTCCGGCTGACTGACT,GATCCGGCAGGA,5,5A,Agf46-m1,121120,11_20,4,33.14285714,8,na,group2,yes,17,yes,no
24-1_05_21,TATGGTAATTGTGTGCCAGCMGCCGCGGTAA,ATTAGAWACCCBDGTAGTCCGGCTGACTGACT,ACACGTTTGGGT,4,8D,Agf24-m1,20521,05_21,7,60.85714286,16,na,group1,no,NA,no,no
46-1_01_21,TATGGTAATTGTGTGCCAGCMGCCGCGGTAA,ATTAGAWACCCBDGTAGTCCGGCTGACTGACT,GACTTGGTAAAC,7,12H,Agf46-m1,100121,01_21,5,41.57142857,10,na,group2,yes,17,yes,no
25-0_05_21,TATGGTAATTGTGTGCCAGCMGCCGCGGTAA,ATTAGAWACCCBDGTAGTCCGGCTGACTGACT,ATTGCCTTGATT,4,6C,Agf25-m0,20521,05_21,7,60.85714286,16,na,group1,no,NA,no,no
46-1_03_21,TATGGTAATTGTGTGCCAGCMGCCGCGGTAA,ATTAGAWACCCBDGTAGTCCGGCTGACTGACT,TGCGGCGTCAGG,2,5G,Agf46-m1,40321,03_21,6,49.14285714,12,na,group2,yes,17,yes,no
25-2_05_21,TATGGTAATTGTGTGCCAGCMGCCGCGGTAA,ATTAGAWACCCBDGTAGTCCGGCTGACTGACT,AAGTAGGAAGGA,7,9G,Agf25-m2,20521,05_21,7,60.85714286,16,na,group1,no,NA,no,no
26-0_05_21,TATGGTAATTGTGTGCCAGCMGCCGCGGTAA,ATTAGAWACCCBDGTAGTCCGGCTGACTGACT,TGATATCGTCTT,1,7C,Agf26-m0,20521,05_21,7,60.85714286,16,na,group1,no,NA,no,no
18-1_05_21,TATGGTAATTGTGTGCCAGCMGCCGCGGTAA,ATTAGAWACCCBDGTAGTCCGGCTGACTGACT,TTCAGCGATGGT,6,8A,Agf18-m1,20521,05_21,7,61.14285714,16,na,group1,no,NA,no,no
18-2_05_21,TATGGTAATTGTGTGCCAGCMGCCGCGGTAA,ATTAGAWACCCBDGTAGTCCGGCTGACTGACT,TTCACGCGCCCA,7,5G,Agf18-m2,20521,05_21,7,61.14285714,16,na,group1,no,NA,no,no
19-1_05_21,TATGGTAATTGTGTGCCAGCMGCCGCGGTAA,ATTAGAWACCCBDGTAGTCCGGCTGACTGACT,AATACAGACCTG,3,2B,Agf19-m1,20521,05_21,7,61.14285714,16,na,group1,no,NA,no,no
19-2_05_21,TATGGTAATTGTGTGCCAGCMGCCGCGGTAA,ATTAGAWACCCBDGTAGTCCGGCTGACTGACT,TGGAATTCGGCT,7,2A,Agf19-m2,20521,05_21,7,61.14285714,16,na,group1,no,NA,no,no
20-0_05_21,TATGGTAATTGTGTGCCAGCMGCCGCGGTAA,ATTAGAWACCCBDGTAGTCCGGCTGACTGACT,GCATGTCGAAAT,7,2G,Agf20-m0,20521,05_21,7,61.14285714,16,na,group1,no,NA,no,no
46-1_05_21,TATGGTAATTGTGTGCCAGCMGCCGCGGTAA,ATTAGAWACCCBDGTAGTCCGGCTGACTGACT,GTGCCATAATCG,1,11H,Agf46-m1,20521,05_21,7,53.71428571,14,na,group2,yes,17,yes,no
21-0_05_21,TATGGTAATTGTGTGCCAGCMGCCGCGGTAA,ATTAGAWACCCBDGTAGTCCGGCTGACTGACT,TACAATATCTGT,1,7A,Agf21-m0,20521,05_21,7,61.14285714,16,na,group1,no,NA,no,no
21-2_05_21,TATGGTAATTGTGTGCCAGCMGCCGCGGTAA,ATTAGAWACCCBDGTAGTCCGGCTGACTGACT,ATCGTTATATCA,6,6H,Agf21-m2,20521,05_21,7,61.14285714,16,na,group1,no,NA,no,no
22-0_05_21,TATGGTAATTGTGTGCCAGCMGCCGCGGTAA,ATTAGAWACCCBDGTAGTCCGGCTGACTGACT,TATGTTGACGGC,3,9E,Agf22-m0,20521,05_21,7,61.14285714,16,na,group1,no,NA,no,no
22-1_05_21,TATGGTAATTGTGTGCCAGCMGCCGCGGTAA,ATTAGAWACCCBDGTAGTCCGGCTGACTGACT,ACCACCGTAACC,4,10E,Agf22-m1,20521,05_21,7,61.14285714,16,na,group1,no,NA,no,no
23-0_05_21,TATGGTAATTGTGTGCCAGCMGCCGCGGTAA,ATTAGAWACCCBDGTAGTCCGGCTGACTGACT,ATAGACACTCCG,6,9G,Agf23-m0,20521,05_21,7,61.14285714,16,na,group1,no,NA,no,no
23-1_05_21,TATGGTAATTGTGTGCCAGCMGCCGCGGTAA,ATTAGAWACCCBDGTAGTCCGGCTGACTGACT,AGATGCAATGAT,4,2F,Agf23-m1,20521,05_21,7,61.14285714,16,na,group1,no,NA,no,no
23-2_05_21,TATGGTAATTGTGTGCCAGCMGCCGCGGTAA,ATTAGAWACCCBDGTAGTCCGGCTGACTGACT,ATGGATAGCTAA,6,12D,Agf23-m2,20521,05_21,7,61.14285714,16,na,group1,no,NA,no,no
46-1_06_21,TATGGTAATTGTGTGCCAGCMGCCGCGGTAA,ATTAGAWACCCBDGTAGTCCGGCTGACTGACT,ACTCCCGTGTGA,1,2H,Agf46-m1,270521,06_21,8,65.14285714,16,na,group2,yes,17,yes,no
14-2_05_21,TATGGTAATTGTGTGCCAGCMGCCGCGGTAA,ATTAGAWACCCBDGTAGTCCGGCTGACTGACT,AAGCCTCTACGA,6,3D,Agf14-m2,20521,05_21,7,61.71428571,16,na,group1,no,NA,no,no
47-1_05_20,TATGGTAATTGTGTGCCAGCMGCCGCGGTAA,ATTAGAWACCCBDGTAGTCCGGCTGACTGACT,AGTATATGTTTC,5,1D,Agf47-m1,130520,05_20,1,7,2,na,group2,yes,13,yes,No
16-1_05_21,TATGGTAATTGTGTGCCAGCMGCCGCGGTAA,ATTAGAWACCCBDGTAGTCCGGCTGACTGACT,AGGGACTTCAAT,3,5E,Agf16-m1,20521,05_21,7,61.71428571,16,na,group1,no,NA,no,no
40-1_06_21,TATGGTAATTGTGTGCCAGCMGCCGCGGTAA,ATTAGAWACCCBDGTAGTCCGGCTGACTGACT,CAATGTAGACAC,3,6A,Agf40-m1,270521,06_21,8,64.28571429,16,na,group2,no,NA,no,no
40-2_06_21,TATGGTAATTGTGTGCCAGCMGCCGCGGTAA,ATTAGAWACCCBDGTAGTCCGGCTGACTGACT,GATCCCACGTAC,4,10B,Agf40-m2,270521,06_21,8,64.28571429,16,na,group2,no,NA,no,no
41-0_06_21,TATGGTAATTGTGTGCCAGCMGCCGCGGTAA,ATTAGAWACCCBDGTAGTCCGGCTGACTGACT,AGCGATTCCTCG,4,9E,Agf41-m0,270521,06_21,8,64.28571429,16,na,group2,no,NA,no,no
32-0_06_21,TATGGTAATTGTGTGCCAGCMGCCGCGGTAA,ATTAGAWACCCBDGTAGTCCGGCTGACTGACT,CCTCGCATGACC,3,1A,Agf32-m0,270521,06_21,8,64.57142857,16,na,group2,no,NA,no,no
32-1_06_21,TATGGTAATTGTGTGCCAGCMGCCGCGGTAA,ATTAGAWACCCBDGTAGTCCGGCTGACTGACT,GCGATCACACCT,1,5F,Agf32-m1,270521,06_21,8,64.57142857,16,na,group2,no,NA,no,no
32-2_06_21,TATGGTAATTGTGTGCCAGCMGCCGCGGTAA,ATTAGAWACCCBDGTAGTCCGGCTGACTGACT,CAAGTGAAGGGA,1,10B,Agf32-m2,270521,06_21,8,64.57142857,16,na,group2,no,NA,no,no
33-0_06_21,TATGGTAATTGTGTGCCAGCMGCCGCGGTAA,ATTAGAWACCCBDGTAGTCCGGCTGACTGACT,ATAATTGCCGAG,3,9H,Agf33-m0,270521,06_21,8,64.57142857,16,na,group2,no,NA,no,no
47-1_07_20,TATGGTAATTGTGTGCCAGCMGCCGCGGTAA,ATTAGAWACCCBDGTAGTCCGGCTGACTGACT,TGACTGCGTTAG,4,7B,Agf47-m1,720,07_20,2,15.14285714,4,na,group2,yes,13,yes,Yes
33-2_06_21,TATGGTAATTGTGTGCCAGCMGCCGCGGTAA,ATTAGAWACCCBDGTAGTCCGGCTGACTGACT,GAGGCCTCGGGT,7,12G,Agf33-m2,270521,06_21,8,64.57142857,16,na,group2,no,NA,no,no
36-0_06_21,TATGGTAATTGTGTGCCAGCMGCCGCGGTAA,ATTAGAWACCCBDGTAGTCCGGCTGACTGACT,GTTCGCCGCATC,4,7E,Agf36-m0,270521,06_21,8,64.57142857,16,na,group2,no,NA,no,no
36-1_06_21,TATGGTAATTGTGTGCCAGCMGCCGCGGTAA,ATTAGAWACCCBDGTAGTCCGGCTGACTGACT,CTTGCTCATAAT,2,7G,Agf36-m1,270521,06_21,8,64.57142857,16,na,group2,no,NA,no,no
47-1_11_20,TATGGTAATTGTGTGCCAGCMGCCGCGGTAA,ATTAGAWACCCBDGTAGTCCGGCTGACTGACT,TCCGCTGCTGAC,5,3D,Agf47-m1,121120,11_20,4,33.14285714,8,na,group2,yes,13,yes,no
37-1_06_21,TATGGTAATTGTGTGCCAGCMGCCGCGGTAA,ATTAGAWACCCBDGTAGTCCGGCTGACTGACT,GGTGTGAGAAAG,6,4F,Agf37-m1,270521,06_21,8,64.57142857,16,na,group2,no,NA,no,no
38-1_06_21,TATGGTAATTGTGTGCCAGCMGCCGCGGTAA,ATTAGAWACCCBDGTAGTCCGGCTGACTGACT,AATCCGGTCACC,4,11G,Agf38-m1,270521,06_21,8,64.57142857,16,na,group2,no,NA,no,no
38-2_06_21,TATGGTAATTGTGTGCCAGCMGCCGCGGTAA,ATTAGAWACCCBDGTAGTCCGGCTGACTGACT,TCATTAGCGTGG,2,1H,Agf38-m2,270521,06_21,8,64.57142857,16,na,group2,no,NA,no,no
39-0_06_21,TATGGTAATTGTGTGCCAGCMGCCGCGGTAA,ATTAGAWACCCBDGTAGTCCGGCTGACTGACT,TCGTTATTCAGT,2,1D,Agf39-m0,270521,06_21,8,64.57142857,16,na,group2,no,NA,no,no
39-1_06_21,TATGGTAATTGTGTGCCAGCMGCCGCGGTAA,ATTAGAWACCCBDGTAGTCCGGCTGACTGACT,GCAAGAATACAT,6,1B,Agf39-m1,270521,06_21,8,64.57142857,16,na,group2,no,NA,no,no
47-1_01_21,TATGGTAATTGTGTGCCAGCMGCCGCGGTAA,ATTAGAWACCCBDGTAGTCCGGCTGACTGACT,GTTGAAGCACCT,5,9D,Agf47-m1,100121,01_21,5,41.57142857,10,na,group2,yes,13,yes,no
45-2_06_21,TATGGTAATTGTGTGCCAGCMGCCGCGGTAA,ATTAGAWACCCBDGTAGTCCGGCTGACTGACT,GGACTTCCAGCT,7,9A,Agf45-m2,270521,06_21,8,64.57142857,16,na,group2,no,NA,no,no
34-1_06_21,TATGGTAATTGTGTGCCAGCMGCCGCGGTAA,ATTAGAWACCCBDGTAGTCCGGCTGACTGACT,TCGAGCCGATCT,3,9F,Agf34-m1,270521,06_21,8,65,16,na,group2,no,NA,no,no
35-0_06_21,TATGGTAATTGTGTGCCAGCMGCCGCGGTAA,ATTAGAWACCCBDGTAGTCCGGCTGACTGACT,TGGTTTCGAAGA,7,4D,Agf35-m0,270521,06_21,8,65,16,na,group2,no,NA,no,no
35-1_06_21,TATGGTAATTGTGTGCCAGCMGCCGCGGTAA,ATTAGAWACCCBDGTAGTCCGGCTGACTGACT,GTTGCTGAGTCC,3,10G,Agf35-m1,270521,06_21,8,65,16,na,group2,no,NA,no,no
44-0_06_21,TATGGTAATTGTGTGCCAGCMGCCGCGGTAA,ATTAGAWACCCBDGTAGTCCGGCTGACTGACT,AATTTAGGTAGG,1,8A,Agf44-m0,270521,06_21,8,65,16,na,group2,no,NA,no,no
44-1_06_21,TATGGTAATTGTGTGCCAGCMGCCGCGGTAA,ATTAGAWACCCBDGTAGTCCGGCTGACTGACT,AGAAGGCCTTAT,6,1E,Agf44-m1,270521,06_21,8,65,16,na,group2,no,NA,no,no
30-1_06_21,TATGGTAATTGTGTGCCAGCMGCCGCGGTAA,ATTAGAWACCCBDGTAGTCCGGCTGACTGACT,GTCGGGCCGGTA,7,12B,Agf30-m1,270521,06_21,8,65.14285714,16,na,group2,no,NA,no,no
31-0_06_21,TATGGTAATTGTGTGCCAGCMGCCGCGGTAA,ATTAGAWACCCBDGTAGTCCGGCTGACTGACT,GACCCGTTTCGC,4,6B,Agf31-m0,270521,06_21,8,65.14285714,16,na,group2,no,NA,no,no
31-2_06_21,TATGGTAATTGTGTGCCAGCMGCCGCGGTAA,ATTAGAWACCCBDGTAGTCCGGCTGACTGACT,GTCACGGACATT,4,3C,Agf31-m2,270521,06_21,8,65.14285714,16,na,group2,no,NA,no,no
42-1_06_21,TATGGTAATTGTGTGCCAGCMGCCGCGGTAA,ATTAGAWACCCBDGTAGTCCGGCTGACTGACT,ACCTCAGTCAAG,2,12G,Agf42-m1,270521,06_21,8,65.14285714,16,na,group2,no,NA,no,no
43-0_06_21,TATGGTAATTGTGTGCCAGCMGCCGCGGTAA,ATTAGAWACCCBDGTAGTCCGGCTGACTGACT,ATGACTAAGATG,2,10H,Agf43-m0,270521,06_21,8,65.14285714,16,na,group2,no,NA,no,no
43-1_06_21,TATGGTAATTGTGTGCCAGCMGCCGCGGTAA,ATTAGAWACCCBDGTAGTCCGGCTGACTGACT,CGGTGACCTACT,1,8C,Agf43-m1,270521,06_21,8,65.14285714,16,na,group2,no,NA,no,no
46-0_06_21,TATGGTAATTGTGTGCCAGCMGCCGCGGTAA,ATTAGAWACCCBDGTAGTCCGGCTGACTGACT,GTGACCCTGTCA,6,4C,Agf46-m0,270521,06_21,8,65.14285714,16,na,group2,no,NA,no,no
47-1_03_21,TATGGTAATTGTGTGCCAGCMGCCGCGGTAA,ATTAGAWACCCBDGTAGTCCGGCTGACTGACT,ACGCCGAGGTAG,6,4H,Agf47-m1,40321,03_21,6,49.14285714,12,na,group2,yes,13,yes,no
47-0_06_21,TATGGTAATTGTGTGCCAGCMGCCGCGGTAA,ATTAGAWACCCBDGTAGTCCGGCTGACTGACT,AGGATCAGGGAA,1,10D,Agf47-m0,270521,06_21,8,65.14285714,16,na,group2,no,NA,no,no
28-0_06_21,TATGGTAATTGTGTGCCAGCMGCCGCGGTAA,ATTAGAWACCCBDGTAGTCCGGCTGACTGACT,TTACTGTGGCCG,1,6G,Agf28-m0,270521,06_21,8,70.57142857,18,na,group1,no,NA,no,no
28-1_06_21,TATGGTAATTGTGTGCCAGCMGCCGCGGTAA,ATTAGAWACCCBDGTAGTCCGGCTGACTGACT,CCTATTGCGGCC,5,7A,Agf28-m1,270521,06_21,8,70.57142857,18,na,group1,no,NA,no,no
29-0_06_21,TATGGTAATTGTGTGCCAGCMGCCGCGGTAA,ATTAGAWACCCBDGTAGTCCGGCTGACTGACT,GCAGAGAGGCTA,7,10C,Agf29-m0,270521,06_21,8,70.57142857,18,na,group1,no,NA,no,no
29-1_06_21,TATGGTAATTGTGTGCCAGCMGCCGCGGTAA,ATTAGAWACCCBDGTAGTCCGGCTGACTGACT,GGCGTAACGGCA,3,2A,Agf29-m1,270521,06_21,8,70.57142857,18,na,group1,no,NA,no,no
27-0_06_21,TATGGTAATTGTGTGCCAGCMGCCGCGGTAA,ATTAGAWACCCBDGTAGTCCGGCTGACTGACT,ACGTATTCGAAG,3,4C,Agf27-m0,270521,06_21,8,71.57142857,18,na,group1,no,NA,no,no
27-1_06_21,TATGGTAATTGTGTGCCAGCMGCCGCGGTAA,ATTAGAWACCCBDGTAGTCCGGCTGACTGACT,TTGCGGACCCTA,1,3G,Agf27-m1,270521,06_21,8,71.57142857,18,na,group1,no,NA,no,no
27-2_06_21,TATGGTAATTGTGTGCCAGCMGCCGCGGTAA,ATTAGAWACCCBDGTAGTCCGGCTGACTGACT,TAGACTTCAGAG,4,7H,Agf27-m2,270521,06_21,8,71.57142857,18,na,group1,no,NA,no,no
24-1_06_21,TATGGTAATTGTGTGCCAGCMGCCGCGGTAA,ATTAGAWACCCBDGTAGTCCGGCTGACTGACT,GTGAATGTTCGA,3,8E,Agf24-m1,270521,06_21,8,72.28571429,18,na,group1,no,NA,no,no
25-0_06_21,TATGGTAATTGTGTGCCAGCMGCCGCGGTAA,ATTAGAWACCCBDGTAGTCCGGCTGACTGACT,GTTGTTCTGGGA,3,3H,Agf25-m0,270521,06_21,8,72.28571429,18,na,group1,no,NA,no,no
25-2_06_21,TATGGTAATTGTGTGCCAGCMGCCGCGGTAA,ATTAGAWACCCBDGTAGTCCGGCTGACTGACT,AAGGCGCTCCTT,3,1C,Agf25-m2,270521,06_21,8,72.28571429,18,na,group1,no,NA,no,no
26-0_06_21,TATGGTAATTGTGTGCCAGCMGCCGCGGTAA,ATTAGAWACCCBDGTAGTCCGGCTGACTGACT,AACACCATCGAC,4,4E,Agf26-m0,270521,06_21,8,72.28571429,18,na,group1,no,NA,no,no
18-0_06_21,TATGGTAATTGTGTGCCAGCMGCCGCGGTAA,ATTAGAWACCCBDGTAGTCCGGCTGACTGACT,GTTAGGGAGCGA,5,7B,Agf18-m0,270521,06_21,8,72.57142857,18,na,group1,no,NA,no,no
18-1_06_21,TATGGTAATTGTGTGCCAGCMGCCGCGGTAA,ATTAGAWACCCBDGTAGTCCGGCTGACTGACT,CTCAGCGGGACG,3,2G,Agf18-m1,270521,06_21,8,72.57142857,18,na,group1,no,NA,no,no
18-2_06_21,TATGGTAATTGTGTGCCAGCMGCCGCGGTAA,ATTAGAWACCCBDGTAGTCCGGCTGACTGACT,CTCCCACTAGAG,5,12F,Agf18-m2,270521,06_21,8,72.57142857,18,na,group1,no,NA,no,no
19-1_06_21,TATGGTAATTGTGTGCCAGCMGCCGCGGTAA,ATTAGAWACCCBDGTAGTCCGGCTGACTGACT,CCGAGGTATAAT,3,7B,Agf19-m1,270521,06_21,8,72.57142857,18,na,group1,no,NA,no,no
19-2_06_21,TATGGTAATTGTGTGCCAGCMGCCGCGGTAA,ATTAGAWACCCBDGTAGTCCGGCTGACTGACT,AATCTAACAATT,6,5G,Agf19-m2,270521,06_21,8,72.57142857,18,na,group1,no,NA,no,no
20-0_06_21,TATGGTAATTGTGTGCCAGCMGCCGCGGTAA,ATTAGAWACCCBDGTAGTCCGGCTGACTGACT,GCTATATCCAGG,6,2G,Agf20-m0,270521,06_21,8,72.57142857,18,na,group1,no,NA,no,no
20-2_06_21,TATGGTAATTGTGTGCCAGCMGCCGCGGTAA,ATTAGAWACCCBDGTAGTCCGGCTGACTGACT,CTGTAAAGGTTG,6,11H,Agf20-m2,270521,06_21,8,72.57142857,18,na,group1,no,NA,no,no
21-0_06_21,TATGGTAATTGTGTGCCAGCMGCCGCGGTAA,ATTAGAWACCCBDGTAGTCCGGCTGACTGACT,GTGGAGTCTCAT,1,1D,Agf21-m0,270521,06_21,8,72.57142857,18,na,group1,no,NA,no,no
21-2_06_21,TATGGTAATTGTGTGCCAGCMGCCGCGGTAA,ATTAGAWACCCBDGTAGTCCGGCTGACTGACT,CTCTTCTGATCA,6,10D,Agf21-m2,270521,06_21,8,72.57142857,18,na,group1,no,NA,no,no
22-0_06_21,TATGGTAATTGTGTGCCAGCMGCCGCGGTAA,ATTAGAWACCCBDGTAGTCCGGCTGACTGACT,CGCAATGAGGGA,3,1D,Agf22-m0,270521,06_21,8,72.57142857,18,na,group1,no,NA,no,no
22-1_06_21,TATGGTAATTGTGTGCCAGCMGCCGCGGTAA,ATTAGAWACCCBDGTAGTCCGGCTGACTGACT,GTCTGACGGTCT,7,7E,Agf22-m1,270521,06_21,8,72.57142857,18,na,group1,no,NA,no,no
23-0_06_21,TATGGTAATTGTGTGCCAGCMGCCGCGGTAA,ATTAGAWACCCBDGTAGTCCGGCTGACTGACT,ATACCGTCTTTC,4,11H,Agf23-m0,270521,06_21,8,72.57142857,18,na,group1,no,NA,no,no
23-1_06_21,TATGGTAATTGTGTGCCAGCMGCCGCGGTAA,ATTAGAWACCCBDGTAGTCCGGCTGACTGACT,TCCGCCTAGTCG,3,12A,Agf23-m1,270521,06_21,8,72.57142857,18,na,group1,no,NA,no,no
23-2_06_21,TATGGTAATTGTGTGCCAGCMGCCGCGGTAA,ATTAGAWACCCBDGTAGTCCGGCTGACTGACT,CGTGGCTTTCCG,5,3H,Agf23-m2,270521,06_21,8,72.57142857,18,na,group1,no,NA,no,no
14-0_06_21,TATGGTAATTGTGTGCCAGCMGCCGCGGTAA,ATTAGAWACCCBDGTAGTCCGGCTGACTGACT,GGCAGTGTTAAT,6,12H,Agf14-m0,240621,06_21,8,73.14285714,18,na,group1,no,NA,no,no
14-2_06_21,TATGGTAATTGTGTGCCAGCMGCCGCGGTAA,ATTAGAWACCCBDGTAGTCCGGCTGACTGACT,CGATATCAGTAG,7,9B,Agf14-m2,270521,06_21,8,73.14285714,18,na,group1,no,NA,no,no
15-0_06_21,TATGGTAATTGTGTGCCAGCMGCCGCGGTAA,ATTAGAWACCCBDGTAGTCCGGCTGACTGACT,TCTACGGCACGT,6,10B,Agf15-m0,270521,06_21,8,73.14285714,18,na,group1,no,NA,no,no
15-1_06_21,TATGGTAATTGTGTGCCAGCMGCCGCGGTAA,ATTAGAWACCCBDGTAGTCCGGCTGACTGACT,ACCCGGATTTCG,6,3C,Agf15-m1,270521,06_21,8,73.14285714,18,na,group1,no,NA,no,no
16-1_06_21,TATGGTAATTGTGTGCCAGCMGCCGCGGTAA,ATTAGAWACCCBDGTAGTCCGGCTGACTGACT,GTGTAATGTAGA,7,5B,Agf16-m1,270521,06_21,8,73.14285714,18,na,group1,no,NA,no,no
16-2_06_21,TATGGTAATTGTGTGCCAGCMGCCGCGGTAA,ATTAGAWACCCBDGTAGTCCGGCTGACTGACT,ATGCCTCGTAAG,3,3G,Agf16-m2,270521,06_21,8,73.14285714,18,na,group1,no,NA,no,no
40-1_09_21,TATGGTAATTGTGTGCCAGCMGCCGCGGTAA,ATTAGAWACCCBDGTAGTCCGGCTGACTGACT,TTGCACCGTCGA,4,3A,Agf40-m1,50921,09_21,9,74.71428571,18,na,group2,no,NA,no,no
40-2_09_21,TATGGTAATTGTGTGCCAGCMGCCGCGGTAA,ATTAGAWACCCBDGTAGTCCGGCTGACTGACT,AGCCTTCGTCGC,1,1A,Agf40-m2,50921,09_21,9,74.71428571,18,na,group2,no,NA,no,no
41-0_09_21,TATGGTAATTGTGTGCCAGCMGCCGCGGTAA,ATTAGAWACCCBDGTAGTCCGGCTGACTGACT,CGACACGGAGAA,2,6B,Agf41-m0,50921,09_21,9,74.71428571,18,na,group2,no,NA,no,no
32-0_09_21,TATGGTAATTGTGTGCCAGCMGCCGCGGTAA,ATTAGAWACCCBDGTAGTCCGGCTGACTGACT,CGCTGGCTTTAG,6,8F,Agf32-m0,50921,09_21,9,75,18,na,group2,no,NA,no,no
32-1_09_21,TATGGTAATTGTGTGCCAGCMGCCGCGGTAA,ATTAGAWACCCBDGTAGTCCGGCTGACTGACT,TGAGTCATTGAG,2,7A,Agf32-m1,50921,09_21,9,75,18,na,group2,no,NA,no,no
33-0_09_21,TATGGTAATTGTGTGCCAGCMGCCGCGGTAA,ATTAGAWACCCBDGTAGTCCGGCTGACTGACT,GTCTCCTCCCTT,5,11G,Agf33-m0,50921,09_21,9,75,18,na,group2,no,NA,no,no
33-2_09_21,TATGGTAATTGTGTGCCAGCMGCCGCGGTAA,ATTAGAWACCCBDGTAGTCCGGCTGACTGACT,AGAGGAGTCGAC,5,11F,Agf33-m2,50921,09_21,9,75,18,na,group2,no,NA,no,no
36-0_09_21,TATGGTAATTGTGTGCCAGCMGCCGCGGTAA,ATTAGAWACCCBDGTAGTCCGGCTGACTGACT,CGCACGTACCTC,4,11D,Agf36-m0,50921,09_21,9,75,18,na,group2,no,NA,no,no
36-1_09_21,TATGGTAATTGTGTGCCAGCMGCCGCGGTAA,ATTAGAWACCCBDGTAGTCCGGCTGACTGACT,CAAACCTATGGC,3,12E,Agf36-m1,50921,09_21,9,75,18,na,group2,no,NA,no,no
37-1_09_21,TATGGTAATTGTGTGCCAGCMGCCGCGGTAA,ATTAGAWACCCBDGTAGTCCGGCTGACTGACT,TAAGGCATCGCT,2,10D,Agf37-m1,50921,09_21,9,75,18,na,group2,no,NA,no,no
38-1_09_21,TATGGTAATTGTGTGCCAGCMGCCGCGGTAA,ATTAGAWACCCBDGTAGTCCGGCTGACTGACT,TCATCTTGATTG,4,12B,Agf38-m1,50921,09_21,9,75,18,na,group2,no,NA,no,no
38-2_09_21,TATGGTAATTGTGTGCCAGCMGCCGCGGTAA,ATTAGAWACCCBDGTAGTCCGGCTGACTGACT,AGCGGTAGCGGT,4,11C,Agf38-m2,50921,09_21,9,75,18,na,group2,no,NA,no,no
39-0_09_21,TATGGTAATTGTGTGCCAGCMGCCGCGGTAA,ATTAGAWACCCBDGTAGTCCGGCTGACTGACT,CTATCTCCTGTC,3,12B,Agf39-m0,50921,09_21,9,75,18,na,group2,no,NA,no,no
39-1_09_21,TATGGTAATTGTGTGCCAGCMGCCGCGGTAA,ATTAGAWACCCBDGTAGTCCGGCTGACTGACT,TATAGGCTCCGC,3,8H,Agf39-m1,50921,09_21,9,75,18,na,group2,no,NA,no,no
45-2_09_21,TATGGTAATTGTGTGCCAGCMGCCGCGGTAA,ATTAGAWACCCBDGTAGTCCGGCTGACTGACT,CTTCGGAGGGAG,6,4B,Agf45-m2,50921,09_21,9,75,18,na,group2,no,NA,no,no
34-1_09_21,TATGGTAATTGTGTGCCAGCMGCCGCGGTAA,ATTAGAWACCCBDGTAGTCCGGCTGACTGACT,AACTCAATAGCG,2,12F,Agf34-m1,50921,09_21,9,75.42857143,18,na,group2,no,NA,no,no
35-0_09_21,TATGGTAATTGTGTGCCAGCMGCCGCGGTAA,ATTAGAWACCCBDGTAGTCCGGCTGACTGACT,CGCAGATTAGTA,6,9C,Agf35-m0,50921,09_21,9,75.42857143,18,na,group2,no,NA,no,no
35-1_09_21,TATGGTAATTGTGTGCCAGCMGCCGCGGTAA,ATTAGAWACCCBDGTAGTCCGGCTGACTGACT,TAATCCATAATC,2,11B,Agf35-m1,50921,09_21,9,75.42857143,18,na,group2,no,NA,no,no
44-0_09_21,TATGGTAATTGTGTGCCAGCMGCCGCGGTAA,ATTAGAWACCCBDGTAGTCCGGCTGACTGACT,CGTTCTGGTGGT,2,6E,Agf44-m0,50921,09_21,9,75.42857143,18,na,group2,no,NA,no,no
44-1_09_21,TATGGTAATTGTGTGCCAGCMGCCGCGGTAA,ATTAGAWACCCBDGTAGTCCGGCTGACTGACT,TCCGGACTCCTG,5,10H,Agf44-m1,50921,09_21,9,75.42857143,18,na,group2,no,NA,no,no
31-0_09_21,TATGGTAATTGTGTGCCAGCMGCCGCGGTAA,ATTAGAWACCCBDGTAGTCCGGCTGACTGACT,CGTGAGGACCAG,4,9F,Agf31-m0,50921,09_21,9,75.57142857,18,na,group2,no,NA,no,no
31-2_09_21,TATGGTAATTGTGTGCCAGCMGCCGCGGTAA,ATTAGAWACCCBDGTAGTCCGGCTGACTGACT,ACTCACAGGAAT,5,9C,Agf31-m2,50921,09_21,9,75.57142857,18,na,group2,no,NA,no,no
47-1_05_21,TATGGTAATTGTGTGCCAGCMGCCGCGGTAA,ATTAGAWACCCBDGTAGTCCGGCTGACTGACT,CAGGGTAGGGTA,6,1C,Agf47-m1,20521,05_21,7,53.71428571,14,na,group2,yes,13,yes,no
43-0_09_21,TATGGTAATTGTGTGCCAGCMGCCGCGGTAA,ATTAGAWACCCBDGTAGTCCGGCTGACTGACT,TGGTGTTTATAT,5,10C,Agf43-m0,50921,09_21,9,75.57142857,18,na,group2,no,NA,no,no
43-1_09_21,TATGGTAATTGTGTGCCAGCMGCCGCGGTAA,ATTAGAWACCCBDGTAGTCCGGCTGACTGACT,GTCGTTACCCGC,5,1C,Agf43-m1,50921,09_21,9,75.57142857,18,na,group2,no,NA,no,no
47-0_09_21,TATGGTAATTGTGTGCCAGCMGCCGCGGTAA,ATTAGAWACCCBDGTAGTCCGGCTGACTGACT,TGAGTATGAGTA,1,7H,Agf47-m0,50921,09_21,9,75.57142857,18,na,group2,no,NA,no,no
