index,k__Bacteria,LinkerPrimerSequence,ReversePrimer,barcode,Plate,WellPosition,mice_name,date,date_month,number,AgeWeeks,AgeMonth,group,death_age_month,death,metabolomics
14-0_01_21,4000.0,TATGGTAATTGTGTGCCAGCMGCCGCGGTAA,ATTAGAWACCCBDGTAGTCCGGCTGACTGACT,CGGTCAATTGAC,5.0,3C,Agf14-m0,100121.0,01_21,5.0,49.57142857,Month_12,group1,NA,no,no
14-0_05_20,4000.0,TATGGTAATTGTGTGCCAGCMGCCGCGGTAA,ATTAGAWACCCBDGTAGTCCGGCTGACTGACT,CAGTCCCTGCAC,5.0,6G,Agf14-m0,130520.0,05_20,1.0,15.0,Month_04,group1,NA,no,yes
14-0_06_21,4000.0,TATGGTAATTGTGTGCCAGCMGCCGCGGTAA,ATTAGAWACCCBDGTAGTCCGGCTGACTGACT,GGCAGTGTTAAT,6.0,12H,Agf14-m0,240621.0,06_21,8.0,73.14285714,Month_18,group1,NA,no,no
14-1_03_21,4000.0,TATGGTAATTGTGTGCCAGCMGCCGCGGTAA,ATTAGAWACCCBDGTAGTCCGGCTGACTGACT,CGGTAGTTGATC,7.0,3D,Agf14-m1,40321.0,03_21,6.0,57.14285714,Month_14,group1,17,yes,no
14-1_05_20,4000.0,TATGGTAATTGTGTGCCAGCMGCCGCGGTAA,ATTAGAWACCCBDGTAGTCCGGCTGACTGACT,GCCCTTCCCGTG,5.0,12C,Agf14-m1,130520.0,05_20,1.0,15.0,Month_04,group1,17,yes,yes
14-1_05_21,4000.0,TATGGTAATTGTGTGCCAGCMGCCGCGGTAA,ATTAGAWACCCBDGTAGTCCGGCTGACTGACT,CGGAGAGACATG,3.0,10H,Agf14-m1,20521.0,05_21,7.0,61.71428571,Month_16,group1,17,yes,no
14-1_07_20,4000.0,TATGGTAATTGTGTGCCAGCMGCCGCGGTAA,ATTAGAWACCCBDGTAGTCCGGCTGACTGACT,TGGTGGAGTTTC,3.0,6C,Agf14-m1,720.0,07_20,2.0,23.14285714,Month_06,group1,17,yes,no
14-2_01_21,4000.0,TATGGTAATTGTGTGCCAGCMGCCGCGGTAA,ATTAGAWACCCBDGTAGTCCGGCTGACTGACT,TATCGTTATCGT,6.0,7E,Agf14-m2,100121.0,01_21,5.0,49.57142857,Month_12,group1,NA,no,no
14-2_05_20,4000.0,TATGGTAATTGTGTGCCAGCMGCCGCGGTAA,ATTAGAWACCCBDGTAGTCCGGCTGACTGACT,CAGACCGGACGA,7.0,2E,Agf14-m2,130520.0,05_20,1.0,15.0,Month_04,group1,NA,no,yes
14-2_05_21,4000.0,TATGGTAATTGTGTGCCAGCMGCCGCGGTAA,ATTAGAWACCCBDGTAGTCCGGCTGACTGACT,AAGCCTCTACGA,6.0,3D,Agf14-m2,20521.0,05_21,7.0,61.71428571,Month_16,group1,NA,no,no
14-2_06_21,4000.0,TATGGTAATTGTGTGCCAGCMGCCGCGGTAA,ATTAGAWACCCBDGTAGTCCGGCTGACTGACT,CGATATCAGTAG,7.0,9B,Agf14-m2,270521.0,06_21,8.0,73.14285714,Month_18,group1,NA,no,no
14-2_09_20,4000.0,TATGGTAATTGTGTGCCAGCMGCCGCGGTAA,ATTAGAWACCCBDGTAGTCCGGCTGACTGACT,ATGTAGGCTTAG,5.0,10F,Agf14-m2,90920.0,09_20,3.0,33.0,Month_08,group1,NA,no,no
15-0_03_21,4000.0,TATGGTAATTGTGTGCCAGCMGCCGCGGTAA,ATTAGAWACCCBDGTAGTCCGGCTGACTGACT,TACCTGTGTCTT,6.0,1G,Agf15-m0,40321.0,03_21,6.0,57.14285714,Month_14,group1,NA,no,no
15-0_06_21,4000.0,TATGGTAATTGTGTGCCAGCMGCCGCGGTAA,ATTAGAWACCCBDGTAGTCCGGCTGACTGACT,TCTACGGCACGT,6.0,10B,Agf15-m0,270521.0,06_21,8.0,73.14285714,Month_18,group1,NA,no,no
15-0_07_20,4000.0,TATGGTAATTGTGTGCCAGCMGCCGCGGTAA,ATTAGAWACCCBDGTAGTCCGGCTGACTGACT,AGCCCGCAAAGG,6.0,11B,Agf15-m0,720.0,07_20,2.0,23.14285714,Month_06,group1,NA,no,no
15-1_01_21,4000.0,TATGGTAATTGTGTGCCAGCMGCCGCGGTAA,ATTAGAWACCCBDGTAGTCCGGCTGACTGACT,GGCCTATAAGTC,6.0,11C,Agf15-m1,100121.0,01_21,5.0,49.57142857,Month_12,group1,NA,no,no
15-1_03_21,4000.0,TATGGTAATTGTGTGCCAGCMGCCGCGGTAA,ATTAGAWACCCBDGTAGTCCGGCTGACTGACT,TAAGAAACGTCA,6.0,5B,Agf15-m1,40321.0,03_21,6.0,57.14285714,Month_14,group1,NA,no,no
15-1_05_20,4000.0,TATGGTAATTGTGTGCCAGCMGCCGCGGTAA,ATTAGAWACCCBDGTAGTCCGGCTGACTGACT,TGAGTGGTCTGT,1.0,8F,Agf15-m1,130520.0,05_20,1.0,15.0,Month_04,group1,NA,no,yes
15-1_06_21,4000.0,TATGGTAATTGTGTGCCAGCMGCCGCGGTAA,ATTAGAWACCCBDGTAGTCCGGCTGACTGACT,ACCCGGATTTCG,6.0,3C,Agf15-m1,270521.0,06_21,8.0,73.14285714,Month_18,group1,NA,no,no
15-1_07_20,4000.0,TATGGTAATTGTGTGCCAGCMGCCGCGGTAA,ATTAGAWACCCBDGTAGTCCGGCTGACTGACT,CACGTTTATTCC,1.0,11B,Agf15-m1,720.0,07_20,2.0,23.14285714,Month_06,group1,NA,no,no
15-1_09_20,4000.0,TATGGTAATTGTGTGCCAGCMGCCGCGGTAA,ATTAGAWACCCBDGTAGTCCGGCTGACTGACT,AGTTATTCTAGT,7.0,3E,Agf15-m1,90920.0,09_20,3.0,33.0,Month_08,group1,NA,no,no
16-0_01_21,4000.0,TATGGTAATTGTGTGCCAGCMGCCGCGGTAA,ATTAGAWACCCBDGTAGTCCGGCTGACTGACT,CGAATACTGACA,3.0,7G,Agf16-m0,100121.0,01_21,5.0,49.57142857,Month_12,group1,15,yes,no
16-0_05_21,4000.0,TATGGTAATTGTGTGCCAGCMGCCGCGGTAA,ATTAGAWACCCBDGTAGTCCGGCTGACTGACT,AATTAATATGTA,2.0,8C,Agf16-m0,20521.0,05_21,7.0,61.71428571,Month_16,group1,15,yes,no
16-0_07_20,4000.0,TATGGTAATTGTGTGCCAGCMGCCGCGGTAA,ATTAGAWACCCBDGTAGTCCGGCTGACTGACT,CTGGTGCTGAAT,5.0,8D,Agf16-m0,720.0,07_20,2.0,23.14285714,Month_06,group1,15,yes,no
16-0_11_20,4000.0,TATGGTAATTGTGTGCCAGCMGCCGCGGTAA,ATTAGAWACCCBDGTAGTCCGGCTGACTGACT,GTTCCATCGGCC,6.0,6G,Agf16-m0,121120.0,11_20,4.0,41.14285714,Month_10,group1,15,yes,no
16-1_03_21,4000.0,TATGGTAATTGTGTGCCAGCMGCCGCGGTAA,ATTAGAWACCCBDGTAGTCCGGCTGACTGACT,ATCTAGTGGCAA,1.0,4D,Agf16-m1,40321.0,03_21,6.0,57.14285714,Month_14,group1,NA,no,no
16-1_05_21,4000.0,TATGGTAATTGTGTGCCAGCMGCCGCGGTAA,ATTAGAWACCCBDGTAGTCCGGCTGACTGACT,AGGGACTTCAAT,3.0,5E,Agf16-m1,20521.0,05_21,7.0,61.71428571,Month_16,group1,NA,no,no
16-1_07_20,4000.0,TATGGTAATTGTGTGCCAGCMGCCGCGGTAA,ATTAGAWACCCBDGTAGTCCGGCTGACTGACT,GAGCGCCGAACA,6.0,12B,Agf16-m1,720.0,07_20,2.0,23.14285714,Month_06,group1,NA,no,no
16-2_07_20,4000.0,TATGGTAATTGTGTGCCAGCMGCCGCGGTAA,ATTAGAWACCCBDGTAGTCCGGCTGACTGACT,AACGCTTCTTAT,5.0,12H,Agf16-m2,720.0,07_20,2.0,23.14285714,Month_06,group1,NA,no,no
18-0_01_21,4000.0,TATGGTAATTGTGTGCCAGCMGCCGCGGTAA,ATTAGAWACCCBDGTAGTCCGGCTGACTGACT,GATTCTTTAGAT,5.0,11A,Agf18-m0,100121.0,01_21,5.0,49.0,Month_12,group1,NA,no,no
18-0_03_21,4000.0,TATGGTAATTGTGTGCCAGCMGCCGCGGTAA,ATTAGAWACCCBDGTAGTCCGGCTGACTGACT,GATGCCTAATGA,3.0,4F,Agf18-m0,40321.0,03_21,6.0,56.57142857,Month_14,group1,NA,no,no
18-0_06_21,4000.0,TATGGTAATTGTGTGCCAGCMGCCGCGGTAA,ATTAGAWACCCBDGTAGTCCGGCTGACTGACT,GTTAGGGAGCGA,5.0,7B,Agf18-m0,270521.0,06_21,8.0,72.57142857,Month_18,group1,NA,no,no
18-0_11_20,4000.0,TATGGTAATTGTGTGCCAGCMGCCGCGGTAA,ATTAGAWACCCBDGTAGTCCGGCTGACTGACT,CGAACGTCTATG,5.0,6F,Agf18-m0,121120.0,11_20,4.0,40.57142857,Month_10,group1,NA,no,no
18-1_01_21,4000.0,TATGGTAATTGTGTGCCAGCMGCCGCGGTAA,ATTAGAWACCCBDGTAGTCCGGCTGACTGACT,CTCACGCAATGC,6.0,5H,Agf18-m1,100121.0,01_21,5.0,49.0,Month_12,group1,NA,no,no
18-1_05_20,4000.0,TATGGTAATTGTGTGCCAGCMGCCGCGGTAA,ATTAGAWACCCBDGTAGTCCGGCTGACTGACT,GCTAGTTATGGA,5.0,2A,Agf18-m1,130520.0,05_20,1.0,14.42857143,Month_04,group1,NA,no,yes
18-1_06_21,4000.0,TATGGTAATTGTGTGCCAGCMGCCGCGGTAA,ATTAGAWACCCBDGTAGTCCGGCTGACTGACT,CTCAGCGGGACG,3.0,2G,Agf18-m1,270521.0,06_21,8.0,72.57142857,Month_18,group1,NA,no,no
18-2_01_21,4000.0,TATGGTAATTGTGTGCCAGCMGCCGCGGTAA,ATTAGAWACCCBDGTAGTCCGGCTGACTGACT,CTAACCTCATAT,6.0,4A,Agf18-m2,100121.0,01_21,5.0,49.0,Month_12,group1,NA,no,no
18-2_05_20,4000.0,TATGGTAATTGTGTGCCAGCMGCCGCGGTAA,ATTAGAWACCCBDGTAGTCCGGCTGACTGACT,CTGAGGCCCTTC,5.0,7H,Agf18-m2,130520.0,05_20,1.0,14.42857143,Month_04,group1,NA,no,yes
18-2_06_21,4000.0,TATGGTAATTGTGTGCCAGCMGCCGCGGTAA,ATTAGAWACCCBDGTAGTCCGGCTGACTGACT,CTCCCACTAGAG,5.0,12F,Agf18-m2,270521.0,06_21,8.0,72.57142857,Month_18,group1,NA,no,no
18-2_07_20,4000.0,TATGGTAATTGTGTGCCAGCMGCCGCGGTAA,ATTAGAWACCCBDGTAGTCCGGCTGACTGACT,AGGACAAACTAT,5.0,11B,Agf18-m2,720.0,07_20,2.0,22.57142857,Month_06,group1,NA,no,no
18-2_09_20,4000.0,TATGGTAATTGTGTGCCAGCMGCCGCGGTAA,ATTAGAWACCCBDGTAGTCCGGCTGACTGACT,CGTGGTGGGAAC,6.0,8B,Agf18-m2,90920.0,09_20,3.0,32.42857143,Month_08,group1,NA,no,no
19-0_01_21,4000.0,TATGGTAATTGTGTGCCAGCMGCCGCGGTAA,ATTAGAWACCCBDGTAGTCCGGCTGACTGACT,CAGTGTCATGAA,6.0,6C,Agf19-m0,100121.0,01_21,5.0,49.0,Month_12,group1,13,yes,no
19-0_07_20,4000.0,TATGGTAATTGTGTGCCAGCMGCCGCGGTAA,ATTAGAWACCCBDGTAGTCCGGCTGACTGACT,CATGATTAAGAG,6.0,3G,Agf19-m0,720.0,07_20,2.0,22.57142857,Month_06,group1,13,yes,no
19-0_11_20,4000.0,TATGGTAATTGTGTGCCAGCMGCCGCGGTAA,ATTAGAWACCCBDGTAGTCCGGCTGACTGACT,GAACCAGTACTC,1.0,9H,Agf19-m0,121120.0,11_20,4.0,40.57142857,Month_10,group1,13,yes,no
19-1_01_21,4000.0,TATGGTAATTGTGTGCCAGCMGCCGCGGTAA,ATTAGAWACCCBDGTAGTCCGGCTGACTGACT,TGACTAATGGCC,1.0,1C,Agf19-m1,100121.0,01_21,5.0,49.0,Month_12,group1,NA,no,no
19-1_03_21,4000.0,TATGGTAATTGTGTGCCAGCMGCCGCGGTAA,ATTAGAWACCCBDGTAGTCCGGCTGACTGACT,CAACTTAATGTT,7.0,10E,Agf19-m1,40321.0,03_21,6.0,56.57142857,Month_14,group1,NA,no,no
19-1_05_20,4000.0,TATGGTAATTGTGTGCCAGCMGCCGCGGTAA,ATTAGAWACCCBDGTAGTCCGGCTGACTGACT,AGCTCTAGAAAC,2.0,3C,Agf19-m1,130520.0,05_20,1.0,14.42857143,Month_04,group1,NA,no,no
19-1_05_21,4000.0,TATGGTAATTGTGTGCCAGCMGCCGCGGTAA,ATTAGAWACCCBDGTAGTCCGGCTGACTGACT,AATACAGACCTG,3.0,2B,Agf19-m1,20521.0,05_21,7.0,61.14285714,Month_16,group1,NA,no,no
19-1_06_21,4000.0,TATGGTAATTGTGTGCCAGCMGCCGCGGTAA,ATTAGAWACCCBDGTAGTCCGGCTGACTGACT,CCGAGGTATAAT,3.0,7B,Agf19-m1,270521.0,06_21,8.0,72.57142857,Month_18,group1,NA,no,no
19-1_07_20,4000.0,TATGGTAATTGTGTGCCAGCMGCCGCGGTAA,ATTAGAWACCCBDGTAGTCCGGCTGACTGACT,AATCTCTATAAC,7.0,9D,Agf19-m1,720.0,07_20,2.0,22.57142857,Month_06,group1,NA,no,no
19-1_11_20,4000.0,TATGGTAATTGTGTGCCAGCMGCCGCGGTAA,ATTAGAWACCCBDGTAGTCCGGCTGACTGACT,TCTGGCTACGAC,4.0,5A,Agf19-m1,121120.0,11_20,4.0,40.57142857,Month_10,group1,NA,no,no
19-2_03_21,4000.0,TATGGTAATTGTGTGCCAGCMGCCGCGGTAA,ATTAGAWACCCBDGTAGTCCGGCTGACTGACT,ATTCGGTAGTGC,6.0,7F,Agf19-m2,40321.0,03_21,6.0,56.57142857,Month_14,group1,NA,no,no
19-2_09_20,4000.0,TATGGTAATTGTGTGCCAGCMGCCGCGGTAA,ATTAGAWACCCBDGTAGTCCGGCTGACTGACT,ACGTGCCTTAGA,3.0,3E,Agf19-m2,90920.0,09_20,3.0,32.42857143,Month_08,group1,NA,no,no
19-2_11_20,4000.0,TATGGTAATTGTGTGCCAGCMGCCGCGGTAA,ATTAGAWACCCBDGTAGTCCGGCTGACTGACT,CGCTAGGATGTT,4.0,10C,Agf19-m2,121120.0,11_20,4.0,40.57142857,Month_10,group1,NA,no,no
20-0_01_21,4000.0,TATGGTAATTGTGTGCCAGCMGCCGCGGTAA,ATTAGAWACCCBDGTAGTCCGGCTGACTGACT,ATAGTCCTTTAA,3.0,8F,Agf20-m0,100121.0,01_21,5.0,49.0,Month_12,group1,NA,no,no
20-0_03_21,4000.0,TATGGTAATTGTGTGCCAGCMGCCGCGGTAA,ATTAGAWACCCBDGTAGTCCGGCTGACTGACT,CCGCCAGCTTTG,4.0,11B,Agf20-m0,40321.0,03_21,6.0,56.57142857,Month_14,group1,NA,no,no
20-0_05_20,4000.0,TATGGTAATTGTGTGCCAGCMGCCGCGGTAA,ATTAGAWACCCBDGTAGTCCGGCTGACTGACT,CCTGCACCTGCA,5.0,10B,Agf20-m0,130520.0,05_20,1.0,14.42857143,Month_04,group1,NA,no,yes
20-0_05_21,4000.0,TATGGTAATTGTGTGCCAGCMGCCGCGGTAA,ATTAGAWACCCBDGTAGTCCGGCTGACTGACT,GCATGTCGAAAT,7.0,2G,Agf20-m0,20521.0,05_21,7.0,61.14285714,Month_16,group1,NA,no,no
20-0_06_21,4000.0,TATGGTAATTGTGTGCCAGCMGCCGCGGTAA,ATTAGAWACCCBDGTAGTCCGGCTGACTGACT,GCTATATCCAGG,6.0,2G,Agf20-m0,270521.0,06_21,8.0,72.57142857,Month_18,group1,NA,no,no
20-0_07_20,4000.0,TATGGTAATTGTGTGCCAGCMGCCGCGGTAA,ATTAGAWACCCBDGTAGTCCGGCTGACTGACT,GAACAAAGAGCG,6.0,6F,Agf20-m0,720.0,07_20,2.0,22.57142857,Month_06,group1,NA,no,no
20-0_11_20,4000.0,TATGGTAATTGTGTGCCAGCMGCCGCGGTAA,ATTAGAWACCCBDGTAGTCCGGCTGACTGACT,CAGCTGGTTCAA,6.0,9F,Agf20-m0,121120.0,11_20,4.0,40.57142857,Month_10,group1,NA,no,no
20-1_01_21,4000.0,TATGGTAATTGTGTGCCAGCMGCCGCGGTAA,ATTAGAWACCCBDGTAGTCCGGCTGACTGACT,CGTTCCTTGTTA,4.0,9C,Agf20-m1,100121.0,01_21,5.0,49.0,Month_12,group1,12,yes,no
20-1_03_21,4000.0,TATGGTAATTGTGTGCCAGCMGCCGCGGTAA,ATTAGAWACCCBDGTAGTCCGGCTGACTGACT,GGACCTGGATGG,4.0,9H,Agf20-m1,40321.0,03_21,6.0,56.57142857,Month_14,group1,12,yes,no
20-1_05_20,4000.0,TATGGTAATTGTGTGCCAGCMGCCGCGGTAA,ATTAGAWACCCBDGTAGTCCGGCTGACTGACT,TCCACAGGGTTC,2.0,7B,Agf20-m1,130520.0,05_20,1.0,14.42857143,Month_04,group1,12,yes,yes
20-1_05_21,4000.0,TATGGTAATTGTGTGCCAGCMGCCGCGGTAA,ATTAGAWACCCBDGTAGTCCGGCTGACTGACT,TTCTTAACGCCT,4.0,5H,Agf20-m1,20521.0,05_21,7.0,61.14285714,Month_16,group1,12,yes,no
20-1_09_20,4000.0,TATGGTAATTGTGTGCCAGCMGCCGCGGTAA,ATTAGAWACCCBDGTAGTCCGGCTGACTGACT,AAGCCGGGTCCG,6.0,11E,Agf20-m1,90920.0,09_20,3.0,32.42857143,Month_08,group1,12,yes,no
20-1_11_20,4000.0,TATGGTAATTGTGTGCCAGCMGCCGCGGTAA,ATTAGAWACCCBDGTAGTCCGGCTGACTGACT,GCCTATGAGATC,1.0,9B,Agf20-m1,121120.0,11_20,4.0,40.57142857,Month_10,group1,12,yes,no
20-2_05_20,4000.0,TATGGTAATTGTGTGCCAGCMGCCGCGGTAA,ATTAGAWACCCBDGTAGTCCGGCTGACTGACT,TTCCACACGTGG,3.0,11D,Agf20-m2,130520.0,05_20,1.0,14.42857143,Month_04,group1,NA,no,no
20-2_06_21,4000.0,TATGGTAATTGTGTGCCAGCMGCCGCGGTAA,ATTAGAWACCCBDGTAGTCCGGCTGACTGACT,CTGTAAAGGTTG,6.0,11H,Agf20-m2,270521.0,06_21,8.0,72.57142857,Month_18,group1,NA,no,no
20-2_09_20,4000.0,TATGGTAATTGTGTGCCAGCMGCCGCGGTAA,ATTAGAWACCCBDGTAGTCCGGCTGACTGACT,AGTAATAACAAG,7.0,4C,Agf20-m2,90920.0,09_20,3.0,32.42857143,Month_08,group1,NA,no,no
20-2_11_20,4000.0,TATGGTAATTGTGTGCCAGCMGCCGCGGTAA,ATTAGAWACCCBDGTAGTCCGGCTGACTGACT,CCAGCGCTTCAC,7.0,12E,Agf20-m2,121120.0,11_20,4.0,40.57142857,Month_10,group1,NA,no,no
21-0_01_21,4000.0,TATGGTAATTGTGTGCCAGCMGCCGCGGTAA,ATTAGAWACCCBDGTAGTCCGGCTGACTGACT,CAGTAGCGATAT,6.0,5E,Agf21-m0,100121.0,01_21,5.0,49.0,Month_12,group1,NA,no,no
21-0_03_21,4000.0,TATGGTAATTGTGTGCCAGCMGCCGCGGTAA,ATTAGAWACCCBDGTAGTCCGGCTGACTGACT,CAGGAACCAGGA,2.0,4F,Agf21-m0,40321.0,03_21,6.0,56.57142857,Month_14,group1,NA,no,no
21-0_05_21,4000.0,TATGGTAATTGTGTGCCAGCMGCCGCGGTAA,ATTAGAWACCCBDGTAGTCCGGCTGACTGACT,TACAATATCTGT,1.0,7A,Agf21-m0,20521.0,05_21,7.0,61.14285714,Month_16,group1,NA,no,no
21-0_06_21,4000.0,TATGGTAATTGTGTGCCAGCMGCCGCGGTAA,ATTAGAWACCCBDGTAGTCCGGCTGACTGACT,GTGGAGTCTCAT,1.0,1D,Agf21-m0,270521.0,06_21,8.0,72.57142857,Month_18,group1,NA,no,no
21-0_09_20,4000.0,TATGGTAATTGTGTGCCAGCMGCCGCGGTAA,ATTAGAWACCCBDGTAGTCCGGCTGACTGACT,TGAAAGCGGCGA,6.0,2H,Agf21-m0,90920.0,09_20,3.0,32.42857143,Month_08,group1,NA,no,no
21-1_05_20,4000.0,TATGGTAATTGTGTGCCAGCMGCCGCGGTAA,ATTAGAWACCCBDGTAGTCCGGCTGACTGACT,GGCTCGTCGGAG,5.0,1E,Agf21-m1,130520.0,05_20,1.0,14.42857143,Month_04,group1,15,yes,yes
21-1_07_20,4000.0,TATGGTAATTGTGTGCCAGCMGCCGCGGTAA,ATTAGAWACCCBDGTAGTCCGGCTGACTGACT,AGTAAAGATCGT,1.0,3E,Agf21-m1,720.0,07_20,2.0,22.57142857,Month_06,group1,15,yes,no
21-1_09_20,4000.0,TATGGTAATTGTGTGCCAGCMGCCGCGGTAA,ATTAGAWACCCBDGTAGTCCGGCTGACTGACT,TTCAGTTCGTTA,3.0,5B,Agf21-m1,90920.0,09_20,3.0,32.42857143,Month_08,group1,15,yes,no
21-2_01_21,4000.0,TATGGTAATTGTGTGCCAGCMGCCGCGGTAA,ATTAGAWACCCBDGTAGTCCGGCTGACTGACT,ACTAAGTACCCG,3.0,2F,Agf21-m2,100121.0,01_21,5.0,49.0,Month_12,group1,NA,no,no
21-2_03_21,4000.0,TATGGTAATTGTGTGCCAGCMGCCGCGGTAA,ATTAGAWACCCBDGTAGTCCGGCTGACTGACT,CGTATAAATGCG,1.0,1B,Agf21-m2,40321.0,03_21,6.0,56.57142857,Month_14,group1,NA,no,no
21-2_05_21,4000.0,TATGGTAATTGTGTGCCAGCMGCCGCGGTAA,ATTAGAWACCCBDGTAGTCCGGCTGACTGACT,ATCGTTATATCA,6.0,6H,Agf21-m2,20521.0,05_21,7.0,61.14285714,Month_16,group1,NA,no,no
21-2_06_21,4000.0,TATGGTAATTGTGTGCCAGCMGCCGCGGTAA,ATTAGAWACCCBDGTAGTCCGGCTGACTGACT,CTCTTCTGATCA,6.0,10D,Agf21-m2,270521.0,06_21,8.0,72.57142857,Month_18,group1,NA,no,no
21-2_07_20,4000.0,TATGGTAATTGTGTGCCAGCMGCCGCGGTAA,ATTAGAWACCCBDGTAGTCCGGCTGACTGACT,GAACGATCATGT,5.0,5E,Agf21-m2,720.0,07_20,2.0,22.57142857,Month_06,group1,NA,no,no
21-2_11_20,4000.0,TATGGTAATTGTGTGCCAGCMGCCGCGGTAA,ATTAGAWACCCBDGTAGTCCGGCTGACTGACT,CGCGCCTTAAAC,1.0,5A,Agf21-m2,121120.0,11_20,4.0,40.57142857,Month_10,group1,NA,no,no
22-0_01_21,4000.0,TATGGTAATTGTGTGCCAGCMGCCGCGGTAA,ATTAGAWACCCBDGTAGTCCGGCTGACTGACT,GCAAAGGCCCGC,5.0,12E,Agf22-m0,100121.0,01_21,5.0,49.0,Month_12,group1,NA,no,no
22-0_03_21,4000.0,TATGGTAATTGTGTGCCAGCMGCCGCGGTAA,ATTAGAWACCCBDGTAGTCCGGCTGACTGACT,CACCCTTGCGAC,3.0,3F,Agf22-m0,40321.0,03_21,6.0,56.57142857,Month_14,group1,NA,no,no
22-0_05_21,4000.0,TATGGTAATTGTGTGCCAGCMGCCGCGGTAA,ATTAGAWACCCBDGTAGTCCGGCTGACTGACT,TATGTTGACGGC,3.0,9E,Agf22-m0,20521.0,05_21,7.0,61.14285714,Month_16,group1,NA,no,no
22-0_06_21,4000.0,TATGGTAATTGTGTGCCAGCMGCCGCGGTAA,ATTAGAWACCCBDGTAGTCCGGCTGACTGACT,CGCAATGAGGGA,3.0,1D,Agf22-m0,270521.0,06_21,8.0,72.57142857,Month_18,group1,NA,no,no
22-0_07_20,4000.0,TATGGTAATTGTGTGCCAGCMGCCGCGGTAA,ATTAGAWACCCBDGTAGTCCGGCTGACTGACT,CAGCCCTACCCA,3.0,11H,Agf22-m0,720.0,07_20,2.0,22.57142857,Month_06,group1,NA,no,no
22-1_01_21,4000.0,TATGGTAATTGTGTGCCAGCMGCCGCGGTAA,ATTAGAWACCCBDGTAGTCCGGCTGACTGACT,ATACTGAGTGAA,7.0,6B,Agf22-m1,100121.0,01_21,5.0,49.0,Month_12,group1,NA,no,no
22-1_05_20,4000.0,TATGGTAATTGTGTGCCAGCMGCCGCGGTAA,ATTAGAWACCCBDGTAGTCCGGCTGACTGACT,GTCATTGGGCTA,6.0,9B,Agf22-m1,130520.0,05_20,1.0,14.42857143,Month_04,group1,NA,no,yes
22-1_05_21,4000.0,TATGGTAATTGTGTGCCAGCMGCCGCGGTAA,ATTAGAWACCCBDGTAGTCCGGCTGACTGACT,ACCACCGTAACC,4.0,10E,Agf22-m1,20521.0,05_21,7.0,61.14285714,Month_16,group1,NA,no,no
22-1_09_20,4000.0,TATGGTAATTGTGTGCCAGCMGCCGCGGTAA,ATTAGAWACCCBDGTAGTCCGGCTGACTGACT,CGTCCGTATGAA,1.0,5B,Agf22-m1,90920.0,09_20,3.0,32.42857143,Month_08,group1,NA,no,no
22-1_11_20,4000.0,TATGGTAATTGTGTGCCAGCMGCCGCGGTAA,ATTAGAWACCCBDGTAGTCCGGCTGACTGACT,ATTACGTATCAT,1.0,11E,Agf22-m1,121120.0,11_20,4.0,40.57142857,Month_10,group1,NA,no,no
23-0_01_21,4000.0,TATGGTAATTGTGTGCCAGCMGCCGCGGTAA,ATTAGAWACCCBDGTAGTCCGGCTGACTGACT,AACAGTAAACAA,2.0,12A,Agf23-m0,100121.0,01_21,5.0,49.0,Month_12,group1,NA,no,no
23-0_03_21,4000.0,TATGGTAATTGTGTGCCAGCMGCCGCGGTAA,ATTAGAWACCCBDGTAGTCCGGCTGACTGACT,ACTAAAGCAAAC,2.0,7F,Agf23-m0,40321.0,03_21,6.0,56.57142857,Month_14,group1,NA,no,no
23-0_05_20,4000.0,TATGGTAATTGTGTGCCAGCMGCCGCGGTAA,ATTAGAWACCCBDGTAGTCCGGCTGACTGACT,CCTAAGAGCATC,6.0,12A,Agf23-m0,130520.0,05_20,1.0,14.42857143,Month_04,group1,NA,no,yes
23-0_05_21,4000.0,TATGGTAATTGTGTGCCAGCMGCCGCGGTAA,ATTAGAWACCCBDGTAGTCCGGCTGACTGACT,ATAGACACTCCG,6.0,9G,Agf23-m0,20521.0,05_21,7.0,61.14285714,Month_16,group1,NA,no,no
23-0_07_20,4000.0,TATGGTAATTGTGTGCCAGCMGCCGCGGTAA,ATTAGAWACCCBDGTAGTCCGGCTGACTGACT,TATTTGATTGGT,1.0,11G,Agf23-m0,720.0,07_20,2.0,22.57142857,Month_06,group1,NA,no,no
23-0_11_20,4000.0,TATGGTAATTGTGTGCCAGCMGCCGCGGTAA,ATTAGAWACCCBDGTAGTCCGGCTGACTGACT,GGTTGCCCTGTA,1.0,7B,Agf23-m0,121120.0,11_20,4.0,40.57142857,Month_10,group1,NA,no,no
23-1_01_21,4000.0,TATGGTAATTGTGTGCCAGCMGCCGCGGTAA,ATTAGAWACCCBDGTAGTCCGGCTGACTGACT,TTAGTTTGTCAC,3.0,4G,Agf23-m1,100121.0,01_21,5.0,49.0,Month_12,group1,NA,no,no
23-1_03_21,4000.0,TATGGTAATTGTGTGCCAGCMGCCGCGGTAA,ATTAGAWACCCBDGTAGTCCGGCTGACTGACT,TCATACAGCCAG,6.0,8D,Agf23-m1,40321.0,03_21,6.0,56.57142857,Month_14,group1,NA,no,no
23-1_05_20,4000.0,TATGGTAATTGTGTGCCAGCMGCCGCGGTAA,ATTAGAWACCCBDGTAGTCCGGCTGACTGACT,GAATCTGACAAC,4.0,5C,Agf23-m1,130520.0,05_20,1.0,14.42857143,Month_04,group1,NA,no,yes
23-1_05_21,4000.0,TATGGTAATTGTGTGCCAGCMGCCGCGGTAA,ATTAGAWACCCBDGTAGTCCGGCTGACTGACT,AGATGCAATGAT,4.0,2F,Agf23-m1,20521.0,05_21,7.0,61.14285714,Month_16,group1,NA,no,no
23-1_06_21,4000.0,TATGGTAATTGTGTGCCAGCMGCCGCGGTAA,ATTAGAWACCCBDGTAGTCCGGCTGACTGACT,TCCGCCTAGTCG,3.0,12A,Agf23-m1,270521.0,06_21,8.0,72.57142857,Month_18,group1,NA,no,no
23-1_07_20,4000.0,TATGGTAATTGTGTGCCAGCMGCCGCGGTAA,ATTAGAWACCCBDGTAGTCCGGCTGACTGACT,GGTCCTTCCCGA,7.0,2D,Agf23-m1,720.0,07_20,2.0,22.57142857,Month_06,group1,NA,no,no
23-1_09_20,4000.0,TATGGTAATTGTGTGCCAGCMGCCGCGGTAA,ATTAGAWACCCBDGTAGTCCGGCTGACTGACT,TAAACCTGGACA,2.0,3H,Agf23-m1,90920.0,09_20,3.0,32.42857143,Month_08,group1,NA,no,no
23-1_11_20,4000.0,TATGGTAATTGTGTGCCAGCMGCCGCGGTAA,ATTAGAWACCCBDGTAGTCCGGCTGACTGACT,GGAGGAGCAATA,7.0,10A,Agf23-m1,121120.0,11_20,4.0,40.57142857,Month_10,group1,NA,no,no
23-2_01_21,4000.0,TATGGTAATTGTGTGCCAGCMGCCGCGGTAA,ATTAGAWACCCBDGTAGTCCGGCTGACTGACT,CAGATCCCAACC,4.0,7A,Agf23-m2,100121.0,01_21,5.0,49.0,Month_12,group1,NA,no,no
23-2_05_20,4000.0,TATGGTAATTGTGTGCCAGCMGCCGCGGTAA,ATTAGAWACCCBDGTAGTCCGGCTGACTGACT,CAAAGGAGCCCG,2.0,4G,Agf23-m2,130520.0,05_20,1.0,14.42857143,Month_04,group1,NA,no,yes
23-2_05_21,4000.0,TATGGTAATTGTGTGCCAGCMGCCGCGGTAA,ATTAGAWACCCBDGTAGTCCGGCTGACTGACT,ATGGATAGCTAA,6.0,12D,Agf23-m2,20521.0,05_21,7.0,61.14285714,Month_16,group1,NA,no,no
23-2_07_20,4000.0,TATGGTAATTGTGTGCCAGCMGCCGCGGTAA,ATTAGAWACCCBDGTAGTCCGGCTGACTGACT,TCGTCTGATATT,7.0,12D,Agf23-m2,720.0,07_20,2.0,22.57142857,Month_06,group1,NA,no,no
23-2_11_20,4000.0,TATGGTAATTGTGTGCCAGCMGCCGCGGTAA,ATTAGAWACCCBDGTAGTCCGGCTGACTGACT,GTCAATTAGTGG,6.0,11A,Agf23-m2,121120.0,11_20,4.0,40.57142857,Month_10,group1,NA,no,no
24-0_01_21,4000.0,TATGGTAATTGTGTGCCAGCMGCCGCGGTAA,ATTAGAWACCCBDGTAGTCCGGCTGACTGACT,CTATATTATCCG,2.0,4A,Agf24-m0,100121.0,01_21,5.0,48.71428571,Month_12,group1,17,yes,no
24-0_03_21,4000.0,TATGGTAATTGTGTGCCAGCMGCCGCGGTAA,ATTAGAWACCCBDGTAGTCCGGCTGACTGACT,CCGGCTTATGTG,3.0,7F,Agf24-m0,40321.0,03_21,6.0,56.28571429,Month_14,group1,17,yes,no
24-0_05_20,4000.0,TATGGTAATTGTGTGCCAGCMGCCGCGGTAA,ATTAGAWACCCBDGTAGTCCGGCTGACTGACT,GCATTACTGGAC,5.0,10G,Agf24-m0,130520.0,05_20,1.0,14.14285714,Month_04,group1,17,yes,yes
24-0_05_21,4000.0,TATGGTAATTGTGTGCCAGCMGCCGCGGTAA,ATTAGAWACCCBDGTAGTCCGGCTGACTGACT,GAGAAGCTTATA,3.0,1H,Agf24-m0,20521.0,05_21,7.0,60.85714286,Month_16,group1,17,yes,no
24-0_09_20,4000.0,TATGGTAATTGTGTGCCAGCMGCCGCGGTAA,ATTAGAWACCCBDGTAGTCCGGCTGACTGACT,CGTTTGGAATGA,1.0,5C,Agf24-m0,90920.0,09_20,3.0,32.14285714,Month_08,group1,17,yes,no
24-1_05_20,4000.0,TATGGTAATTGTGTGCCAGCMGCCGCGGTAA,ATTAGAWACCCBDGTAGTCCGGCTGACTGACT,CTGTCTATACTA,1.0,3C,Agf24-m1,130520.0,05_20,1.0,14.14285714,Month_04,group1,NA,no,yes
24-1_05_21,4000.0,TATGGTAATTGTGTGCCAGCMGCCGCGGTAA,ATTAGAWACCCBDGTAGTCCGGCTGACTGACT,ACACGTTTGGGT,4.0,8D,Agf24-m1,20521.0,05_21,7.0,60.85714286,Month_16,group1,NA,no,no
24-1_06_21,4000.0,TATGGTAATTGTGTGCCAGCMGCCGCGGTAA,ATTAGAWACCCBDGTAGTCCGGCTGACTGACT,GTGAATGTTCGA,3.0,8E,Agf24-m1,270521.0,06_21,8.0,72.28571429,Month_18,group1,NA,no,no
24-1_07_20,4000.0,TATGGTAATTGTGTGCCAGCMGCCGCGGTAA,ATTAGAWACCCBDGTAGTCCGGCTGACTGACT,CTTACACTGCTT,5.0,9B,Agf24-m1,720.0,07_20,2.0,22.28571429,Month_06,group1,NA,no,no
24-1_09_20,4000.0,TATGGTAATTGTGTGCCAGCMGCCGCGGTAA,ATTAGAWACCCBDGTAGTCCGGCTGACTGACT,GAGCCCAAAGAG,4.0,7C,Agf24-m1,90920.0,09_20,3.0,32.14285714,Month_08,group1,NA,no,no
24-1_11_20,4000.0,TATGGTAATTGTGTGCCAGCMGCCGCGGTAA,ATTAGAWACCCBDGTAGTCCGGCTGACTGACT,TGGCCGTTACTG,6.0,7A,Agf24-m1,121120.0,11_20,4.0,40.28571429,Month_10,group1,NA,no,no
24-2_01_21,4000.0,TATGGTAATTGTGTGCCAGCMGCCGCGGTAA,ATTAGAWACCCBDGTAGTCCGGCTGACTGACT,AGGACGCCAGCA,6.0,12E,Agf24-m2,100121.0,01_21,5.0,48.71428571,Month_12,group1,17,yes,no
24-2_05_20,4000.0,TATGGTAATTGTGTGCCAGCMGCCGCGGTAA,ATTAGAWACCCBDGTAGTCCGGCTGACTGACT,TCCGACCCGATC,7.0,1C,Agf24-m2,130520.0,05_20,1.0,14.14285714,Month_04,group1,17,yes,yes
24-2_05_21,4000.0,TATGGTAATTGTGTGCCAGCMGCCGCGGTAA,ATTAGAWACCCBDGTAGTCCGGCTGACTGACT,TCTCGCACTGGA,4.0,2G,Agf24-m2,20521.0,05_21,7.0,60.85714286,Month_16,group1,17,yes,no
25-0_01_21,4000.0,TATGGTAATTGTGTGCCAGCMGCCGCGGTAA,ATTAGAWACCCBDGTAGTCCGGCTGACTGACT,GAGTCCGTTGCT,7.0,10D,Agf25-m0,100121.0,01_21,5.0,48.71428571,Month_12,group1,NA,no,no
25-0_05_20,4000.0,TATGGTAATTGTGTGCCAGCMGCCGCGGTAA,ATTAGAWACCCBDGTAGTCCGGCTGACTGACT,ACACACCCTGAC,3.0,7H,Agf25-m0,130520.0,05_20,1.0,14.14285714,Month_04,group1,NA,no,yes
25-0_05_21,4000.0,TATGGTAATTGTGTGCCAGCMGCCGCGGTAA,ATTAGAWACCCBDGTAGTCCGGCTGACTGACT,ATTGCCTTGATT,4.0,6C,Agf25-m0,20521.0,05_21,7.0,60.85714286,Month_16,group1,NA,no,no
25-0_06_21,4000.0,TATGGTAATTGTGTGCCAGCMGCCGCGGTAA,ATTAGAWACCCBDGTAGTCCGGCTGACTGACT,GTTGTTCTGGGA,3.0,3H,Agf25-m0,270521.0,06_21,8.0,72.28571429,Month_18,group1,NA,no,no
25-0_11_20,4000.0,TATGGTAATTGTGTGCCAGCMGCCGCGGTAA,ATTAGAWACCCBDGTAGTCCGGCTGACTGACT,CACACAAAGTCA,2.0,10E,Agf25-m0,121120.0,11_20,4.0,40.28571429,Month_10,group1,NA,no,no
25-1_01_21,4000.0,TATGGTAATTGTGTGCCAGCMGCCGCGGTAA,ATTAGAWACCCBDGTAGTCCGGCTGACTGACT,GGTTCATGAACA,1.0,7G,Agf25-m1,100121.0,01_21,5.0,48.71428571,Month_12,group1,15,yes,no
25-1_03_21,4000.0,TATGGTAATTGTGTGCCAGCMGCCGCGGTAA,ATTAGAWACCCBDGTAGTCCGGCTGACTGACT,TCTTACCCATAA,4.0,12G,Agf25-m1,40321.0,03_21,6.0,56.28571429,Month_14,group1,15,yes,no
25-1_05_20,4000.0,TATGGTAATTGTGTGCCAGCMGCCGCGGTAA,ATTAGAWACCCBDGTAGTCCGGCTGACTGACT,AGTTCTCATTAA,3.0,10C,Agf25-m1,130520.0,05_20,1.0,14.14285714,Month_04,group1,15,yes,no
25-1_05_21,4000.0,TATGGTAATTGTGTGCCAGCMGCCGCGGTAA,ATTAGAWACCCBDGTAGTCCGGCTGACTGACT,TTCCTTAGTAGT,1.0,4B,Agf25-m1,20521.0,05_21,7.0,60.85714286,Month_16,group1,15,yes,no
25-1_11_20,4000.0,TATGGTAATTGTGTGCCAGCMGCCGCGGTAA,ATTAGAWACCCBDGTAGTCCGGCTGACTGACT,AATGCGCGTATA,1.0,9C,Agf25-m1,121120.0,11_20,4.0,40.28571429,Month_10,group1,15,yes,no
25-2_01_21,4000.0,TATGGTAATTGTGTGCCAGCMGCCGCGGTAA,ATTAGAWACCCBDGTAGTCCGGCTGACTGACT,AGTACGCAGTCT,5.0,7C,Agf25-m2,100121.0,01_21,5.0,48.71428571,Month_12,group1,NA,no,no
25-2_05_20,4000.0,TATGGTAATTGTGTGCCAGCMGCCGCGGTAA,ATTAGAWACCCBDGTAGTCCGGCTGACTGACT,GAGAGGGATCAC,6.0,6A,Agf25-m2,130520.0,05_20,1.0,14.14285714,Month_04,group1,NA,no,no
25-2_06_21,4000.0,TATGGTAATTGTGTGCCAGCMGCCGCGGTAA,ATTAGAWACCCBDGTAGTCCGGCTGACTGACT,AAGGCGCTCCTT,3.0,1C,Agf25-m2,270521.0,06_21,8.0,72.28571429,Month_18,group1,NA,no,no
25-2_07_20,4000.0,TATGGTAATTGTGTGCCAGCMGCCGCGGTAA,ATTAGAWACCCBDGTAGTCCGGCTGACTGACT,ACTCTTACTTAG,1.0,12H,Agf25-m2,720.0,07_20,2.0,22.28571429,Month_06,group1,NA,no,no
26-0_01_21,4000.0,TATGGTAATTGTGTGCCAGCMGCCGCGGTAA,ATTAGAWACCCBDGTAGTCCGGCTGACTGACT,CCGGACAAGAAG,1.0,2F,Agf26-m0,100121.0,01_21,5.0,48.71428571,Month_12,group1,15,yes,no
26-0_05_21,4000.0,TATGGTAATTGTGTGCCAGCMGCCGCGGTAA,ATTAGAWACCCBDGTAGTCCGGCTGACTGACT,TGATATCGTCTT,1.0,7C,Agf26-m0,20521.0,05_21,7.0,60.85714286,Month_16,group1,15,yes,no
26-0_06_21,4000.0,TATGGTAATTGTGTGCCAGCMGCCGCGGTAA,ATTAGAWACCCBDGTAGTCCGGCTGACTGACT,AACACCATCGAC,4.0,4E,Agf26-m0,270521.0,06_21,8.0,72.28571429,Month_18,group1,15,yes,no
26-0_07_20,4000.0,TATGGTAATTGTGTGCCAGCMGCCGCGGTAA,ATTAGAWACCCBDGTAGTCCGGCTGACTGACT,CAAATGGTCGTC,6.0,9E,Agf26-m0,720.0,07_20,2.0,22.28571429,Month_06,group1,15,yes,no
26-0_09_20,4000.0,TATGGTAATTGTGTGCCAGCMGCCGCGGTAA,ATTAGAWACCCBDGTAGTCCGGCTGACTGACT,GTTGGACGAAGG,2.0,4E,Agf26-m0,90920.0,09_20,3.0,32.14285714,Month_08,group1,15,yes,no
26-1_03_21,4000.0,TATGGTAATTGTGTGCCAGCMGCCGCGGTAA,ATTAGAWACCCBDGTAGTCCGGCTGACTGACT,GATCTAATCGAG,3.0,2C,Agf26-m1,40321.0,03_21,6.0,56.28571429,Month_14,group1,17,yes,no
26-1_07_20,4000.0,TATGGTAATTGTGTGCCAGCMGCCGCGGTAA,ATTAGAWACCCBDGTAGTCCGGCTGACTGACT,TCTTATAACGCT,3.0,8G,Agf26-m1,720.0,07_20,2.0,22.28571429,Month_06,group1,17,yes,no
26-1_09_20,4000.0,TATGGTAATTGTGTGCCAGCMGCCGCGGTAA,ATTAGAWACCCBDGTAGTCCGGCTGACTGACT,AGCCCTGCTACA,1.0,3A,Agf26-m1,90920.0,09_20,3.0,32.14285714,Month_08,group1,17,yes,no
26-1_11_20,4000.0,TATGGTAATTGTGTGCCAGCMGCCGCGGTAA,ATTAGAWACCCBDGTAGTCCGGCTGACTGACT,ATCGTAGTGGTC,2.0,6F,Agf26-m1,121120.0,11_20,4.0,40.28571429,Month_10,group1,17,yes,no
27-0_03_21,4000.0,TATGGTAATTGTGTGCCAGCMGCCGCGGTAA,ATTAGAWACCCBDGTAGTCCGGCTGACTGACT,TTAACAAGGCAA,3.0,7C,Agf27-m0,40321.0,03_21,6.0,55.57142857,Month_14,group1,NA,no,no
27-0_05_20,4000.0,TATGGTAATTGTGTGCCAGCMGCCGCGGTAA,ATTAGAWACCCBDGTAGTCCGGCTGACTGACT,GGTAGTTCATAG,2.0,7H,Agf27-m0,130520.0,05_20,1.0,13.42857143,Month_04,group1,NA,no,yes
27-0_05_21,4000.0,TATGGTAATTGTGTGCCAGCMGCCGCGGTAA,ATTAGAWACCCBDGTAGTCCGGCTGACTGACT,TATGGTACCCAG,1.0,6A,Agf27-m0,20521.0,05_21,7.0,60.14285714,Month_16,group1,NA,no,no
27-0_06_21,4000.0,TATGGTAATTGTGTGCCAGCMGCCGCGGTAA,ATTAGAWACCCBDGTAGTCCGGCTGACTGACT,ACGTATTCGAAG,3.0,4C,Agf27-m0,270521.0,06_21,8.0,71.57142857,Month_18,group1,NA,no,no
27-0_07_20,4000.0,TATGGTAATTGTGTGCCAGCMGCCGCGGTAA,ATTAGAWACCCBDGTAGTCCGGCTGACTGACT,TGCTACAGACGT,4.0,10A,Agf27-m0,720.0,07_20,2.0,21.57142857,Month_06,group1,NA,no,no
27-0_09_20,4000.0,TATGGTAATTGTGTGCCAGCMGCCGCGGTAA,ATTAGAWACCCBDGTAGTCCGGCTGACTGACT,GTTTGAAACACG,2.0,11G,Agf27-m0,90920.0,09_20,3.0,31.42857143,Month_08,group1,NA,no,no
27-0_11_20,4000.0,TATGGTAATTGTGTGCCAGCMGCCGCGGTAA,ATTAGAWACCCBDGTAGTCCGGCTGACTGACT,TTGTGTCTCCCT,3.0,5A,Agf27-m0,121120.0,11_20,4.0,39.57142857,Month_10,group1,NA,no,no
27-1_01_21,4000.0,TATGGTAATTGTGTGCCAGCMGCCGCGGTAA,ATTAGAWACCCBDGTAGTCCGGCTGACTGACT,AGACTTCTCAGG,3.0,10B,Agf27-m1,100121.0,01_21,5.0,48.0,Month_12,group1,NA,no,no
27-1_03_21,4000.0,TATGGTAATTGTGTGCCAGCMGCCGCGGTAA,ATTAGAWACCCBDGTAGTCCGGCTGACTGACT,CAGTGCACGTCT,5.0,8C,Agf27-m1,40321.0,03_21,6.0,55.57142857,Month_14,group1,NA,no,no
27-1_05_20,4000.0,TATGGTAATTGTGTGCCAGCMGCCGCGGTAA,ATTAGAWACCCBDGTAGTCCGGCTGACTGACT,CATTTCGCACTT,2.0,9C,Agf27-m1,130520.0,05_20,1.0,13.42857143,Month_04,group1,NA,no,no
27-1_05_21,4000.0,TATGGTAATTGTGTGCCAGCMGCCGCGGTAA,ATTAGAWACCCBDGTAGTCCGGCTGACTGACT,TGTCAAAGTGAC,1.0,12G,Agf27-m1,20521.0,05_21,7.0,60.14285714,Month_16,group1,NA,no,no
27-1_06_21,4000.0,TATGGTAATTGTGTGCCAGCMGCCGCGGTAA,ATTAGAWACCCBDGTAGTCCGGCTGACTGACT,TTGCGGACCCTA,1.0,3G,Agf27-m1,270521.0,06_21,8.0,71.57142857,Month_18,group1,NA,no,no
27-1_09_20,4000.0,TATGGTAATTGTGTGCCAGCMGCCGCGGTAA,ATTAGAWACCCBDGTAGTCCGGCTGACTGACT,TAACAATAATTC,1.0,8G,Agf27-m1,90920.0,09_20,3.0,31.42857143,Month_08,group1,NA,no,no
27-1_11_20,4000.0,TATGGTAATTGTGTGCCAGCMGCCGCGGTAA,ATTAGAWACCCBDGTAGTCCGGCTGACTGACT,ACTCTGTAATTA,2.0,1E,Agf27-m1,121120.0,11_20,4.0,39.57142857,Month_10,group1,NA,no,no
27-2_03_21,4000.0,TATGGTAATTGTGTGCCAGCMGCCGCGGTAA,ATTAGAWACCCBDGTAGTCCGGCTGACTGACT,TAGGAACTCACC,2.0,8F,Agf27-m2,40321.0,03_21,6.0,55.57142857,Month_14,group1,NA,no,no
27-2_05_20,4000.0,TATGGTAATTGTGTGCCAGCMGCCGCGGTAA,ATTAGAWACCCBDGTAGTCCGGCTGACTGACT,GTTCGAGTGAAT,4.0,7F,Agf27-m2,130520.0,05_20,1.0,13.42857143,Month_04,group1,NA,no,no
27-2_05_21,4000.0,TATGGTAATTGTGTGCCAGCMGCCGCGGTAA,ATTAGAWACCCBDGTAGTCCGGCTGACTGACT,CGACCTCGCATA,5.0,5C,Agf27-m2,20521.0,05_21,7.0,60.14285714,Month_16,group1,NA,no,no
27-2_06_21,4000.0,TATGGTAATTGTGTGCCAGCMGCCGCGGTAA,ATTAGAWACCCBDGTAGTCCGGCTGACTGACT,TAGACTTCAGAG,4.0,7H,Agf27-m2,270521.0,06_21,8.0,71.57142857,Month_18,group1,NA,no,no
27-2_07_20,4000.0,TATGGTAATTGTGTGCCAGCMGCCGCGGTAA,ATTAGAWACCCBDGTAGTCCGGCTGACTGACT,AGAGGGTGATCG,2.0,2C,Agf27-m2,720.0,07_20,2.0,21.57142857,Month_06,group1,NA,no,no
27-2_09_20,4000.0,TATGGTAATTGTGTGCCAGCMGCCGCGGTAA,ATTAGAWACCCBDGTAGTCCGGCTGACTGACT,CAGGCCACTCTC,4.0,2D,Agf27-m2,90920.0,09_20,3.0,31.42857143,Month_08,group1,NA,no,no
27-2_11_20,4000.0,TATGGTAATTGTGTGCCAGCMGCCGCGGTAA,ATTAGAWACCCBDGTAGTCCGGCTGACTGACT,TAGTTCGGTGAC,2.0,7E,Agf27-m2,121120.0,11_20,4.0,39.57142857,Month_10,group1,NA,no,no
28-0_01_21,4000.0,TATGGTAATTGTGTGCCAGCMGCCGCGGTAA,ATTAGAWACCCBDGTAGTCCGGCTGACTGACT,TCGAGAGTTTGC,2.0,5B,Agf28-m0,100121.0,01_21,5.0,47.0,Month_12,group1,NA,no,no
28-0_05_20,4000.0,TATGGTAATTGTGTGCCAGCMGCCGCGGTAA,ATTAGAWACCCBDGTAGTCCGGCTGACTGACT,TTAAGTTAAGTT,2.0,5H,Agf28-m0,130520.0,05_20,1.0,12.42857143,Month_04,group1,NA,no,yes
28-0_07_20,4000.0,TATGGTAATTGTGTGCCAGCMGCCGCGGTAA,ATTAGAWACCCBDGTAGTCCGGCTGACTGACT,TCGCTACAGATG,3.0,6F,Agf28-m0,720.0,07_20,2.0,20.57142857,Month_06,group1,NA,no,no
28-0_11_20,4000.0,TATGGTAATTGTGTGCCAGCMGCCGCGGTAA,ATTAGAWACCCBDGTAGTCCGGCTGACTGACT,GTACTCGAACCA,3.0,11F,Agf28-m0,121120.0,11_20,4.0,38.57142857,Month_10,group1,NA,no,no
28-1_01_21,4000.0,TATGGTAATTGTGTGCCAGCMGCCGCGGTAA,ATTAGAWACCCBDGTAGTCCGGCTGACTGACT,ATGCCGGTAATA,5.0,7F,Agf28-m1,100121.0,01_21,5.0,47.0,Month_12,group1,NA,no,no
28-1_03_21,4000.0,TATGGTAATTGTGTGCCAGCMGCCGCGGTAA,ATTAGAWACCCBDGTAGTCCGGCTGACTGACT,ATTTACAATTGA,4.0,3B,Agf28-m1,40321.0,03_21,6.0,54.57142857,Month_14,group1,NA,no,no
28-1_05_21,4000.0,TATGGTAATTGTGTGCCAGCMGCCGCGGTAA,ATTAGAWACCCBDGTAGTCCGGCTGACTGACT,AGAATCCACCAC,3.0,12D,Agf28-m1,20521.0,05_21,7.0,59.14285714,Month_14,group1,NA,no,no
28-1_09_20,4000.0,TATGGTAATTGTGTGCCAGCMGCCGCGGTAA,ATTAGAWACCCBDGTAGTCCGGCTGACTGACT,CCGATAAAGGTT,2.0,3F,Agf28-m1,90920.0,09_20,3.0,30.42857143,Month_08,group1,NA,no,no
28-1_11_20,4000.0,TATGGTAATTGTGTGCCAGCMGCCGCGGTAA,ATTAGAWACCCBDGTAGTCCGGCTGACTGACT,AAGAACTCATGA,1.0,6C,Agf28-m1,121120.0,11_20,4.0,38.57142857,Month_10,group1,NA,no,no
29-0_01_21,4000.0,TATGGTAATTGTGTGCCAGCMGCCGCGGTAA,ATTAGAWACCCBDGTAGTCCGGCTGACTGACT,CGGTATAGCAAT,1.0,3H,Agf29-m0,100121.0,01_21,5.0,47.0,Month_12,group1,NA,no,no
29-0_03_21,4000.0,TATGGTAATTGTGTGCCAGCMGCCGCGGTAA,ATTAGAWACCCBDGTAGTCCGGCTGACTGACT,ACTGTGACGTCC,2.0,9A,Agf29-m0,40321.0,03_21,6.0,54.57142857,Month_14,group1,NA,no,no
29-0_05_20,4000.0,TATGGTAATTGTGTGCCAGCMGCCGCGGTAA,ATTAGAWACCCBDGTAGTCCGGCTGACTGACT,CCGGCCGCGTGC,3.0,5G,Agf29-m0,130520.0,05_20,1.0,12.42857143,Month_04,group1,NA,no,yes
29-0_05_21,4000.0,TATGGTAATTGTGTGCCAGCMGCCGCGGTAA,ATTAGAWACCCBDGTAGTCCGGCTGACTGACT,CAAATTCGGGAT,3.0,4A,Agf29-m0,20521.0,05_21,7.0,59.14285714,Month_14,group1,NA,no,no
29-0_06_21,4000.0,TATGGTAATTGTGTGCCAGCMGCCGCGGTAA,ATTAGAWACCCBDGTAGTCCGGCTGACTGACT,GCAGAGAGGCTA,7.0,10C,Agf29-m0,270521.0,06_21,8.0,70.57142857,Month_18,group1,NA,no,no
29-0_11_20,4000.0,TATGGTAATTGTGTGCCAGCMGCCGCGGTAA,ATTAGAWACCCBDGTAGTCCGGCTGACTGACT,AAGATCGTACTG,6.0,9A,Agf29-m0,121120.0,11_20,4.0,38.57142857,Month_10,group1,NA,no,no
29-1_03_21,4000.0,TATGGTAATTGTGTGCCAGCMGCCGCGGTAA,ATTAGAWACCCBDGTAGTCCGGCTGACTGACT,TATATAGTATCC,4.0,1C,Agf29-m1,40321.0,03_21,6.0,54.57142857,Month_14,group1,NA,no,no
29-1_05_20,4000.0,TATGGTAATTGTGTGCCAGCMGCCGCGGTAA,ATTAGAWACCCBDGTAGTCCGGCTGACTGACT,CTACAGGGTCTC,2.0,1A,Agf29-m1,130520.0,05_20,1.0,12.42857143,Month_04,group1,NA,no,yes
29-1_05_21,4000.0,TATGGTAATTGTGTGCCAGCMGCCGCGGTAA,ATTAGAWACCCBDGTAGTCCGGCTGACTGACT,CGTCGCAGCCTT,4.0,9D,Agf29-m1,20521.0,05_21,7.0,59.14285714,Month_14,group1,NA,no,no
29-1_07_20,4000.0,TATGGTAATTGTGTGCCAGCMGCCGCGGTAA,ATTAGAWACCCBDGTAGTCCGGCTGACTGACT,CTTGATTCTTGA,1.0,10C,Agf29-m1,720.0,07_20,2.0,20.57142857,Month_06,group1,NA,no,no
29-1_09_20,4000.0,TATGGTAATTGTGTGCCAGCMGCCGCGGTAA,ATTAGAWACCCBDGTAGTCCGGCTGACTGACT,AATCATTTGTAA,7.0,4H,Agf29-m1,90920.0,09_20,3.0,30.42857143,Month_08,group1,NA,no,no
29-1_11_20,4000.0,TATGGTAATTGTGTGCCAGCMGCCGCGGTAA,ATTAGAWACCCBDGTAGTCCGGCTGACTGACT,GACTCAACCAGT,1.0,9A,Agf29-m1,121120.0,11_20,4.0,38.57142857,Month_10,group1,NA,no,no
29-2_01_21,4000.0,TATGGTAATTGTGTGCCAGCMGCCGCGGTAA,ATTAGAWACCCBDGTAGTCCGGCTGACTGACT,AACCGCATAAGT,3.0,8C,Agf29-m2,100121.0,01_21,5.0,47.0,Month_12,group1,15,yes,no
29-2_03_21,4000.0,TATGGTAATTGTGTGCCAGCMGCCGCGGTAA,ATTAGAWACCCBDGTAGTCCGGCTGACTGACT,GTTTGGCCACAC,4.0,1B,Agf29-m2,40321.0,03_21,6.0,54.57142857,Month_14,group1,15,yes,no
29-2_05_21,4000.0,TATGGTAATTGTGTGCCAGCMGCCGCGGTAA,ATTAGAWACCCBDGTAGTCCGGCTGACTGACT,ACGTTAATATTC,4.0,8B,Agf29-m2,20521.0,05_21,7.0,59.14285714,Month_14,group1,15,yes,no
29-2_07_20,4000.0,TATGGTAATTGTGTGCCAGCMGCCGCGGTAA,ATTAGAWACCCBDGTAGTCCGGCTGACTGACT,GCCTACTCTCGG,4.0,3H,Agf29-m2,720.0,07_20,2.0,20.57142857,Month_06,group1,15,yes,no
29-2_11_20,4000.0,TATGGTAATTGTGTGCCAGCMGCCGCGGTAA,ATTAGAWACCCBDGTAGTCCGGCTGACTGACT,TAATCATGTAAT,7.0,6F,Agf29-m2,121120.0,11_20,4.0,38.57142857,Month_10,group1,15,yes,no
30-0_01_21,4000.0,TATGGTAATTGTGTGCCAGCMGCCGCGGTAA,ATTAGAWACCCBDGTAGTCCGGCTGACTGACT,GTGCCGGCCGAC,2.0,2B,Agf30-m0,100121.0,01_21,5.0,41.57142857,Month_10,group2,15,yes,no
30-0_05_20,4000.0,TATGGTAATTGTGTGCCAGCMGCCGCGGTAA,ATTAGAWACCCBDGTAGTCCGGCTGACTGACT,CATAAGGGAGGC,4.0,1D,Agf30-m0,130520.0,05_20,1.0,7.0,Month_02,group2,15,yes,yes
30-0_09_20,4000.0,TATGGTAATTGTGTGCCAGCMGCCGCGGTAA,ATTAGAWACCCBDGTAGTCCGGCTGACTGACT,GATAGCACTCGT,4.0,8A,Agf30-m0,90920.0,09_20,3.0,25.0,Month_06,group2,15,yes,no
30-0_11_20,4000.0,TATGGTAATTGTGTGCCAGCMGCCGCGGTAA,ATTAGAWACCCBDGTAGTCCGGCTGACTGACT,ATGCTGCAACAC,1.0,2B,Agf30-m0,121120.0,11_20,4.0,33.14285714,Month_08,group2,15,yes,no
30-1_01_21,4000.0,TATGGTAATTGTGTGCCAGCMGCCGCGGTAA,ATTAGAWACCCBDGTAGTCCGGCTGACTGACT,ACCAGTGACTCA,4.0,3G,Agf30-m1,100121.0,01_21,5.0,41.57142857,Month_10,group2,NA,no,no
30-1_05_20,4000.0,TATGGTAATTGTGTGCCAGCMGCCGCGGTAA,ATTAGAWACCCBDGTAGTCCGGCTGACTGACT,TTAATGGATCGG,2.0,8E,Agf30-m1,130520.0,05_20,1.0,7.0,Month_02,group2,NA,no,yes
30-1_05_21,4000.0,TATGGTAATTGTGTGCCAGCMGCCGCGGTAA,ATTAGAWACCCBDGTAGTCCGGCTGACTGACT,TCAGACCAACTG,2.0,1G,Agf30-m1,20521.0,05_21,7.0,53.71428571,Month_14,group2,NA,no,no
30-1_11_20,4000.0,TATGGTAATTGTGTGCCAGCMGCCGCGGTAA,ATTAGAWACCCBDGTAGTCCGGCTGACTGACT,TACTGTACTGTT,4.0,1G,Agf30-m1,121120.0,11_20,4.0,33.14285714,Month_08,group2,NA,no,no
30-2_01_21,4000.0,TATGGTAATTGTGTGCCAGCMGCCGCGGTAA,ATTAGAWACCCBDGTAGTCCGGCTGACTGACT,CCACTGCCCACC,4.0,4B,Agf30-m2,100121.0,01_21,5.0,41.57142857,Month_10,group2,15,yes,no
30-2_03_21,4000.0,TATGGTAATTGTGTGCCAGCMGCCGCGGTAA,ATTAGAWACCCBDGTAGTCCGGCTGACTGACT,CTCCGAACAACA,4.0,4A,Agf30-m2,40321.0,03_21,6.0,49.14285714,Month_12,group2,15,yes,no
30-2_05_21,4000.0,TATGGTAATTGTGTGCCAGCMGCCGCGGTAA,ATTAGAWACCCBDGTAGTCCGGCTGACTGACT,ATAGTTAGGGCT,4.0,5B,Agf30-m2,20521.0,05_21,7.0,53.71428571,Month_14,group2,15,yes,no
30-2_07_20,4000.0,TATGGTAATTGTGTGCCAGCMGCCGCGGTAA,ATTAGAWACCCBDGTAGTCCGGCTGACTGACT,GCCTAGCCCAAT,5.0,6B,Agf30-m2,720.0,07_20,2.0,15.14285714,Month_04,group2,15,yes,yes
30-2_09_20,4000.0,TATGGTAATTGTGTGCCAGCMGCCGCGGTAA,ATTAGAWACCCBDGTAGTCCGGCTGACTGACT,CCTTGACCGATG,2.0,3B,Agf30-m2,90920.0,09_20,3.0,25.0,Month_06,group2,15,yes,no
31-0_01_21,4000.0,TATGGTAATTGTGTGCCAGCMGCCGCGGTAA,ATTAGAWACCCBDGTAGTCCGGCTGACTGACT,ACCAGAAATGTC,4.0,4D,Agf31-m0,100121.0,01_21,5.0,41.57142857,Month_10,group2,NA,no,no
31-0_03_21,4000.0,TATGGTAATTGTGTGCCAGCMGCCGCGGTAA,ATTAGAWACCCBDGTAGTCCGGCTGACTGACT,GAATATACCTGG,4.0,4C,Agf31-m0,40321.0,03_21,6.0,49.14285714,Month_12,group2,NA,no,no
31-0_06_21,4000.0,TATGGTAATTGTGTGCCAGCMGCCGCGGTAA,ATTAGAWACCCBDGTAGTCCGGCTGACTGACT,GACCCGTTTCGC,4.0,6B,Agf31-m0,270521.0,06_21,8.0,65.14285714,Month_16,group2,NA,no,no
31-0_09_20,4000.0,TATGGTAATTGTGTGCCAGCMGCCGCGGTAA,ATTAGAWACCCBDGTAGTCCGGCTGACTGACT,TAATCGGTGCCA,1.0,12B,Agf31-m0,90920.0,09_20,3.0,25.0,Month_06,group2,NA,no,no
31-0_11_20,4000.0,TATGGTAATTGTGTGCCAGCMGCCGCGGTAA,ATTAGAWACCCBDGTAGTCCGGCTGACTGACT,ACCTATGGTGAA,6.0,4G,Agf31-m0,121120.0,11_20,4.0,33.14285714,Month_08,group2,NA,no,no
31-1_01_21,4000.0,TATGGTAATTGTGTGCCAGCMGCCGCGGTAA,ATTAGAWACCCBDGTAGTCCGGCTGACTGACT,AGCTATGTATGG,7.0,1F,Agf31-m1,100121.0,01_21,5.0,41.57142857,Month_10,group2,14,yes,no
31-1_03_21,4000.0,TATGGTAATTGTGTGCCAGCMGCCGCGGTAA,ATTAGAWACCCBDGTAGTCCGGCTGACTGACT,GATATACCAGTG,3.0,12C,Agf31-m1,40321.0,03_21,6.0,49.14285714,Month_12,group2,14,yes,no
31-1_05_20,4000.0,TATGGTAATTGTGTGCCAGCMGCCGCGGTAA,ATTAGAWACCCBDGTAGTCCGGCTGACTGACT,GCTGAGCCTTTG,4.0,8G,Agf31-m1,130520.0,05_20,1.0,7.0,Month_02,group2,14,yes,yes
31-1_05_21,4000.0,TATGGTAATTGTGTGCCAGCMGCCGCGGTAA,ATTAGAWACCCBDGTAGTCCGGCTGACTGACT,CTTAGGCATGTG,5.0,9H,Agf31-m1,20521.0,05_21,7.0,53.71428571,Month_14,group2,14,yes,no
31-2_03_21,4000.0,TATGGTAATTGTGTGCCAGCMGCCGCGGTAA,ATTAGAWACCCBDGTAGTCCGGCTGACTGACT,ACGGCGTTATGT,3.0,1E,Agf31-m2,40321.0,03_21,6.0,49.14285714,Month_12,group2,NA,no,no
31-2_05_20,4000.0,TATGGTAATTGTGTGCCAGCMGCCGCGGTAA,ATTAGAWACCCBDGTAGTCCGGCTGACTGACT,GCAACGAACGAG,2.0,11C,Agf31-m2,130520.0,05_20,1.0,7.0,Month_02,group2,NA,no,yes
31-2_05_21,4000.0,TATGGTAATTGTGTGCCAGCMGCCGCGGTAA,ATTAGAWACCCBDGTAGTCCGGCTGACTGACT,AGAGACGCGTAG,4.0,9G,Agf31-m2,20521.0,05_21,7.0,53.71428571,Month_14,group2,NA,no,no
31-2_06_21,4000.0,TATGGTAATTGTGTGCCAGCMGCCGCGGTAA,ATTAGAWACCCBDGTAGTCCGGCTGACTGACT,GTCACGGACATT,4.0,3C,Agf31-m2,270521.0,06_21,8.0,65.14285714,Month_16,group2,NA,no,no
31-2_07_20,4000.0,TATGGTAATTGTGTGCCAGCMGCCGCGGTAA,ATTAGAWACCCBDGTAGTCCGGCTGACTGACT,AACTTTCAGGAG,3.0,8A,Agf31-m2,720.0,07_20,2.0,15.14285714,Month_04,group2,NA,no,yes
31-2_09_20,4000.0,TATGGTAATTGTGTGCCAGCMGCCGCGGTAA,ATTAGAWACCCBDGTAGTCCGGCTGACTGACT,GTAATTGTAATT,4.0,9A,Agf31-m2,90920.0,09_20,3.0,25.0,Month_06,group2,NA,no,no
31-2_09_21,4000.0,TATGGTAATTGTGTGCCAGCMGCCGCGGTAA,ATTAGAWACCCBDGTAGTCCGGCTGACTGACT,ACTCACAGGAAT,5.0,9C,Agf31-m2,50921.0,09_21,9.0,75.57142857,Month_18,group2,NA,no,no
31-2_11_20,4000.0,TATGGTAATTGTGTGCCAGCMGCCGCGGTAA,ATTAGAWACCCBDGTAGTCCGGCTGACTGACT,TCGATAAGTAAG,7.0,8D,Agf31-m2,121120.0,11_20,4.0,33.14285714,Month_08,group2,NA,no,no
32-0_01_21,4000.0,TATGGTAATTGTGTGCCAGCMGCCGCGGTAA,ATTAGAWACCCBDGTAGTCCGGCTGACTGACT,AGCAACATTGCA,6.0,5C,Agf32-m0,100121.0,01_21,5.0,41.0,Month_10,group2,NA,no,no
32-0_03_21,4000.0,TATGGTAATTGTGTGCCAGCMGCCGCGGTAA,ATTAGAWACCCBDGTAGTCCGGCTGACTGACT,AGTCCGAGTTGT,4.0,8F,Agf32-m0,40321.0,03_21,6.0,48.57142857,Month_12,group2,NA,no,no
32-0_05_20,4000.0,TATGGTAATTGTGTGCCAGCMGCCGCGGTAA,ATTAGAWACCCBDGTAGTCCGGCTGACTGACT,CTTATAGAGAAG,7.0,8H,Agf32-m0,130520.0,05_20,1.0,6.428571429,Month_02,group2,NA,no,yes
32-0_05_21,4000.0,TATGGTAATTGTGTGCCAGCMGCCGCGGTAA,ATTAGAWACCCBDGTAGTCCGGCTGACTGACT,ACCGAACAATCC,2.0,5A,Agf32-m0,20521.0,05_21,7.0,53.14285714,Month_14,group2,NA,no,no
32-0_06_21,4000.0,TATGGTAATTGTGTGCCAGCMGCCGCGGTAA,ATTAGAWACCCBDGTAGTCCGGCTGACTGACT,CCTCGCATGACC,3.0,1A,Agf32-m0,270521.0,06_21,8.0,64.57142857,Month_16,group2,NA,no,no
32-0_07_20,4000.0,TATGGTAATTGTGTGCCAGCMGCCGCGGTAA,ATTAGAWACCCBDGTAGTCCGGCTGACTGACT,CGGGACACCCGA,1.0,2C,Agf32-m0,720.0,07_20,2.0,14.57142857,Month_04,group2,NA,no,yes
32-0_09_21,4000.0,TATGGTAATTGTGTGCCAGCMGCCGCGGTAA,ATTAGAWACCCBDGTAGTCCGGCTGACTGACT,CGCTGGCTTTAG,6.0,8F,Agf32-m0,50921.0,09_21,9.0,75.0,Month_18,group2,NA,no,no
32-0_11_20,4000.0,TATGGTAATTGTGTGCCAGCMGCCGCGGTAA,ATTAGAWACCCBDGTAGTCCGGCTGACTGACT,AGGTGAGTTCTA,4.0,11A,Agf32-m0,121120.0,11_20,4.0,32.57142857,Month_08,group2,NA,no,no
32-1_03_21,4000.0,TATGGTAATTGTGTGCCAGCMGCCGCGGTAA,ATTAGAWACCCBDGTAGTCCGGCTGACTGACT,ACTGGCAAACCT,4.0,3E,Agf32-m1,40321.0,03_21,6.0,48.57142857,Month_12,group2,NA,no,no
32-1_05_20,4000.0,TATGGTAATTGTGTGCCAGCMGCCGCGGTAA,ATTAGAWACCCBDGTAGTCCGGCTGACTGACT,TTGCGACAAAGT,6.0,6B,Agf32-m1,130520.0,05_20,1.0,6.428571429,Month_02,group2,NA,no,no
32-1_05_21,4000.0,TATGGTAATTGTGTGCCAGCMGCCGCGGTAA,ATTAGAWACCCBDGTAGTCCGGCTGACTGACT,ATGTGCTGCTCG,2.0,2F,Agf32-m1,20521.0,05_21,7.0,53.14285714,Month_14,group2,NA,no,no
32-1_07_20,4000.0,TATGGTAATTGTGTGCCAGCMGCCGCGGTAA,ATTAGAWACCCBDGTAGTCCGGCTGACTGACT,AATCTTGCGCCG,1.0,9D,Agf32-m1,720.0,07_20,2.0,14.57142857,Month_04,group2,NA,no,yes
32-1_09_20,4000.0,TATGGTAATTGTGTGCCAGCMGCCGCGGTAA,ATTAGAWACCCBDGTAGTCCGGCTGACTGACT,ACTACTGAGGAT,1.0,11A,Agf32-m1,90920.0,09_20,3.0,24.42857143,Month_06,group2,NA,no,no
32-1_09_21,4000.0,TATGGTAATTGTGTGCCAGCMGCCGCGGTAA,ATTAGAWACCCBDGTAGTCCGGCTGACTGACT,TGAGTCATTGAG,2.0,7A,Agf32-m1,50921.0,09_21,9.0,75.0,Month_18,group2,NA,no,no
32-1_11_20,4000.0,TATGGTAATTGTGTGCCAGCMGCCGCGGTAA,ATTAGAWACCCBDGTAGTCCGGCTGACTGACT,TCATCCGTCGGC,5.0,3A,Agf32-m1,121120.0,11_20,4.0,32.57142857,Month_08,group2,NA,no,no
32-2_05_20,4000.0,TATGGTAATTGTGTGCCAGCMGCCGCGGTAA,ATTAGAWACCCBDGTAGTCCGGCTGACTGACT,ACTGTTTACTGT,4.0,2C,Agf32-m2,130520.0,05_20,1.0,6.428571429,Month_02,group2,NA,no,yes
32-2_05_21,4000.0,TATGGTAATTGTGTGCCAGCMGCCGCGGTAA,ATTAGAWACCCBDGTAGTCCGGCTGACTGACT,TAGGACGGGAGT,4.0,1A,Agf32-m2,20521.0,05_21,7.0,53.14285714,Month_14,group2,NA,no,no
32-2_06_21,4000.0,TATGGTAATTGTGTGCCAGCMGCCGCGGTAA,ATTAGAWACCCBDGTAGTCCGGCTGACTGACT,CAAGTGAAGGGA,1.0,10B,Agf32-m2,270521.0,06_21,8.0,64.57142857,Month_16,group2,NA,no,no
32-2_07_20,4000.0,TATGGTAATTGTGTGCCAGCMGCCGCGGTAA,ATTAGAWACCCBDGTAGTCCGGCTGACTGACT,ACATCAGGTCAC,7.0,1E,Agf32-m2,720.0,07_20,2.0,14.57142857,Month_04,group2,NA,no,no
32-2_09_20,4000.0,TATGGTAATTGTGTGCCAGCMGCCGCGGTAA,ATTAGAWACCCBDGTAGTCCGGCTGACTGACT,TCTTCGCAGCAG,5.0,5G,Agf32-m2,90920.0,09_20,3.0,24.42857143,Month_06,group2,NA,no,no
32-2_11_20,4000.0,TATGGTAATTGTGTGCCAGCMGCCGCGGTAA,ATTAGAWACCCBDGTAGTCCGGCTGACTGACT,CTTCAAGATGGA,6.0,11G,Agf32-m2,121120.0,11_20,4.0,32.57142857,Month_08,group2,NA,no,no
33-0_01_21,4000.0,TATGGTAATTGTGTGCCAGCMGCCGCGGTAA,ATTAGAWACCCBDGTAGTCCGGCTGACTGACT,GTCAACGCTGTC,1.0,8E,Agf33-m0,100121.0,01_21,5.0,41.0,Month_10,group2,NA,no,no
33-0_03_21,4000.0,TATGGTAATTGTGTGCCAGCMGCCGCGGTAA,ATTAGAWACCCBDGTAGTCCGGCTGACTGACT,AATAACTAGGGT,1.0,11D,Agf33-m0,40321.0,03_21,6.0,48.57142857,Month_12,group2,NA,no,no
33-0_05_20,4000.0,TATGGTAATTGTGTGCCAGCMGCCGCGGTAA,ATTAGAWACCCBDGTAGTCCGGCTGACTGACT,CTTGGAGGCTTA,2.0,2A,Agf33-m0,130520.0,05_20,1.0,6.428571429,Month_02,group2,NA,no,yes
33-0_05_21,4000.0,TATGGTAATTGTGTGCCAGCMGCCGCGGTAA,ATTAGAWACCCBDGTAGTCCGGCTGACTGACT,TATTGCAGCAGC,1.0,12D,Agf33-m0,20521.0,05_21,7.0,53.14285714,Month_14,group2,NA,no,no
33-0_06_21,4000.0,TATGGTAATTGTGTGCCAGCMGCCGCGGTAA,ATTAGAWACCCBDGTAGTCCGGCTGACTGACT,ATAATTGCCGAG,3.0,9H,Agf33-m0,270521.0,06_21,8.0,64.57142857,Month_16,group2,NA,no,no
33-0_07_20,4000.0,TATGGTAATTGTGTGCCAGCMGCCGCGGTAA,ATTAGAWACCCBDGTAGTCCGGCTGACTGACT,TCATGGCCTCCG,2.0,2E,Agf33-m0,720.0,07_20,2.0,14.57142857,Month_04,group2,NA,no,yes
33-0_09_20,4000.0,TATGGTAATTGTGTGCCAGCMGCCGCGGTAA,ATTAGAWACCCBDGTAGTCCGGCTGACTGACT,AGTGCAGGAGCC,3.0,10F,Agf33-m0,90920.0,09_20,3.0,24.42857143,Month_06,group2,NA,no,no
33-0_09_21,4000.0,TATGGTAATTGTGTGCCAGCMGCCGCGGTAA,ATTAGAWACCCBDGTAGTCCGGCTGACTGACT,GTCTCCTCCCTT,5.0,11G,Agf33-m0,50921.0,09_21,9.0,75.0,Month_18,group2,NA,no,no
33-0_11_20,4000.0,TATGGTAATTGTGTGCCAGCMGCCGCGGTAA,ATTAGAWACCCBDGTAGTCCGGCTGACTGACT,GTGCAACCAATC,4.0,1E,Agf33-m0,121120.0,11_20,4.0,32.57142857,Month_08,group2,NA,no,no
33-1_01_21,4000.0,TATGGTAATTGTGTGCCAGCMGCCGCGGTAA,ATTAGAWACCCBDGTAGTCCGGCTGACTGACT,GCGTGGTCATTA,5.0,10A,Agf33-m1,100121.0,01_21,5.0,41.0,Month_10,group2,17,yes,no
33-1_05_20,4000.0,TATGGTAATTGTGTGCCAGCMGCCGCGGTAA,ATTAGAWACCCBDGTAGTCCGGCTGACTGACT,GTCAGTATGGCT,4.0,12C,Agf33-m1,130520.0,05_20,1.0,6.428571429,Month_02,group2,17,yes,no
33-1_05_21,4000.0,TATGGTAATTGTGTGCCAGCMGCCGCGGTAA,ATTAGAWACCCBDGTAGTCCGGCTGACTGACT,AGTATCATATAT,5.0,11H,Agf33-m1,20521.0,05_21,7.0,53.14285714,Month_14,group2,17,yes,no
33-1_06_21,4000.0,TATGGTAATTGTGTGCCAGCMGCCGCGGTAA,ATTAGAWACCCBDGTAGTCCGGCTGACTGACT,GTGCGGTTCACT,5.0,10D,Agf33-m1,270521.0,06_21,8.0,64.57142857,Month_16,group2,17,yes,no
33-1_07_20,4000.0,TATGGTAATTGTGTGCCAGCMGCCGCGGTAA,ATTAGAWACCCBDGTAGTCCGGCTGACTGACT,CAGTCTAGTACG,4.0,6F,Agf33-m1,720.0,07_20,2.0,14.57142857,Month_04,group2,17,yes,yes
33-1_11_20,4000.0,TATGGTAATTGTGTGCCAGCMGCCGCGGTAA,ATTAGAWACCCBDGTAGTCCGGCTGACTGACT,GAGATACAGTTC,1.0,12C,Agf33-m1,121120.0,11_20,4.0,32.57142857,Month_08,group2,17,yes,no
33-2_01_21,4000.0,TATGGTAATTGTGTGCCAGCMGCCGCGGTAA,ATTAGAWACCCBDGTAGTCCGGCTGACTGACT,CGCCGTACTTGC,2.0,2H,Agf33-m2,100121.0,01_21,5.0,41.0,Month_10,group2,NA,no,no
33-2_03_21,4000.0,TATGGTAATTGTGTGCCAGCMGCCGCGGTAA,ATTAGAWACCCBDGTAGTCCGGCTGACTGACT,ACTTGGTGTAAG,1.0,10E,Agf33-m2,40321.0,03_21,6.0,48.57142857,Month_12,group2,NA,no,no
33-2_05_20,4000.0,TATGGTAATTGTGTGCCAGCMGCCGCGGTAA,ATTAGAWACCCBDGTAGTCCGGCTGACTGACT,AACCACTAACCG,3.0,7A,Agf33-m2,130520.0,05_20,1.0,6.428571429,Month_02,group2,NA,no,no
33-2_05_21,4000.0,TATGGTAATTGTGTGCCAGCMGCCGCGGTAA,ATTAGAWACCCBDGTAGTCCGGCTGACTGACT,ATATGTTCTCAA,2.0,1F,Agf33-m2,20521.0,05_21,7.0,53.14285714,Month_14,group2,NA,no,no
33-2_06_21,4000.0,TATGGTAATTGTGTGCCAGCMGCCGCGGTAA,ATTAGAWACCCBDGTAGTCCGGCTGACTGACT,GAGGCCTCGGGT,7.0,12G,Agf33-m2,270521.0,06_21,8.0,64.57142857,Month_16,group2,NA,no,no
33-2_07_20,4000.0,TATGGTAATTGTGTGCCAGCMGCCGCGGTAA,ATTAGAWACCCBDGTAGTCCGGCTGACTGACT,ACTAGTTGGACC,5.0,2B,Agf33-m2,720.0,07_20,2.0,14.57142857,Month_04,group2,NA,no,no
33-2_09_20,4000.0,TATGGTAATTGTGTGCCAGCMGCCGCGGTAA,ATTAGAWACCCBDGTAGTCCGGCTGACTGACT,GTAAATTCAGGC,6.0,2C,Agf33-m2,90920.0,09_20,3.0,24.42857143,Month_06,group2,NA,no,no
33-2_09_21,4000.0,TATGGTAATTGTGTGCCAGCMGCCGCGGTAA,ATTAGAWACCCBDGTAGTCCGGCTGACTGACT,AGAGGAGTCGAC,5.0,11F,Agf33-m2,50921.0,09_21,9.0,75.0,Month_18,group2,NA,no,no
34-0_01_21,4000.0,TATGGTAATTGTGTGCCAGCMGCCGCGGTAA,ATTAGAWACCCBDGTAGTCCGGCTGACTGACT,GTTCATTAAACT,2.0,1B,Agf34-m0,100121.0,01_21,5.0,41.42857143,Month_10,group2,13,yes,no
34-0_03_21,4000.0,TATGGTAATTGTGTGCCAGCMGCCGCGGTAA,ATTAGAWACCCBDGTAGTCCGGCTGACTGACT,GTAGTAGACCAT,1.0,2E,Agf34-m0,40321.0,03_21,6.0,49.0,Month_12,group2,13,yes,no
34-0_05_20,4000.0,TATGGTAATTGTGTGCCAGCMGCCGCGGTAA,ATTAGAWACCCBDGTAGTCCGGCTGACTGACT,TCCATACCGGAA,1.0,2A,Agf34-m0,130520.0,05_20,1.0,6.857142857,Month_02,group2,13,yes,yes
34-0_07_20,4000.0,TATGGTAATTGTGTGCCAGCMGCCGCGGTAA,ATTAGAWACCCBDGTAGTCCGGCTGACTGACT,CTGCGGATATAC,5.0,2F,Agf34-m0,720.0,07_20,2.0,15.0,Month_04,group2,13,yes,yes
34-0_09_20,4000.0,TATGGTAATTGTGTGCCAGCMGCCGCGGTAA,ATTAGAWACCCBDGTAGTCCGGCTGACTGACT,GCATAAACGACT,2.0,5F,Agf34-m0,90920.0,09_20,3.0,24.85714286,Month_06,group2,13,yes,no
34-0_11_20,4000.0,TATGGTAATTGTGTGCCAGCMGCCGCGGTAA,ATTAGAWACCCBDGTAGTCCGGCTGACTGACT,ACCTACTTGTCT,2.0,8A,Agf34-m0,121120.0,11_20,4.0,33.0,Month_08,group2,13,yes,no
34-1_01_21,4000.0,TATGGTAATTGTGTGCCAGCMGCCGCGGTAA,ATTAGAWACCCBDGTAGTCCGGCTGACTGACT,CCAGGACAGGAA,3.0,9A,Agf34-m1,100121.0,01_21,5.0,41.42857143,Month_10,group2,NA,no,no
34-1_03_21,4000.0,TATGGTAATTGTGTGCCAGCMGCCGCGGTAA,ATTAGAWACCCBDGTAGTCCGGCTGACTGACT,ACTTAGACTCTT,4.0,8H,Agf34-m1,40321.0,03_21,6.0,49.0,Month_12,group2,NA,no,no
34-1_05_21,4000.0,TATGGTAATTGTGTGCCAGCMGCCGCGGTAA,ATTAGAWACCCBDGTAGTCCGGCTGACTGACT,ATTTGCTTTGCC,6.0,3B,Agf34-m1,20521.0,05_21,7.0,53.57142857,Month_14,group2,NA,no,no
34-1_06_21,4000.0,TATGGTAATTGTGTGCCAGCMGCCGCGGTAA,ATTAGAWACCCBDGTAGTCCGGCTGACTGACT,TCGAGCCGATCT,3.0,9F,Agf34-m1,270521.0,06_21,8.0,65.0,Month_16,group2,NA,no,no
34-1_07_20,4000.0,TATGGTAATTGTGTGCCAGCMGCCGCGGTAA,ATTAGAWACCCBDGTAGTCCGGCTGACTGACT,TATCATATTACG,2.0,3A,Agf34-m1,720.0,07_20,2.0,15.0,Month_04,group2,NA,no,yes
34-1_09_21,4000.0,TATGGTAATTGTGTGCCAGCMGCCGCGGTAA,ATTAGAWACCCBDGTAGTCCGGCTGACTGACT,AACTCAATAGCG,2.0,12F,Agf34-m1,50921.0,09_21,9.0,75.42857143,Month_18,group2,NA,no,no
35-0_03_21,4000.0,TATGGTAATTGTGTGCCAGCMGCCGCGGTAA,ATTAGAWACCCBDGTAGTCCGGCTGACTGACT,GTTCGGTGTCCA,6.0,1A,Agf35-m0,40321.0,03_21,6.0,49.0,Month_12,group2,NA,no,no
35-0_06_21,4000.0,TATGGTAATTGTGTGCCAGCMGCCGCGGTAA,ATTAGAWACCCBDGTAGTCCGGCTGACTGACT,TGGTTTCGAAGA,7.0,4D,Agf35-m0,270521.0,06_21,8.0,65.0,Month_16,group2,NA,no,no
35-0_07_20,4000.0,TATGGTAATTGTGTGCCAGCMGCCGCGGTAA,ATTAGAWACCCBDGTAGTCCGGCTGACTGACT,TCAGTCAGATGA,5.0,6E,Agf35-m0,720.0,07_20,2.0,15.0,Month_04,group2,NA,no,yes
35-0_09_20,4000.0,TATGGTAATTGTGTGCCAGCMGCCGCGGTAA,ATTAGAWACCCBDGTAGTCCGGCTGACTGACT,GCCGCCAGGGTC,3.0,5H,Agf35-m0,90920.0,09_20,3.0,24.85714286,Month_06,group2,NA,no,no
35-0_09_21,4000.0,TATGGTAATTGTGTGCCAGCMGCCGCGGTAA,ATTAGAWACCCBDGTAGTCCGGCTGACTGACT,CGCAGATTAGTA,6.0,9C,Agf35-m0,50921.0,09_21,9.0,75.42857143,Month_18,group2,NA,no,no
35-0_11_20,4000.0,TATGGTAATTGTGTGCCAGCMGCCGCGGTAA,ATTAGAWACCCBDGTAGTCCGGCTGACTGACT,TCTACATACATA,4.0,4F,Agf35-m0,121120.0,11_20,4.0,33.0,Month_08,group2,NA,no,no
35-1_01_21,4000.0,TATGGTAATTGTGTGCCAGCMGCCGCGGTAA,ATTAGAWACCCBDGTAGTCCGGCTGACTGACT,AGGAACCAGACG,6.0,7B,Agf35-m1,100121.0,01_21,5.0,41.42857143,Month_10,group2,NA,no,no
35-1_03_21,4000.0,TATGGTAATTGTGTGCCAGCMGCCGCGGTAA,ATTAGAWACCCBDGTAGTCCGGCTGACTGACT,GTGGGACTGCGC,4.0,6G,Agf35-m1,40321.0,03_21,6.0,49.0,Month_12,group2,NA,no,no
35-1_05_20,4000.0,TATGGTAATTGTGTGCCAGCMGCCGCGGTAA,ATTAGAWACCCBDGTAGTCCGGCTGACTGACT,TGACGAGGGCTG,6.0,7G,Agf35-m1,130520.0,05_20,1.0,6.857142857,Month_02,group2,NA,no,yes
35-1_06_21,4000.0,TATGGTAATTGTGTGCCAGCMGCCGCGGTAA,ATTAGAWACCCBDGTAGTCCGGCTGACTGACT,GTTGCTGAGTCC,3.0,10G,Agf35-m1,270521.0,06_21,8.0,65.0,Month_16,group2,NA,no,no
35-1_07_20,4000.0,TATGGTAATTGTGTGCCAGCMGCCGCGGTAA,ATTAGAWACCCBDGTAGTCCGGCTGACTGACT,GCGAGGAAGTCC,3.0,3A,Agf35-m1,720.0,07_20,2.0,15.0,Month_04,group2,NA,no,no
35-1_09_20,4000.0,TATGGTAATTGTGTGCCAGCMGCCGCGGTAA,ATTAGAWACCCBDGTAGTCCGGCTGACTGACT,ATAGGAATAACC,3.0,12F,Agf35-m1,90920.0,09_20,3.0,24.85714286,Month_06,group2,NA,no,no
35-1_09_21,4000.0,TATGGTAATTGTGTGCCAGCMGCCGCGGTAA,ATTAGAWACCCBDGTAGTCCGGCTGACTGACT,TAATCCATAATC,2.0,11B,Agf35-m1,50921.0,09_21,9.0,75.42857143,Month_18,group2,NA,no,no
35-2_01_21,4000.0,TATGGTAATTGTGTGCCAGCMGCCGCGGTAA,ATTAGAWACCCBDGTAGTCCGGCTGACTGACT,GAAATCTTGAAG,1.0,11C,Agf35-m2,100121.0,01_21,5.0,41.42857143,Month_10,group2,12,yes,no
35-2_03_21,4000.0,TATGGTAATTGTGTGCCAGCMGCCGCGGTAA,ATTAGAWACCCBDGTAGTCCGGCTGACTGACT,GTCACTCCGAAC,2.0,5E,Agf35-m2,40321.0,03_21,6.0,49.0,Month_12,group2,12,yes,no
35-2_07_20,4000.0,TATGGTAATTGTGTGCCAGCMGCCGCGGTAA,ATTAGAWACCCBDGTAGTCCGGCTGACTGACT,GGACAAGTGCGA,3.0,3B,Agf35-m2,720.0,07_20,2.0,15.0,Month_04,group2,12,yes,yes
35-2_09_20,4000.0,TATGGTAATTGTGTGCCAGCMGCCGCGGTAA,ATTAGAWACCCBDGTAGTCCGGCTGACTGACT,TTGCCGCTCTGG,3.0,9B,Agf35-m2,90920.0,09_20,3.0,24.85714286,Month_06,group2,12,yes,no
35-2_11_20,4000.0,TATGGTAATTGTGTGCCAGCMGCCGCGGTAA,ATTAGAWACCCBDGTAGTCCGGCTGACTGACT,GCACGCGAGCAC,5.0,9G,Agf35-m2,121120.0,11_20,4.0,33.0,Month_08,group2,12,yes,no
36-0_01_21,4000.0,TATGGTAATTGTGTGCCAGCMGCCGCGGTAA,ATTAGAWACCCBDGTAGTCCGGCTGACTGACT,ACGTGAGGAACG,1.0,6B,Agf36-m0,100121.0,01_21,5.0,41.0,Month_10,group2,NA,no,no
36-0_03_21,4000.0,TATGGTAATTGTGTGCCAGCMGCCGCGGTAA,ATTAGAWACCCBDGTAGTCCGGCTGACTGACT,TGGCGCACGGAC,4.0,4G,Agf36-m0,40321.0,03_21,6.0,48.57142857,Month_12,group2,NA,no,no
36-0_05_20,4000.0,TATGGTAATTGTGTGCCAGCMGCCGCGGTAA,ATTAGAWACCCBDGTAGTCCGGCTGACTGACT,AACGGGCGACGT,5.0,4F,Agf36-m0,130520.0,05_20,1.0,6.428571429,Month_02,group2,NA,no,no
36-0_05_21,4000.0,TATGGTAATTGTGTGCCAGCMGCCGCGGTAA,ATTAGAWACCCBDGTAGTCCGGCTGACTGACT,ACCTTACACCTT,1.0,2D,Agf36-m0,20521.0,05_21,7.0,53.14285714,Month_14,group2,NA,no,no
36-0_09_20,4000.0,TATGGTAATTGTGTGCCAGCMGCCGCGGTAA,ATTAGAWACCCBDGTAGTCCGGCTGACTGACT,CCGCATGACCTA,7.0,2C,Agf36-m0,90920.0,09_20,3.0,24.42857143,Month_06,group2,NA,no,no
36-0_09_21,4000.0,TATGGTAATTGTGTGCCAGCMGCCGCGGTAA,ATTAGAWACCCBDGTAGTCCGGCTGACTGACT,CGCACGTACCTC,4.0,11D,Agf36-m0,50921.0,09_21,9.0,75.0,Month_18,group2,NA,no,no
36-1_01_21,4000.0,TATGGTAATTGTGTGCCAGCMGCCGCGGTAA,ATTAGAWACCCBDGTAGTCCGGCTGACTGACT,CTCTATTCCACC,6.0,12C,Agf36-m1,100121.0,01_21,5.0,41.0,Month_10,group2,NA,no,no
36-1_03_21,4000.0,TATGGTAATTGTGTGCCAGCMGCCGCGGTAA,ATTAGAWACCCBDGTAGTCCGGCTGACTGACT,CCACCGGGCCGA,4.0,10G,Agf36-m1,40321.0,03_21,6.0,48.57142857,Month_12,group2,NA,no,no
36-1_05_20,4000.0,TATGGTAATTGTGTGCCAGCMGCCGCGGTAA,ATTAGAWACCCBDGTAGTCCGGCTGACTGACT,CGATTCCTTAAT,4.0,11F,Agf36-m1,130520.0,05_20,1.0,6.428571429,Month_02,group2,NA,no,no
36-1_06_21,4000.0,TATGGTAATTGTGTGCCAGCMGCCGCGGTAA,ATTAGAWACCCBDGTAGTCCGGCTGACTGACT,CTTGCTCATAAT,2.0,7G,Agf36-m1,270521.0,06_21,8.0,64.57142857,Month_16,group2,NA,no,no
36-1_09_20,4000.0,TATGGTAATTGTGTGCCAGCMGCCGCGGTAA,ATTAGAWACCCBDGTAGTCCGGCTGACTGACT,GTCCGTCCTGGT,2.0,9F,Agf36-m1,90920.0,09_20,3.0,24.42857143,Month_06,group2,NA,no,no
36-1_09_21,4000.0,TATGGTAATTGTGTGCCAGCMGCCGCGGTAA,ATTAGAWACCCBDGTAGTCCGGCTGACTGACT,CAAACCTATGGC,3.0,12E,Agf36-m1,50921.0,09_21,9.0,75.0,Month_18,group2,NA,no,no
36-1_11_20,4000.0,TATGGTAATTGTGTGCCAGCMGCCGCGGTAA,ATTAGAWACCCBDGTAGTCCGGCTGACTGACT,ATTATGATTATG,3.0,6G,Agf36-m1,121120.0,11_20,4.0,32.57142857,Month_08,group2,NA,no,no
36-2_03_21,4000.0,TATGGTAATTGTGTGCCAGCMGCCGCGGTAA,ATTAGAWACCCBDGTAGTCCGGCTGACTGACT,AATTCACCTCCT,1.0,12A,Agf36-m2,40321.0,03_21,6.0,48.57142857,Month_12,group2,17,yes,no
36-2_05_20,4000.0,TATGGTAATTGTGTGCCAGCMGCCGCGGTAA,ATTAGAWACCCBDGTAGTCCGGCTGACTGACT,GTCCTCGCGACT,4.0,12D,Agf36-m2,130520.0,05_20,1.0,6.428571429,Month_02,group2,17,yes,no
36-2_05_21,4000.0,TATGGTAATTGTGTGCCAGCMGCCGCGGTAA,ATTAGAWACCCBDGTAGTCCGGCTGACTGACT,TGCCTGCTCGAC,4.0,12F,Agf36-m2,20521.0,05_21,7.0,53.14285714,Month_14,group2,17,yes,no
36-2_06_21,4000.0,TATGGTAATTGTGTGCCAGCMGCCGCGGTAA,ATTAGAWACCCBDGTAGTCCGGCTGACTGACT,GTTTATCTTAAG,4.0,6E,Agf36-m2,270521.0,06_21,8.0,64.57142857,Month_16,group2,17,yes,no
36-2_07_20,4000.0,TATGGTAATTGTGTGCCAGCMGCCGCGGTAA,ATTAGAWACCCBDGTAGTCCGGCTGACTGACT,CCACAACGATCA,3.0,9C,Agf36-m2,720.0,07_20,2.0,14.57142857,Month_04,group2,17,yes,yes
36-2_09_20,4000.0,TATGGTAATTGTGTGCCAGCMGCCGCGGTAA,ATTAGAWACCCBDGTAGTCCGGCTGACTGACT,CATTTGACGACG,3.0,1F,Agf36-m2,90920.0,09_20,3.0,24.42857143,Month_06,group2,17,yes,no
36-2_11_20,4000.0,TATGGTAATTGTGTGCCAGCMGCCGCGGTAA,ATTAGAWACCCBDGTAGTCCGGCTGACTGACT,CGTTCGCTAGCC,4.0,12E,Agf36-m2,121120.0,11_20,4.0,32.57142857,Month_08,group2,17,yes,no
37-0_09_20,4000.0,TATGGTAATTGTGTGCCAGCMGCCGCGGTAA,ATTAGAWACCCBDGTAGTCCGGCTGACTGACT,CTCCACATTCCT,5.0,5F,Agf37-m0,90920.0,09_20,3.0,24.42857143,Month_06,group2,10,yes,no
37-1_01_21,4000.0,TATGGTAATTGTGTGCCAGCMGCCGCGGTAA,ATTAGAWACCCBDGTAGTCCGGCTGACTGACT,TATGGGTAGCTA,5.0,8H,Agf37-m1,100121.0,01_21,5.0,41.0,Month_10,group2,NA,no,no
37-1_05_21,4000.0,TATGGTAATTGTGTGCCAGCMGCCGCGGTAA,ATTAGAWACCCBDGTAGTCCGGCTGACTGACT,TGTGCACGCCAT,1.0,1F,Agf37-m1,20521.0,05_21,7.0,53.14285714,Month_14,group2,NA,no,no
37-1_06_21,4000.0,TATGGTAATTGTGTGCCAGCMGCCGCGGTAA,ATTAGAWACCCBDGTAGTCCGGCTGACTGACT,GGTGTGAGAAAG,6.0,4F,Agf37-m1,270521.0,06_21,8.0,64.57142857,Month_16,group2,NA,no,no
37-2_01_21,4000.0,TATGGTAATTGTGTGCCAGCMGCCGCGGTAA,ATTAGAWACCCBDGTAGTCCGGCTGACTGACT,CCAACCCAGATC,2.0,4H,Agf37-m2,100121.0,01_21,5.0,41.0,Month_10,group2,13,yes,no
37-2_03_21,4000.0,TATGGTAATTGTGTGCCAGCMGCCGCGGTAA,ATTAGAWACCCBDGTAGTCCGGCTGACTGACT,ACTCGCTCGCTG,1.0,3B,Agf37-m2,40321.0,03_21,6.0,48.57142857,Month_12,group2,13,yes,no
37-2_05_20,4000.0,TATGGTAATTGTGTGCCAGCMGCCGCGGTAA,ATTAGAWACCCBDGTAGTCCGGCTGACTGACT,GCTGCGTATACC,3.0,1G,Agf37-m2,130520.0,05_20,1.0,6.428571429,Month_02,group2,13,yes,no
37-2_07_20,4000.0,TATGGTAATTGTGTGCCAGCMGCCGCGGTAA,ATTAGAWACCCBDGTAGTCCGGCTGACTGACT,GTTGACCATCGC,6.0,7C,Agf37-m2,720.0,07_20,2.0,14.57142857,Month_04,group2,13,yes,yes
37-2_11_20,4000.0,TATGGTAATTGTGTGCCAGCMGCCGCGGTAA,ATTAGAWACCCBDGTAGTCCGGCTGACTGACT,CCACGAGCAGGC,2.0,2G,Agf37-m2,121120.0,11_20,4.0,32.57142857,Month_08,group2,13,yes,no
38-0_07_20,4000.0,TATGGTAATTGTGTGCCAGCMGCCGCGGTAA,ATTAGAWACCCBDGTAGTCCGGCTGACTGACT,TATGCCAGAGAT,1.0,4C,Agf38-m0,720.0,07_20,2.0,14.57142857,Month_04,group2,12,yes,no
38-0_11_20,4000.0,TATGGTAATTGTGTGCCAGCMGCCGCGGTAA,ATTAGAWACCCBDGTAGTCCGGCTGACTGACT,GAGGCGCCATAG,7.0,9C,Agf38-m0,121120.0,11_20,4.0,32.57142857,Month_08,group2,12,yes,no
38-1_03_21,4000.0,TATGGTAATTGTGTGCCAGCMGCCGCGGTAA,ATTAGAWACCCBDGTAGTCCGGCTGACTGACT,TCTAACGAGTGC,4.0,9B,Agf38-m1,40321.0,03_21,6.0,48.57142857,Month_12,group2,NA,no,no
38-1_05_20,4000.0,TATGGTAATTGTGTGCCAGCMGCCGCGGTAA,ATTAGAWACCCBDGTAGTCCGGCTGACTGACT,ACACGCGGTTTA,6.0,10E,Agf38-m1,130520.0,05_20,1.0,6.428571429,Month_02,group2,NA,no,no
38-1_05_21,4000.0,TATGGTAATTGTGTGCCAGCMGCCGCGGTAA,ATTAGAWACCCBDGTAGTCCGGCTGACTGACT,TGCGCGCCTTCC,5.0,3E,Agf38-m1,20521.0,05_21,7.0,53.14285714,Month_14,group2,NA,no,no
38-1_06_21,4000.0,TATGGTAATTGTGTGCCAGCMGCCGCGGTAA,ATTAGAWACCCBDGTAGTCCGGCTGACTGACT,AATCCGGTCACC,4.0,11G,Agf38-m1,270521.0,06_21,8.0,64.57142857,Month_16,group2,NA,no,no
38-1_07_20,4000.0,TATGGTAATTGTGTGCCAGCMGCCGCGGTAA,ATTAGAWACCCBDGTAGTCCGGCTGACTGACT,TTGAACAAGCCA,2.0,12E,Agf38-m1,720.0,07_20,2.0,14.57142857,Month_04,group2,NA,no,no
38-1_09_21,4000.0,TATGGTAATTGTGTGCCAGCMGCCGCGGTAA,ATTAGAWACCCBDGTAGTCCGGCTGACTGACT,TCATCTTGATTG,4.0,12B,Agf38-m1,50921.0,09_21,9.0,75.0,Month_18,group2,NA,no,no
38-1_11_20,4000.0,TATGGTAATTGTGTGCCAGCMGCCGCGGTAA,ATTAGAWACCCBDGTAGTCCGGCTGACTGACT,TACGGTCTGGAT,3.0,4B,Agf38-m1,121120.0,11_20,4.0,32.57142857,Month_08,group2,NA,no,no
38-2_03_21,4000.0,TATGGTAATTGTGTGCCAGCMGCCGCGGTAA,ATTAGAWACCCBDGTAGTCCGGCTGACTGACT,TACTGAGCCTCG,5.0,4G,Agf38-m2,40321.0,03_21,6.0,48.57142857,Month_12,group2,NA,no,no
38-2_05_20,4000.0,TATGGTAATTGTGTGCCAGCMGCCGCGGTAA,ATTAGAWACCCBDGTAGTCCGGCTGACTGACT,AGATTCGCTCGA,3.0,8B,Agf38-m2,130520.0,05_20,1.0,6.428571429,Month_02,group2,NA,no,yes
38-2_05_21,4000.0,TATGGTAATTGTGTGCCAGCMGCCGCGGTAA,ATTAGAWACCCBDGTAGTCCGGCTGACTGACT,AATAGATGCTGA,5.0,12G,Agf38-m2,20521.0,05_21,7.0,53.14285714,Month_14,group2,NA,no,no
38-2_06_21,4000.0,TATGGTAATTGTGTGCCAGCMGCCGCGGTAA,ATTAGAWACCCBDGTAGTCCGGCTGACTGACT,TCATTAGCGTGG,2.0,1H,Agf38-m2,270521.0,06_21,8.0,64.57142857,Month_16,group2,NA,no,no
38-2_07_20,4000.0,TATGGTAATTGTGTGCCAGCMGCCGCGGTAA,ATTAGAWACCCBDGTAGTCCGGCTGACTGACT,AGTTGTAGTCCG,3.0,4E,Agf38-m2,720.0,07_20,2.0,14.57142857,Month_04,group2,NA,no,yes
38-2_09_20,4000.0,TATGGTAATTGTGTGCCAGCMGCCGCGGTAA,ATTAGAWACCCBDGTAGTCCGGCTGACTGACT,CGCGCAAGTATT,3.0,1B,Agf38-m2,90920.0,09_20,3.0,24.42857143,Month_06,group2,NA,no,no
38-2_09_21,4000.0,TATGGTAATTGTGTGCCAGCMGCCGCGGTAA,ATTAGAWACCCBDGTAGTCCGGCTGACTGACT,AGCGGTAGCGGT,4.0,11C,Agf38-m2,50921.0,09_21,9.0,75.0,Month_18,group2,NA,no,no
38-2_11_20,4000.0,TATGGTAATTGTGTGCCAGCMGCCGCGGTAA,ATTAGAWACCCBDGTAGTCCGGCTGACTGACT,CCATGTGGCTCC,4.0,8C,Agf38-m2,121120.0,11_20,4.0,32.57142857,Month_08,group2,NA,no,no
39-0_03_21,4000.0,TATGGTAATTGTGTGCCAGCMGCCGCGGTAA,ATTAGAWACCCBDGTAGTCCGGCTGACTGACT,CTCATATGCTAT,6.0,9D,Agf39-m0,40321.0,03_21,6.0,48.57142857,Month_12,group2,NA,no,no
39-0_06_21,4000.0,TATGGTAATTGTGTGCCAGCMGCCGCGGTAA,ATTAGAWACCCBDGTAGTCCGGCTGACTGACT,TCGTTATTCAGT,2.0,1D,Agf39-m0,270521.0,06_21,8.0,64.57142857,Month_16,group2,NA,no,no
39-0_07_20,4000.0,TATGGTAATTGTGTGCCAGCMGCCGCGGTAA,ATTAGAWACCCBDGTAGTCCGGCTGACTGACT,AATGTTCAACTT,2.0,3D,Agf39-m0,720.0,07_20,2.0,14.57142857,Month_04,group2,NA,no,yes
39-0_09_21,4000.0,TATGGTAATTGTGTGCCAGCMGCCGCGGTAA,ATTAGAWACCCBDGTAGTCCGGCTGACTGACT,CTATCTCCTGTC,3.0,12B,Agf39-m0,50921.0,09_21,9.0,75.0,Month_18,group2,NA,no,no
39-0_11_20,4000.0,TATGGTAATTGTGTGCCAGCMGCCGCGGTAA,ATTAGAWACCCBDGTAGTCCGGCTGACTGACT,TCTTCCTAAAGT,5.0,11C,Agf39-m0,121120.0,11_20,4.0,32.57142857,Month_08,group2,NA,no,no
39-1_01_21,4000.0,TATGGTAATTGTGTGCCAGCMGCCGCGGTAA,ATTAGAWACCCBDGTAGTCCGGCTGACTGACT,CGGCCAGAAGCA,3.0,6E,Agf39-m1,100121.0,01_21,5.0,41.0,Month_10,group2,18,yes,no
39-1_03_21,4000.0,TATGGTAATTGTGTGCCAGCMGCCGCGGTAA,ATTAGAWACCCBDGTAGTCCGGCTGACTGACT,TGGAGCCTTGTC,3.0,3D,Agf39-m1,40321.0,03_21,6.0,48.57142857,Month_12,group2,18,yes,no
39-1_05_21,4000.0,TATGGTAATTGTGTGCCAGCMGCCGCGGTAA,ATTAGAWACCCBDGTAGTCCGGCTGACTGACT,ATAACGGTGTAC,5.0,12B,Agf39-m1,20521.0,05_21,7.0,53.14285714,Month_14,group2,18,yes,no
39-1_06_21,4000.0,TATGGTAATTGTGTGCCAGCMGCCGCGGTAA,ATTAGAWACCCBDGTAGTCCGGCTGACTGACT,GCAAGAATACAT,6.0,1B,Agf39-m1,270521.0,06_21,8.0,64.57142857,Month_16,group2,18,yes,no
39-1_09_21,4000.0,TATGGTAATTGTGTGCCAGCMGCCGCGGTAA,ATTAGAWACCCBDGTAGTCCGGCTGACTGACT,TATAGGCTCCGC,3.0,8H,Agf39-m1,50921.0,09_21,9.0,75.0,Month_18,group2,18,yes,no
39-1_11_20,4000.0,TATGGTAATTGTGTGCCAGCMGCCGCGGTAA,ATTAGAWACCCBDGTAGTCCGGCTGACTGACT,AATAAGCAATAG,5.0,8G,Agf39-m1,121120.0,11_20,4.0,32.57142857,Month_08,group2,18,yes,no
40-0_01_21,4000.0,TATGGTAATTGTGTGCCAGCMGCCGCGGTAA,ATTAGAWACCCBDGTAGTCCGGCTGACTGACT,TAGGAGAGACAG,6.0,4E,Agf40-m0,100121.0,01_21,5.0,40.71428571,Month_10,group2,15,yes,no
40-0_03_21,4000.0,TATGGTAATTGTGTGCCAGCMGCCGCGGTAA,ATTAGAWACCCBDGTAGTCCGGCTGACTGACT,TAAGGTCGATAA,3.0,9G,Agf40-m0,40321.0,03_21,6.0,48.28571429,Month_12,group2,15,yes,no
40-0_05_20,4000.0,TATGGTAATTGTGTGCCAGCMGCCGCGGTAA,ATTAGAWACCCBDGTAGTCCGGCTGACTGACT,GTACGTCACTGA,3.0,5F,Agf40-m0,130520.0,05_20,1.0,6.142857143,Month_02,group2,15,yes,yes
40-0_09_20,4000.0,TATGGTAATTGTGTGCCAGCMGCCGCGGTAA,ATTAGAWACCCBDGTAGTCCGGCTGACTGACT,TTATACGTTGTA,6.0,3F,Agf40-m0,90920.0,09_20,3.0,24.14285714,Month_06,group2,15,yes,no
40-0_11_20,4000.0,TATGGTAATTGTGTGCCAGCMGCCGCGGTAA,ATTAGAWACCCBDGTAGTCCGGCTGACTGACT,GTCGCTTGCACA,3.0,11A,Agf40-m0,121120.0,11_20,4.0,32.28571429,Month_08,group2,15,yes,no
40-1_01_21,4000.0,TATGGTAATTGTGTGCCAGCMGCCGCGGTAA,ATTAGAWACCCBDGTAGTCCGGCTGACTGACT,TACTTAAACATC,6.0,7H,Agf40-m1,100121.0,01_21,5.0,40.71428571,Month_10,group2,NA,no,no
40-1_03_21,4000.0,TATGGTAATTGTGTGCCAGCMGCCGCGGTAA,ATTAGAWACCCBDGTAGTCCGGCTGACTGACT,GAAGTAGCGAGC,3.0,8D,Agf40-m1,40321.0,03_21,6.0,48.28571429,Month_12,group2,NA,no,no
40-1_05_20,4000.0,TATGGTAATTGTGTGCCAGCMGCCGCGGTAA,ATTAGAWACCCBDGTAGTCCGGCTGACTGACT,GTCCTACACAGC,4.0,2B,Agf40-m1,130520.0,05_20,1.0,6.142857143,Month_02,group2,NA,no,yes
40-1_05_21,4000.0,TATGGTAATTGTGTGCCAGCMGCCGCGGTAA,ATTAGAWACCCBDGTAGTCCGGCTGACTGACT,TAGCAGTTGCGT,2.0,12D,Agf40-m1,20521.0,05_21,7.0,52.85714286,Month_14,group2,NA,no,no
40-1_06_21,4000.0,TATGGTAATTGTGTGCCAGCMGCCGCGGTAA,ATTAGAWACCCBDGTAGTCCGGCTGACTGACT,CAATGTAGACAC,3.0,6A,Agf40-m1,270521.0,06_21,8.0,64.28571429,Month_16,group2,NA,no,no
40-1_07_20,4000.0,TATGGTAATTGTGTGCCAGCMGCCGCGGTAA,ATTAGAWACCCBDGTAGTCCGGCTGACTGACT,CTAATCAGAGTG,2.0,8D,Agf40-m1,720.0,07_20,2.0,14.28571429,Month_04,group2,NA,no,no
40-1_09_20,4000.0,TATGGTAATTGTGTGCCAGCMGCCGCGGTAA,ATTAGAWACCCBDGTAGTCCGGCTGACTGACT,GAATGCGTATAA,6.0,12F,Agf40-m1,90920.0,09_20,3.0,24.14285714,Month_06,group2,NA,no,no
40-1_09_21,4000.0,TATGGTAATTGTGTGCCAGCMGCCGCGGTAA,ATTAGAWACCCBDGTAGTCCGGCTGACTGACT,TTGCACCGTCGA,4.0,3A,Agf40-m1,50921.0,09_21,9.0,74.71428571,Month_18,group2,NA,no,no
40-1_11_20,4000.0,TATGGTAATTGTGTGCCAGCMGCCGCGGTAA,ATTAGAWACCCBDGTAGTCCGGCTGACTGACT,GTGTCGAGGGCA,3.0,10D,Agf40-m1,121120.0,11_20,4.0,32.28571429,Month_08,group2,NA,no,no
40-2_03_21,4000.0,TATGGTAATTGTGTGCCAGCMGCCGCGGTAA,ATTAGAWACCCBDGTAGTCCGGCTGACTGACT,ACGGTACCCTAC,2.0,6A,Agf40-m2,40321.0,03_21,6.0,48.28571429,Month_12,group2,NA,no,no
40-2_05_20,4000.0,TATGGTAATTGTGTGCCAGCMGCCGCGGTAA,ATTAGAWACCCBDGTAGTCCGGCTGACTGACT,AGCACCGGTCTT,6.0,3H,Agf40-m2,130520.0,05_20,1.0,6.142857143,Month_02,group2,NA,no,yes
40-2_05_21,4000.0,TATGGTAATTGTGTGCCAGCMGCCGCGGTAA,ATTAGAWACCCBDGTAGTCCGGCTGACTGACT,CAATCATAGGTG,2.0,3E,Agf40-m2,20521.0,05_21,7.0,52.85714286,Month_14,group2,NA,no,no
40-2_06_21,4000.0,TATGGTAATTGTGTGCCAGCMGCCGCGGTAA,ATTAGAWACCCBDGTAGTCCGGCTGACTGACT,GATCCCACGTAC,4.0,10B,Agf40-m2,270521.0,06_21,8.0,64.28571429,Month_16,group2,NA,no,no
40-2_07_20,4000.0,TATGGTAATTGTGTGCCAGCMGCCGCGGTAA,ATTAGAWACCCBDGTAGTCCGGCTGACTGACT,GCATCGTCTGGT,7.0,10H,Agf40-m2,720.0,07_20,2.0,14.28571429,Month_04,group2,NA,no,yes
40-2_09_20,4000.0,TATGGTAATTGTGTGCCAGCMGCCGCGGTAA,ATTAGAWACCCBDGTAGTCCGGCTGACTGACT,CAAACGCACTAA,1.0,6F,Agf40-m2,90920.0,09_20,3.0,24.14285714,Month_06,group2,NA,no,no
40-2_11_20,4000.0,TATGGTAATTGTGTGCCAGCMGCCGCGGTAA,ATTAGAWACCCBDGTAGTCCGGCTGACTGACT,GAGAGTCCACTT,6.0,3A,Agf40-m2,121120.0,11_20,4.0,32.28571429,Month_08,group2,NA,no,no
41-0_03_21,4000.0,TATGGTAATTGTGTGCCAGCMGCCGCGGTAA,ATTAGAWACCCBDGTAGTCCGGCTGACTGACT,TGAACCCTATGG,5.0,8F,Agf41-m0,40321.0,03_21,6.0,48.28571429,Month_12,group2,NA,no,no
41-0_05_20,4000.0,TATGGTAATTGTGTGCCAGCMGCCGCGGTAA,ATTAGAWACCCBDGTAGTCCGGCTGACTGACT,CCGCGTCTCAAC,3.0,6B,Agf41-m0,130520.0,05_20,1.0,6.142857143,Month_02,group2,NA,no,yes
41-0_05_21,4000.0,TATGGTAATTGTGTGCCAGCMGCCGCGGTAA,ATTAGAWACCCBDGTAGTCCGGCTGACTGACT,AGATGTCCGTCA,2.0,12C,Agf41-m0,20521.0,05_21,7.0,52.85714286,Month_14,group2,NA,no,no
41-0_06_21,4000.0,TATGGTAATTGTGTGCCAGCMGCCGCGGTAA,ATTAGAWACCCBDGTAGTCCGGCTGACTGACT,AGCGATTCCTCG,4.0,9E,Agf41-m0,270521.0,06_21,8.0,64.28571429,Month_16,group2,NA,no,no
41-0_07_20,4000.0,TATGGTAATTGTGTGCCAGCMGCCGCGGTAA,ATTAGAWACCCBDGTAGTCCGGCTGACTGACT,CCACTCTCTCTA,6.0,6E,Agf41-m0,720.0,07_20,2.0,14.28571429,Month_04,group2,NA,no,yes
41-0_09_20,4000.0,TATGGTAATTGTGTGCCAGCMGCCGCGGTAA,ATTAGAWACCCBDGTAGTCCGGCTGACTGACT,ACATAGCGGTTC,5.0,9A,Agf41-m0,90920.0,09_20,3.0,24.14285714,Month_06,group2,NA,no,no
41-0_11_20,4000.0,TATGGTAATTGTGTGCCAGCMGCCGCGGTAA,ATTAGAWACCCBDGTAGTCCGGCTGACTGACT,GGTAATAGAGTT,6.0,2B,Agf41-m0,121120.0,11_20,4.0,32.28571429,Month_08,group2,NA,no,no
41-1_01_21,4000.0,TATGGTAATTGTGTGCCAGCMGCCGCGGTAA,ATTAGAWACCCBDGTAGTCCGGCTGACTGACT,ATTTGAAGAGGT,6.0,10A,Agf41-m1,100121.0,01_21,5.0,40.71428571,Month_10,group2,16,yes,no
41-1_03_21,4000.0,TATGGTAATTGTGTGCCAGCMGCCGCGGTAA,ATTAGAWACCCBDGTAGTCCGGCTGACTGACT,AGACAGTAGGAG,6.0,8G,Agf41-m1,40321.0,03_21,6.0,48.28571429,Month_12,group2,16,yes,no
41-1_05_20,4000.0,TATGGTAATTGTGTGCCAGCMGCCGCGGTAA,ATTAGAWACCCBDGTAGTCCGGCTGACTGACT,TCACTGCTAGGA,7.0,1D,Agf41-m1,130520.0,05_20,1.0,6.142857143,Month_02,group2,16,yes,yes
41-1_05_21,4000.0,TATGGTAATTGTGTGCCAGCMGCCGCGGTAA,ATTAGAWACCCBDGTAGTCCGGCTGACTGACT,ATGTTCCTCATC,5.0,4C,Agf41-m1,20521.0,05_21,7.0,52.85714286,Month_14,group2,16,yes,no
41-1_09_20,4000.0,TATGGTAATTGTGTGCCAGCMGCCGCGGTAA,ATTAGAWACCCBDGTAGTCCGGCTGACTGACT,GCCAAGGATAGG,6.0,5F,Agf41-m1,90920.0,09_20,3.0,24.14285714,Month_06,group2,16,yes,no
41-1_11_20,4000.0,TATGGTAATTGTGTGCCAGCMGCCGCGGTAA,ATTAGAWACCCBDGTAGTCCGGCTGACTGACT,GCCTCTACGTCG,1.0,10A,Agf41-m1,121120.0,11_20,4.0,32.28571429,Month_08,group2,16,yes,no
42-1_03_21,4000.0,TATGGTAATTGTGTGCCAGCMGCCGCGGTAA,ATTAGAWACCCBDGTAGTCCGGCTGACTGACT,ACGCGAACTAAT,7.0,2H,Agf42-m1,40321.0,03_21,6.0,49.14285714,Month_12,group2,4,yes,no
42-1_05_21,4000.0,TATGGTAATTGTGTGCCAGCMGCCGCGGTAA,ATTAGAWACCCBDGTAGTCCGGCTGACTGACT,TTGGACGTCCAC,5.0,9F,Agf42-m1,20521.0,05_21,7.0,53.71428571,Month_14,group2,4,yes,no
42-1_06_21,4000.0,TATGGTAATTGTGTGCCAGCMGCCGCGGTAA,ATTAGAWACCCBDGTAGTCCGGCTGACTGACT,ACCTCAGTCAAG,2.0,12G,Agf42-m1,270521.0,06_21,8.0,65.14285714,Month_16,group2,4,yes,no
42-1_07_20,4000.0,TATGGTAATTGTGTGCCAGCMGCCGCGGTAA,ATTAGAWACCCBDGTAGTCCGGCTGACTGACT,GTGCGAGGACAA,6.0,8H,Agf42-m1,720.0,07_20,2.0,15.14285714,Month_04,group2,4,yes,no
42-1_09_20,4000.0,TATGGTAATTGTGTGCCAGCMGCCGCGGTAA,ATTAGAWACCCBDGTAGTCCGGCTGACTGACT,AGAGCCAAGAGC,1.0,12F,Agf42-m1,90920.0,09_20,3.0,25.0,Month_06,group2,4,yes,no
42-1_11_20,4000.0,TATGGTAATTGTGTGCCAGCMGCCGCGGTAA,ATTAGAWACCCBDGTAGTCCGGCTGACTGACT,TATCCAAGCGCA,1.0,11F,Agf42-m1,121120.0,11_20,4.0,33.14285714,Month_08,group2,4,yes,no
43-0_01_21,4000.0,TATGGTAATTGTGTGCCAGCMGCCGCGGTAA,ATTAGAWACCCBDGTAGTCCGGCTGACTGACT,GTTGATACGATG,1.0,7E,Agf43-m0,100121.0,01_21,5.0,41.57142857,Month_10,group2,NA,no,no
43-0_03_21,4000.0,TATGGTAATTGTGTGCCAGCMGCCGCGGTAA,ATTAGAWACCCBDGTAGTCCGGCTGACTGACT,GTTCTAAGGTGA,2.0,9H,Agf43-m0,40321.0,03_21,6.0,49.14285714,Month_12,group2,NA,no,no
43-0_05_20,4000.0,TATGGTAATTGTGTGCCAGCMGCCGCGGTAA,ATTAGAWACCCBDGTAGTCCGGCTGACTGACT,CACGCTATTGGA,5.0,5H,Agf43-m0,130520.0,05_20,1.0,7.0,Month_02,group2,NA,no,yes
43-0_06_21,4000.0,TATGGTAATTGTGTGCCAGCMGCCGCGGTAA,ATTAGAWACCCBDGTAGTCCGGCTGACTGACT,ATGACTAAGATG,2.0,10H,Agf43-m0,270521.0,06_21,8.0,65.14285714,Month_16,group2,NA,no,no
43-0_07_20,4000.0,TATGGTAATTGTGTGCCAGCMGCCGCGGTAA,ATTAGAWACCCBDGTAGTCCGGCTGACTGACT,AGACACCAATGT,6.0,8C,Agf43-m0,720.0,07_20,2.0,15.14285714,Month_04,group2,NA,no,yes
43-0_09_21,4000.0,TATGGTAATTGTGTGCCAGCMGCCGCGGTAA,ATTAGAWACCCBDGTAGTCCGGCTGACTGACT,TGGTGTTTATAT,5.0,10C,Agf43-m0,50921.0,09_21,9.0,75.57142857,Month_18,group2,NA,no,no
43-0_11_20,4000.0,TATGGTAATTGTGTGCCAGCMGCCGCGGTAA,ATTAGAWACCCBDGTAGTCCGGCTGACTGACT,ACATGATATTCT,2.0,10C,Agf43-m0,121120.0,11_20,4.0,33.14285714,Month_08,group2,NA,no,no
43-1_01_21,4000.0,TATGGTAATTGTGTGCCAGCMGCCGCGGTAA,ATTAGAWACCCBDGTAGTCCGGCTGACTGACT,CTGGTCTTACGG,5.0,7E,Agf43-m1,100121.0,01_21,5.0,41.57142857,Month_10,group2,NA,no,no
43-1_05_21,4000.0,TATGGTAATTGTGTGCCAGCMGCCGCGGTAA,ATTAGAWACCCBDGTAGTCCGGCTGACTGACT,CAATAGAATAAG,5.0,8A,Agf43-m1,20521.0,05_21,7.0,53.71428571,Month_14,group2,NA,no,no
43-1_06_21,4000.0,TATGGTAATTGTGTGCCAGCMGCCGCGGTAA,ATTAGAWACCCBDGTAGTCCGGCTGACTGACT,CGGTGACCTACT,1.0,8C,Agf43-m1,270521.0,06_21,8.0,65.14285714,Month_16,group2,NA,no,no
43-1_07_20,4000.0,TATGGTAATTGTGTGCCAGCMGCCGCGGTAA,ATTAGAWACCCBDGTAGTCCGGCTGACTGACT,CGGATCTAGTGT,5.0,12A,Agf43-m1,720.0,07_20,2.0,15.14285714,Month_04,group2,NA,no,yes
44-0_01_21,4000.0,TATGGTAATTGTGTGCCAGCMGCCGCGGTAA,ATTAGAWACCCBDGTAGTCCGGCTGACTGACT,CTATGTATTAGT,1.0,1H,Agf44-m0,100121.0,01_21,5.0,41.42857143,Month_10,group2,NA,no,no
44-0_03_21,4000.0,TATGGTAATTGTGTGCCAGCMGCCGCGGTAA,ATTAGAWACCCBDGTAGTCCGGCTGACTGACT,CTTCCAACTCAT,5.0,5B,Agf44-m0,40321.0,03_21,6.0,49.0,Month_12,group2,NA,no,no
44-0_05_20,4000.0,TATGGTAATTGTGTGCCAGCMGCCGCGGTAA,ATTAGAWACCCBDGTAGTCCGGCTGACTGACT,GAACCGTGCAGG,3.0,2E,Agf44-m0,130520.0,05_20,1.0,6.857142857,Month_02,group2,NA,no,yes
44-0_05_21,4000.0,TATGGTAATTGTGTGCCAGCMGCCGCGGTAA,ATTAGAWACCCBDGTAGTCCGGCTGACTGACT,TCCTAGGTCCGA,6.0,10C,Agf44-m0,20521.0,05_21,7.0,53.57142857,Month_14,group2,NA,no,no
44-0_06_21,4000.0,TATGGTAATTGTGTGCCAGCMGCCGCGGTAA,ATTAGAWACCCBDGTAGTCCGGCTGACTGACT,AATTTAGGTAGG,1.0,8A,Agf44-m0,270521.0,06_21,8.0,65.0,Month_16,group2,NA,no,no
44-0_11_20,4000.0,TATGGTAATTGTGTGCCAGCMGCCGCGGTAA,ATTAGAWACCCBDGTAGTCCGGCTGACTGACT,TTGGAACGGCTT,6.0,1F,Agf44-m0,121120.0,11_20,4.0,33.0,Month_08,group2,NA,no,no
44-1_01_21,4000.0,TATGGTAATTGTGTGCCAGCMGCCGCGGTAA,ATTAGAWACCCBDGTAGTCCGGCTGACTGACT,CTTGTGCGACAA,5.0,11D,Agf44-m1,100121.0,01_21,5.0,41.42857143,Month_10,group2,NA,no,no
44-1_05_20,4000.0,TATGGTAATTGTGTGCCAGCMGCCGCGGTAA,ATTAGAWACCCBDGTAGTCCGGCTGACTGACT,CTACTCCACGAG,2.0,9D,Agf44-m1,130520.0,05_20,1.0,6.857142857,Month_02,group2,NA,no,no
44-1_06_21,4000.0,TATGGTAATTGTGTGCCAGCMGCCGCGGTAA,ATTAGAWACCCBDGTAGTCCGGCTGACTGACT,AGAAGGCCTTAT,6.0,1E,Agf44-m1,270521.0,06_21,8.0,65.0,Month_16,group2,NA,no,no
44-1_07_20,4000.0,TATGGTAATTGTGTGCCAGCMGCCGCGGTAA,ATTAGAWACCCBDGTAGTCCGGCTGACTGACT,GTAAACGACTTG,5.0,9E,Agf44-m1,720.0,07_20,2.0,15.0,Month_04,group2,NA,no,yes
44-1_09_20,4000.0,TATGGTAATTGTGTGCCAGCMGCCGCGGTAA,ATTAGAWACCCBDGTAGTCCGGCTGACTGACT,CTTTGATAATAA,6.0,9H,Agf44-m1,90920.0,09_20,3.0,24.85714286,Month_06,group2,NA,no,no
44-1_09_21,4000.0,TATGGTAATTGTGTGCCAGCMGCCGCGGTAA,ATTAGAWACCCBDGTAGTCCGGCTGACTGACT,TCCGGACTCCTG,5.0,10H,Agf44-m1,50921.0,09_21,9.0,75.42857143,Month_18,group2,NA,no,no
44-1_11_20,4000.0,TATGGTAATTGTGTGCCAGCMGCCGCGGTAA,ATTAGAWACCCBDGTAGTCCGGCTGACTGACT,ACAAAGGTATCA,5.0,8E,Agf44-m1,121120.0,11_20,4.0,33.0,Month_08,group2,NA,no,no
45-0_05_20,4000.0,TATGGTAATTGTGTGCCAGCMGCCGCGGTAA,ATTAGAWACCCBDGTAGTCCGGCTGACTGACT,ACCCAAGCGTTA,4.0,2E,Agf45-m0,130520.0,05_20,1.0,6.428571429,Month_02,group2,12,yes,yes
45-0_07_20,4000.0,TATGGTAATTGTGTGCCAGCMGCCGCGGTAA,ATTAGAWACCCBDGTAGTCCGGCTGACTGACT,CTCACCTAGGAA,4.0,1F,Agf45-m0,720.0,07_20,2.0,14.57142857,Month_04,group2,12,yes,yes
45-1_03_21,4000.0,TATGGTAATTGTGTGCCAGCMGCCGCGGTAA,ATTAGAWACCCBDGTAGTCCGGCTGACTGACT,CATTCGTGGCGT,5.0,6C,Agf45-m1,40321.0,03_21,6.0,48.57142857,Month_12,group2,17,yes,no
45-1_05_20,4000.0,TATGGTAATTGTGTGCCAGCMGCCGCGGTAA,ATTAGAWACCCBDGTAGTCCGGCTGACTGACT,CATGTCTTCCAT,2.0,11A,Agf45-m1,130520.0,05_20,1.0,6.428571429,Month_02,group2,17,yes,no
45-1_05_21,4000.0,TATGGTAATTGTGTGCCAGCMGCCGCGGTAA,ATTAGAWACCCBDGTAGTCCGGCTGACTGACT,TGGCAGCGAGCC,3.0,7E,Agf45-m1,20521.0,05_21,7.0,53.14285714,Month_14,group2,17,yes,no
45-1_06_21,4000.0,TATGGTAATTGTGTGCCAGCMGCCGCGGTAA,ATTAGAWACCCBDGTAGTCCGGCTGACTGACT,CTTGAGAAATCG,6.0,10F,Agf45-m1,270521.0,06_21,8.0,64.57142857,Month_16,group2,17,yes,no
45-2_01_21,4000.0,TATGGTAATTGTGTGCCAGCMGCCGCGGTAA,ATTAGAWACCCBDGTAGTCCGGCTGACTGACT,CATAAATTCTTG,6.0,10H,Agf45-m2,100121.0,01_21,5.0,41.0,Month_10,group2,NA,no,no
45-2_03_21,4000.0,TATGGTAATTGTGTGCCAGCMGCCGCGGTAA,ATTAGAWACCCBDGTAGTCCGGCTGACTGACT,CACGAAAGCAGG,5.0,3G,Agf45-m2,40321.0,03_21,6.0,48.57142857,Month_12,group2,NA,no,no
45-2_05_21,4000.0,TATGGTAATTGTGTGCCAGCMGCCGCGGTAA,ATTAGAWACCCBDGTAGTCCGGCTGACTGACT,AGTGTTTCGGAC,3.0,10E,Agf45-m2,20521.0,05_21,7.0,53.14285714,Month_14,group2,NA,no,no
45-2_07_20,4000.0,TATGGTAATTGTGTGCCAGCMGCCGCGGTAA,ATTAGAWACCCBDGTAGTCCGGCTGACTGACT,GCATTCGGCGTT,4.0,3F,Agf45-m2,720.0,07_20,2.0,14.57142857,Month_04,group2,NA,no,yes
45-2_11_20,4000.0,TATGGTAATTGTGTGCCAGCMGCCGCGGTAA,ATTAGAWACCCBDGTAGTCCGGCTGACTGACT,TGTTGCGTTTCT,6.0,2F,Agf45-m2,121120.0,11_20,4.0,32.57142857,Month_08,group2,NA,no,no
46-0_01_21,4000.0,TATGGTAATTGTGTGCCAGCMGCCGCGGTAA,ATTAGAWACCCBDGTAGTCCGGCTGACTGACT,CTACTTACATCC,4.0,10D,Agf46-m0,100121.0,01_21,5.0,41.57142857,Month_10,group2,NA,no,no
46-0_03_21,4000.0,TATGGTAATTGTGTGCCAGCMGCCGCGGTAA,ATTAGAWACCCBDGTAGTCCGGCTGACTGACT,CTAGTCGCTGGT,6.0,1D,Agf46-m0,40321.0,03_21,6.0,49.14285714,Month_12,group2,NA,no,no
46-0_05_20,4000.0,TATGGTAATTGTGTGCCAGCMGCCGCGGTAA,ATTAGAWACCCBDGTAGTCCGGCTGACTGACT,CTGATGTACACG,3.0,3C,Agf46-m0,130520.0,05_20,1.0,7.0,Month_02,group2,NA,no,yes
46-0_05_21,4000.0,TATGGTAATTGTGTGCCAGCMGCCGCGGTAA,ATTAGAWACCCBDGTAGTCCGGCTGACTGACT,TTACTTATCCGA,3.0,4D,Agf46-m0,20521.0,05_21,7.0,53.71428571,Month_14,group2,NA,no,no
46-0_07_20,4000.0,TATGGTAATTGTGTGCCAGCMGCCGCGGTAA,ATTAGAWACCCBDGTAGTCCGGCTGACTGACT,AATGGTTCAGCA,1.0,8H,Agf46-m0,720.0,07_20,2.0,15.14285714,Month_04,group2,NA,no,yes
46-0_11_20,4000.0,TATGGTAATTGTGTGCCAGCMGCCGCGGTAA,ATTAGAWACCCBDGTAGTCCGGCTGACTGACT,TTCCAATACTCA,2.0,11F,Agf46-m0,121120.0,11_20,4.0,33.14285714,Month_08,group2,NA,no,no
46-1_05_20,4000.0,TATGGTAATTGTGTGCCAGCMGCCGCGGTAA,ATTAGAWACCCBDGTAGTCCGGCTGACTGACT,GGAATCCGATTA,7.0,1B,Agf46-m1,130520.0,05_20,1.0,7.0,Month_02,group2,17,yes,no
46-1_05_21,4000.0,TATGGTAATTGTGTGCCAGCMGCCGCGGTAA,ATTAGAWACCCBDGTAGTCCGGCTGACTGACT,GTGCCATAATCG,1.0,11H,Agf46-m1,20521.0,05_21,7.0,53.71428571,Month_14,group2,17,yes,no
46-1_07_20,4000.0,TATGGTAATTGTGTGCCAGCMGCCGCGGTAA,ATTAGAWACCCBDGTAGTCCGGCTGACTGACT,CTCTGAGGTAAC,2.0,10A,Agf46-m1,720.0,07_20,2.0,15.14285714,Month_04,group2,17,yes,no
46-1_09_20,4000.0,TATGGTAATTGTGTGCCAGCMGCCGCGGTAA,ATTAGAWACCCBDGTAGTCCGGCTGACTGACT,CCTAACGGTCCA,1.0,4A,Agf46-m1,90920.0,09_20,3.0,25.0,Month_06,group2,17,yes,no
47-0_05_20,4000.0,TATGGTAATTGTGTGCCAGCMGCCGCGGTAA,ATTAGAWACCCBDGTAGTCCGGCTGACTGACT,CGAGGCGAGTCA,2.0,10F,Agf47-m0,130520.0,05_20,1.0,7.0,Month_02,group2,NA,no,no
47-0_05_21,4000.0,TATGGTAATTGTGTGCCAGCMGCCGCGGTAA,ATTAGAWACCCBDGTAGTCCGGCTGACTGACT,AGCTTCGACAGT,6.0,5A,Agf47-m0,20521.0,05_21,7.0,53.71428571,Month_14,group2,NA,no,no
47-0_06_21,4000.0,TATGGTAATTGTGTGCCAGCMGCCGCGGTAA,ATTAGAWACCCBDGTAGTCCGGCTGACTGACT,AGGATCAGGGAA,1.0,10D,Agf47-m0,270521.0,06_21,8.0,65.14285714,Month_16,group2,NA,no,no
47-0_09_21,4000.0,TATGGTAATTGTGTGCCAGCMGCCGCGGTAA,ATTAGAWACCCBDGTAGTCCGGCTGACTGACT,TGAGTATGAGTA,1.0,7H,Agf47-m0,50921.0,09_21,9.0,75.57142857,Month_18,group2,NA,no,no
47-0_11_20,4000.0,TATGGTAATTGTGTGCCAGCMGCCGCGGTAA,ATTAGAWACCCBDGTAGTCCGGCTGACTGACT,CATTTACATCAC,4.0,5G,Agf47-m0,121120.0,11_20,4.0,33.14285714,Month_08,group2,NA,no,no
47-1_01_21,4000.0,TATGGTAATTGTGTGCCAGCMGCCGCGGTAA,ATTAGAWACCCBDGTAGTCCGGCTGACTGACT,GTTGAAGCACCT,5.0,9D,Agf47-m1,100121.0,01_21,5.0,41.57142857,Month_10,group2,13,yes,no
47-1_03_21,4000.0,TATGGTAATTGTGTGCCAGCMGCCGCGGTAA,ATTAGAWACCCBDGTAGTCCGGCTGACTGACT,ACGCCGAGGTAG,6.0,4H,Agf47-m1,40321.0,03_21,6.0,49.14285714,Month_12,group2,13,yes,no
47-1_05_21,4000.0,TATGGTAATTGTGTGCCAGCMGCCGCGGTAA,ATTAGAWACCCBDGTAGTCCGGCTGACTGACT,CAGGGTAGGGTA,6.0,1C,Agf47-m1,20521.0,05_21,7.0,53.71428571,Month_14,group2,13,yes,no
47-1_07_20,4000.0,TATGGTAATTGTGTGCCAGCMGCCGCGGTAA,ATTAGAWACCCBDGTAGTCCGGCTGACTGACT,TGACTGCGTTAG,4.0,7B,Agf47-m1,720.0,07_20,2.0,15.14285714,Month_04,group2,13,yes,yes
