c_index,spearman,pearson,p_spearman,k,taxonomy_level,filter,Metabolites,Locate,Microbium,number
0.5714285714285714,0.2898855178262242,0.0299941066628577,0.5773517870348748,1000,0,2,1,0,0,1889
0.5,0.0869656553478672,0.0624046551835551,0.8698803787001028,50,0,2,1,0,0,1889
0.5,-0.0579771035652448,0.1229395416525023,0.9131317851623264,100,0,2,1,0,0,1889
0.5,0.0289885517826224,-0.0035698682669824,0.9565293523898406,250,0,2,1,0,0,1889
0.5,0.0289885517826224,-0.0981680956975411,0.9565293523898406,500,0,2,1,0,0,1889
0.4285714285714285,-0.2029198624783569,-0.2772353314274564,0.699797968157019,1889,0,2,1,0,0,1889
0.3571428571428571,-0.347862621391469,-0.1414785113089375,0.4992532181146331,25,0,2,1,0,0,1889
0.0714285714285714,-0.9276336570439174,-0.8121873741316956,0.0076658441874731,10,0,2,1,0,0,1889
0.6633663366336634,0.3886670702584256,0.442132779439948,0.1368070708879399,25,0,4,1,0,0,1889
0.6435643564356436,0.319369840677466,0.3767185909998503,0.2279142935553244,1889,0,4,1,0,0,1889
0.6138613861386139,0.2530855341217655,0.2469022184111929,0.3442783844731609,50,0,4,1,0,0,1889
0.5841584158415841,0.2470596880712473,0.0831395181246095,0.356273303996933,100,0,4,1,0,0,1889
0.495049504950495,0.0632713835304413,0.1575854405072047,0.8159259848446407,250,0,4,1,0,0,1889
0.4554455445544554,-0.1235298440356236,-0.0945733874545836,0.6485409110144607,10,0,4,1,0,0,1889
0.4455445544554455,-0.0662843065557004,0.2802265096674582,0.8073104097588493,1000,0,4,1,0,0,1889
0.3168316831683168,-0.4187963005110167,-0.4346444720038982,0.1064107273892742,500,0,4,1,0,0,1889
0.6243654822335025,0.3138894327101519,0.0054024894555459,0.1548569631422521,250,0,0,1,0,0,1889
0.6040609137055838,0.2446491166711478,0.0422048177494308,0.272508009347867,500,0,0,1,0,0,1889
0.5279187817258884,0.0755873450092461,0.1234240923315812,0.7381382330192856,1889,0,0,1,0,0,1889
0.4010152284263959,-0.2498421403740731,0.1167188232428885,0.2621351898731,10,0,0,1,0,0,1889
0.3959390862944162,-0.2504191430077314,-0.288140455273314,0.2609984122756975,1000,0,0,1,0,0,1889
0.299492385786802,-0.4610251042930355,-0.602861081512483,0.030812328769757,50,0,0,1,0,0,1889
0.2842639593908629,-0.5008382860154629,-0.5482502318964686,0.0175858660707055,100,0,0,1,0,0,1889
0.2791878172588832,-0.5389204598369153,-0.5840218985533869,0.0096542514962633,25,0,0,1,0,0,1889
0.768595041322314,0.6609312730354034,0.7394874999439971,0.0038694184301863,5,6,2,0,1,0,10
0.7603305785123967,0.6497501048825489,0.5700577784215549,0.0047553868149474,2,6,2,0,1,0,10
0.7603305785123967,0.6087524883220822,0.6892021027324122,0.0095032336436065,10,6,2,0,1,0,10
0.7520661157024794,0.6323571766447751,0.5454341519168335,0.006453322215102,3,6,2,0,1,0,10
0.7520661157024794,0.5528466475578092,0.6492957871172526,0.0213532248597962,7,6,2,0,1,0,10
0.743801652892562,0.5677548717616153,0.5581508930789179,0.017437139240792,9,6,2,0,1,0,10
0.7355371900826446,0.6186913044579528,0.5627757747036335,0.0081035336195772,4,6,2,0,1,0,10
0.7355371900826446,0.56278546369368,0.636657056283069,0.0186740828146792,6,6,2,0,1,0,10
0.7355371900826446,0.4894866946916333,0.492587968146315,0.0461223305391552,8,6,2,0,1,0,10
0.7272727272727273,0.6099948403390659,0.5495058629927551,0.0093184258456696,1,6,2,0,1,0,10
0.544973544973545,0.1458633905323655,0.0894426282414695,0.5171773521846454,1,6,4,0,1,0,10
0.492063492063492,0.0209206456540444,0.0269869363989356,0.926373576540856,2,6,4,0,1,0,10
0.4708994708994709,-0.0627619369621333,-0.2019123299812127,0.7814196864454722,3,6,4,0,1,0,10
0.4444444444444444,-0.1603916166810075,-0.2763591879424855,0.4758291999474547,4,6,4,0,1,0,10
0.4285714285714285,-0.1853801656566717,-0.2791241905815771,0.4088323949002824,7,6,4,0,1,0,10
0.4232804232804232,-0.1696896814161384,-0.2362325719848992,0.4502749627304352,9,6,4,0,1,0,10
0.4021164021164021,-0.2208290374593582,-0.3828020088055259,0.3233571525562779,10,6,4,0,1,0,10
0.3386243386243386,-0.4044658159781929,-0.3580663681893479,0.0618922016919356,6,6,4,0,1,0,10
0.3386243386243386,-0.3986545255187361,-0.3776800162790193,0.0660996479758269,8,6,4,0,1,0,10
0.2962962962962963,-0.4933785600078819,-0.6080228002593975,0.0196294966459027,5,6,4,0,1,0,10
0.9230769230769232,0.8106924338010206,0.7728000710587243,0.00803278561258,1,6,6,0,1,0,10
0.8461538461538461,0.6414269805898185,0.494780757028675,0.06260671943562,4,6,6,0,1,0,10
0.7692307692307693,0.5167050676973538,0.6591562291120152,0.1543541306570348,2,6,6,0,1,0,10
0.7692307692307693,0.5167050676973538,0.5076062324029127,0.1543541306570348,3,6,6,0,1,0,10
0.6923076923076923,0.4098005709323841,0.4050027678551733,0.2733446720509898,5,6,6,0,1,0,10
0.6923076923076923,0.3919831548048891,0.353602743357504,0.2967672578897983,6,6,6,0,1,0,10
0.6538461538461539,0.3474396144861517,0.374509805116642,0.3595914630543443,7,6,6,0,1,0,10
0.6153846153846154,0.2672612419124244,0.2226512449166163,0.4869154338816687,8,6,6,0,1,0,10
0.5769230769230769,0.2227177015936869,0.3189895219657874,0.5646219007110859,9,6,6,0,1,0,10
0.5,0.0534522483824848,0.08896440876652,0.8913669072666646,10,6,6,0,1,0,10
0.5649484536082474,0.1724827621960821,0.2027217367776972,0.241073802996528,2,6,0,0,1,0,10
0.5494845360824743,0.1262445809035943,0.1849076105322365,0.3925395458312151,3,6,0,0,1,0,10
0.5381443298969072,0.0864620884073131,0.0805707700447514,0.5589964683116115,4,6,0,0,1,0,10
0.5381443298969072,0.0912072955566615,0.0576789036460421,0.5375427401320719,8,6,0,0,1,0,10
0.520618556701031,0.0572735467560887,0.0119899754036538,0.6990073209202439,10,6,0,0,1,0,10
0.5175257731958763,0.0562803638643646,0.0730033859953046,0.7039862693908143,1,6,0,0,1,0,10
0.5164948453608248,0.0510937420964722,0.0491484819396654,0.7301829302917504,7,6,0,0,1,0,10
0.511340206185567,0.0261538161487341,0.1206669754574364,0.8599383093599616,9,6,0,0,1,0,10
0.5103092783505154,0.0327198585995766,-0.0021922428571063,0.825268884072283,6,6,0,0,1,0,10
0.4546391752577319,-0.1108502460818711,-0.1274837590656628,0.4532155222510294,5,6,0,0,1,0,10
0.768595041322314,0.6497501048825489,0.5845144126523852,0.0047553868149474,1,7,2,0,1,0,10
0.7272727272727273,0.5578160556257447,0.4421505683952024,0.019978624092483,2,7,2,0,1,0,10
0.7024793388429752,0.5043949188954394,0.4617152140191717,0.0389491159469508,3,7,2,0,1,0,10
0.6694214876033058,0.4621549503179888,0.4779887573429903,0.0617992547785104,9,7,2,0,1,0,10
0.6611570247933884,0.4522161341821181,0.4801333558793931,0.068379228212465,10,7,2,0,1,0,10
0.6363636363636364,0.3664938450102331,0.4531113560488706,0.1479223784670775,7,7,2,0,1,0,10
0.6198347107438017,0.3056185961780249,0.3391784653992705,0.2328990123713551,4,7,2,0,1,0,10
0.6115702479338843,0.3056185961780249,0.378066044805343,0.2328990123713551,5,7,2,0,1,0,10
0.6115702479338843,0.2882256679402511,0.3883637278044617,0.2619120418207573,6,7,2,0,1,0,10
0.5867768595041323,0.2472280513797843,0.3766455253854842,0.3387346959740436,8,7,2,0,1,0,10
0.7195767195767195,0.5340575932240794,0.430080811896446,0.0104620172846651,2,7,4,0,1,0,10
0.6931216931216931,0.4544429139295213,0.4058467738635184,0.0336079144575267,3,7,4,0,1,0,10
0.6613756613756614,0.3707603313133435,0.3603755118632379,0.0893820782491053,4,7,4,0,1,0,10
0.6402116402116402,0.3242700076376891,0.325868410093541,0.1409386167108238,5,7,4,0,1,0,10
0.6402116402116402,0.3155530719485039,0.3466801150018581,0.1525640000288116,6,7,4,0,1,0,10
0.6296296296296297,0.3149719429025583,0.2289096233256,0.1533622340742792,1,7,4,0,1,0,10
0.5925925925925926,0.215598876045847,0.153045674777064,0.3352379395109368,7,7,4,0,1,0,10
0.582010582010582,0.197583875621531,0.1918255267693329,0.3781071468964874,8,7,4,0,1,0,10
0.582010582010582,0.1824745204269433,0.0669716738395326,0.4163443825831862,9,7,4,0,1,0,10
0.5502645502645502,0.1301729062918322,0.0681616570197439,0.5636753685590318,10,7,4,0,1,0,10
0.5769230769230769,0.1781741612749496,0.0355010606537694,0.6464923925578092,1,7,6,0,1,0,10
0.5384615384615384,0.1069044967649697,0.0012060807749764,0.7842794289221957,2,7,6,0,1,0,10
0.4615384615384615,-0.0801783725737273,-0.055386261189791,0.8375344564769127,3,7,6,0,1,0,10
0.4615384615384615,-0.1247219128924647,-0.0779932267776653,0.749189240389827,8,7,6,0,1,0,10
0.4615384615384615,-0.0623609564462323,-0.1559813114091489,0.8733702885398689,9,7,6,0,1,0,10
0.4230769230769231,-0.1692654532112021,-0.1849322979531404,0.6633023864318675,7,7,6,0,1,0,10
0.4230769230769231,-0.1247219128924647,-0.1881730222013853,0.749189240389827,10,7,6,0,1,0,10
0.3846153846153846,-0.2583525338486769,-0.2729054801620405,0.5020906316318055,5,7,6,0,1,0,10
0.3846153846153846,-0.2939873661036668,-0.2547317629951192,0.4425691047460786,6,7,6,0,1,0,10
0.3076923076923077,-0.427617987059879,-0.3320321104755117,0.2509275834745887,4,7,6,0,1,0,10
0.6422680412371135,0.3516970973249609,0.3324287224791019,0.0142351725831161,4,7,0,0,1,0,10
0.6412371134020619,0.353076518007911,0.2983674408946615,0.0138335393413347,2,7,0,0,1,0,10
0.6298969072164948,0.3227844398103265,0.2546510401170128,0.025244700801016,3,7,0,0,1,0,10
0.6268041237113402,0.31632875101412,0.2353451802749821,0.0284946881692779,8,7,0,0,1,0,10
0.6082474226804123,0.2581723750209432,0.179252151699827,0.0764455442277323,5,7,0,0,1,0,10
0.6,0.243660869436308,0.117625645484254,0.0951387856239057,7,7,0,0,1,0,10
0.5958762886597938,0.2378673025679175,0.1087814977338065,0.1035218133320521,1,7,0,0,1,0,10
0.588659793814433,0.2425021560626299,0.1698452236209172,0.0967718698911367,10,7,0,0,1,0,10
0.5773195876288659,0.2013402428833985,0.1187750068365788,0.1699837278923452,9,7,0,0,1,0,10
0.5628865979381443,0.1750208962527103,0.1126969670158399,0.2341141994951119,6,7,0,0,1,0,10
0.7024793388429752,0.4770631745217949,0.3182296439543167,0.0528248264831772,5,6,2,0,0,1,35
0.6363636363636364,0.3503432687894431,0.3990009206411217,0.168005889542423,35,6,2,0,0,1,35
0.6115702479338843,0.3130727082799279,0.361197326206562,0.2211175563293194,30,6,2,0,0,1,35
0.5950413223140496,0.2720750917194612,0.0636817434556346,0.2907659467995391,10,6,2,0,0,1,35
0.5950413223140496,0.2546821634816874,0.2616083011607345,0.323891846521284,15,6,2,0,0,1,35
0.5950413223140496,0.2509551074307359,0.2179469185966759,0.331265120555328,20,6,2,0,0,1,35
0.5785123966942148,0.2447433473458166,0.1797668037645989,0.3437677218267813,25,6,2,0,0,1,35
0.5555555555555556,0.1266861320161581,0.1107670874265387,0.5742543068163446,35,6,4,0,0,1,35
0.544973544973545,0.0772901631107753,0.0738025342790088,0.7324458873655164,25,6,4,0,0,1,35
0.5291005291005291,0.032543226572958,0.0656486016446561,0.885683024682952,30,6,4,0,0,1,35
0.5079365079365079,0.0674109693296988,0.0424276546896306,0.7656511481347456,15,6,4,0,0,1,35
0.492063492063492,-0.0389356460783605,-0.1171361929876659,0.863414824924744,20,6,4,0,0,1,35
0.3756613756613756,-0.3143908138566126,-0.3481071793824226,0.154163393057483,10,6,4,0,0,1,35
0.365079365079365,-0.3236888785917435,-0.3884513708297256,0.1416934857697667,5,6,4,0,0,1,35
0.5769230769230769,0.1692654532112021,-0.0286378847046663,0.6633023864318675,25,6,6,0,0,1,35
0.5384615384615384,0.1069044967649697,-0.0560550018720521,0.7842794289221957,20,6,6,0,0,1,35
0.5,0.0089087080637474,-0.0638963437967572,0.9818525292272404,5,6,6,0,0,1,35
0.5,0.0,-0.0270912707806472,1.0,15,6,6,0,0,1,35
0.5,0.0,0.0490790816776576,1.0,30,6,6,0,0,1,35
0.4230769230769231,-0.1069044967649697,0.0130646463562628,0.7842794289221957,35,6,6,0,0,1,35
0.3846153846153846,-0.2316264096574344,-0.2992361386556581,0.5487251201506088,10,6,6,0,0,1,35
0.6134020618556701,0.2931544835405581,0.2615946624705001,0.0431593879708809,5,6,0,0,0,1,35
0.5618556701030928,0.1871597982626713,0.1690653081083244,0.2027372944925523,30,6,0,0,0,1,35
0.5597938144329897,0.1633234088612934,0.0865064671858965,0.2673531436801887,20,6,0,0,0,1,35
0.5494845360824743,0.1393766658052794,0.1246262439487056,0.3447617690911573,15,6,0,0,0,1,35
0.5371134020618556,0.1164782824683075,0.0929220448312557,0.4304613928746336,25,6,0,0,0,1,35
0.5175257731958763,0.0334371573547107,0.0073218599459765,0.8215001244672078,35,6,0,0,0,1,35
0.5154639175257731,0.0497143214135221,0.0488753425300928,0.7372031316613348,10,6,0,0,0,1,35
0.6611570247933884,0.3838867732480069,0.2274554299155881,0.1282022135823639,5,7,2,0,0,1,35
0.6446280991735537,0.3851291252649907,0.3984456573003747,0.1268675733824116,30,7,2,0,0,1,35
0.6198347107438017,0.3105880042459602,0.3660623974202192,0.2250013259974299,35,7,2,0,0,1,35
0.6033057851239669,0.3068609481950087,0.1258672305902545,0.2309083047948773,10,7,2,0,0,1,35
0.5867768595041323,0.2695903876854935,0.1736864630869838,0.2953682831524125,25,7,2,0,0,1,35
0.5785123966942148,0.1739292823777377,0.1994473205489475,0.5043743489056334,15,7,2,0,0,1,35
0.5454545454545454,0.1329316658172709,0.1394392757776885,0.6110254277202223,20,7,2,0,0,1,35
0.5978835978835979,0.2307082312404347,0.1753241950398959,0.3016171887648833,35,7,4,0,0,1,35
0.5661375661375662,0.1545803262215507,0.1406590087091589,0.4921646242905013,30,7,4,0,0,1,35
0.544973544973545,0.0953051635350914,0.0260982281891197,0.6731053564049412,25,7,4,0,0,1,35
0.492063492063492,-0.032543226572958,-0.1059972846491593,0.885683024682952,20,7,4,0,0,1,35
0.4867724867724867,-0.0395167751243062,-0.0985879353596039,0.8613951463701651,15,7,4,0,0,1,35
0.4126984126984127,-0.197583875621531,-0.2442313906174181,0.3781071468964874,10,7,4,0,0,1,35
0.3703703703703703,-0.3085795233971558,-0.3630605852245865,0.1623367436443627,5,7,4,0,0,1,35
0.5384615384615384,0.0712696645099798,-0.07897701650414,0.8554237860075906,5,7,6,0,0,1,35
0.5384615384615384,0.1247219128924647,0.0136596195680059,0.749189240389827,25,7,6,0,0,1,35
0.5,0.0,-0.0957349580760846,1.0,15,7,6,0,0,1,35
0.5,0.0,-0.083635460614886,1.0,20,7,6,0,0,1,35
0.4230769230769231,-0.187082869338697,-0.3193512964451095,0.6298196232304643,10,7,6,0,0,1,35
0.4230769230769231,-0.1069044967649697,-0.0286060517256697,0.7842794289221957,35,7,6,0,0,1,35
0.3846153846153846,-0.2138089935299395,-0.0266775580841015,0.5806854885646506,30,7,6,0,0,1,35
0.6185567010309279,0.2985066357904045,0.2801976055912363,0.0393177041761235,5,7,0,0,0,1,35
0.5701030927835051,0.1839043654509091,0.1712377913098049,0.2108448960511773,20,7,0,0,0,1,35
0.565979381443299,0.1642062380983814,0.1188397828617934,0.2647404039135269,15,7,0,0,0,1,35
0.5443298969072164,0.1143815630302234,0.0840390399869397,0.4388625174133755,30,7,0,0,0,1,35
0.5412371134020618,0.1380524219496473,0.1521505814403179,0.3494100265037778,25,7,0,0,0,1,35
0.5257731958762887,0.0716195218587698,0.0124832746361656,0.6285724953930056,35,7,0,0,0,1,35
0.511340206185567,0.0552871809726405,0.0564487077702302,0.708977517397608,10,7,0,0,0,1,35
